/*ALTER SESSION SET "_ORACLE_SCRIPT" = TRUE;

CREATE USER finalProject IDENTIFIED BY finalProject1234;

GRANT CONNECT, RESOURCE TO finalProject;

ALTER USER finalProject DEFAULT TABLESPACE SYSTEM QUOTA UNLIMITED ON SYSTEM;*/


------------------------------------------------------------

-- 1. 기존 테이블 삭제 (FK 순서 고려)
DROP TABLE REVIEW CASCADE CONSTRAINTS;
DROP TABLE POINT_TRANSACTION CASCADE CONSTRAINTS;
DROP TABLE POINT_USAGE CASCADE CONSTRAINTS;
DROP TABLE COMPANY CASCADE CONSTRAINTS;
DROP TABLE PRODUCT CASCADE CONSTRAINTS;
DROP TABLE BOARD CASCADE CONSTRAINTS;
DROP TABLE MEMBER CASCADE CONSTRAINTS;
DROP TABLE REPLY CASCADE CONSTRAINTS;
DROP TABLE BOARD_TYPE CASCADE CONSTRAINTS;
DROP TABLE CATEGORY CASCADE CONSTRAINTS;
DROP TABLE PRODUCT_OPTION CASCADE CONSTRAINTS;
DROP TABLE CART CASCADE CONSTRAINTS;
DROP TABLE "ORDER" CASCADE CONSTRAINTS;
DROP TABLE PICK CASCADE CONSTRAINTS;
DROP TABLE RECRUITMENT_PARTICIPANT CASCADE CONSTRAINTS;
DROP TABLE RECRUITMENT_ROOM CASCADE CONSTRAINTS;
DROP TABLE IMG CASCADE CONSTRAINTS;
DROP TABLE CHAT_MESSAGE CASCADE CONSTRAINTS;
DROP TABLE CHAT_NOTIFICATION CASCADE CONSTRAINTS;
DROP TABLE CHAT_ROOM CASCADE CONSTRAINTS;
DROP TABLE CHAT_ROOM_USER CASCADE CONSTRAINTS;
DROP TABLE CHAT_EMOJI CASCADE CONSTRAINTS;
DROP TABLE CHAT_FAQ CASCADE CONSTRAINTS;

-- 2. 시퀀스 삭제
DROP SEQUENCE SEQ_MEMBER_NO;
DROP SEQUENCE SEQ_BOARD_NO;
DROP SEQUENCE SEQ_PRODUCT_NO;
DROP SEQUENCE SEQ_REVIEW_NO;
DROP SEQUENCE SEQ_USAGE_NO;
DROP SEQUENCE SEQ_TRANSACTION_NO;
DROP SEQUENCE SEQ_REPLY_NO;
DROP SEQUENCE SEQ_BOARD_TYPE_NO;
DROP SEQUENCE SEQ_CATEGORY_NO;
DROP SEQUENCE SEQ_PRODUCT_OPTION_NO;
DROP SEQUENCE SEQ_ORDER_NO;
DROP SEQUENCE SEQ_RECRUITMENT_NO;
DROP SEQUENCE SEQ_IMG_NO;
DROP SEQUENCE SEQ_MESSAGE_NO;
DROP SEQUENCE SEQ_NOTI_ID;
DROP SEQUENCE SEQ_ROOM_NO;
DROP SEQUENCE SEQ_EMOJI_NO;
DROP SEQUENCE SEQ_FAQ_NO;

------------------------------------------------------------------------------------------------

-- 2. 테이블 생성 (FK 순서 고려)
-- 회원 정보 테이블
CREATE TABLE MEMBER (
    MEMBER_NO NUMBER PRIMARY KEY, -- 회원 고유 번호
    MEMBER_ID VARCHAR2(30) NOT NULL UNIQUE, -- 회원 아이디
    MEMBER_PW VARCHAR2(100) NOT NULL, -- 회원 비밀번호 (암호화 저장)
    MEMBER_NICK VARCHAR2(30) NOT NULL UNIQUE, -- 닉네임
    MEMBER_NAME VARCHAR2(30) NOT NULL, -- 회원 이름
    MEMBER_ADDR VARCHAR2(500), -- 회원 주소
    MEMBER_TEL CHAR(11) NOT NULL, -- 회원 전화번호
    PROFILE_IMG VARCHAR2(300), -- 프로필 이미지 URL
    ENROLL_DATE DATE DEFAULT SYSDATE, -- 가입일
    MEMBER_EMAIL VARCHAR2(50) NOT NULL UNIQUE, -- 이메일
    MEMBER_DEL_FL CHAR(1) DEFAULT 'N' CHECK (MEMBER_DEL_FL IN ('Y', 'N')), -- 탈퇴 여부
    AUTHORITY NUMBER DEFAULT 2, -- 권한 (관리자=1, 일반회원=2)
    MEMBER_GRADE NUMBER DEFAULT 9, -- 회원 등급
    MEMBER_BIRTH DATE NOT NULL, -- 생년월일
    POINT NUMBER DEFAULT 0 -- 보유 포인트
);

-- 사업자 정보 테이블
CREATE TABLE COMPANY (
    MEMBER_NO NUMBER PRIMARY KEY, -- 회원 고유 번호 (사업자)
    BUSINESS_NO NUMBER NOT NULL UNIQUE, -- 사업자 등록 번호
    BANK_NAME VARCHAR2(50) NOT NULL, -- 은행명
    BANK_NO NUMBER NOT NULL, -- 계좌번호
    PERMISSION_FL CHAR(1) DEFAULT 'N' CHECK (PERMISSION_FL IN ('Y', 'N')), -- 상품 판매 허가 여부
    FOREIGN KEY (MEMBER_NO) REFERENCES MEMBER(MEMBER_NO)
);

-- 게시판 종류 테이블
CREATE TABLE BOARD_TYPE (
    BOARD_CD NUMBER PRIMARY KEY, -- 게시판 코드(1:모집, 2:브랜드, 3:공지사항, 4: FAQ, 5 :문의,6: 1대1문의 , 7: 광고 문의 ,8:제휴문의, 9:회원/계정, 10:공동구매, 11: 결제/환불, 12:수령/배송 13:기타)
    BOARD_NAME VARCHAR2(50) NOT NULL, -- 게시판 이름
    PARENT_BOARD_CD NUMBER, -- 부모 게시판 코드(1:모집, 2:브랜드, 3:공지사항, 4: FAQ 5:문의)
    FOREIGN KEY (PARENT_BOARD_CD) REFERENCES BOARD_TYPE(BOARD_CD) 
);

-- 게시판 정보 테이블
CREATE TABLE BOARD (
    BOARD_NO NUMBER PRIMARY KEY, -- 게시글 고유 번호
    BOARD_TITLE VARCHAR2(100) NOT NULL, -- 게시글 제목
    BOARD_CONTENT VARCHAR2(2000) NOT NULL, -- 게시글 내용
    B_CREATE_DATE DATE DEFAULT SYSDATE NOT NULL, -- 작성일
    B_UPDATE_DATE DATE, -- 수정일
    BOARD_DEL_FL CHAR(1) DEFAULT 'N' CHECK (BOARD_DEL_FL IN ('Y', 'N')), -- 게시글 삭제 여부
    MEMBER_NO NUMBER NOT NULL, -- 작성자 회원 번호
    BOARD_CD NUMBER NOT NULL, -- 게시판 코드
    FOREIGN KEY (MEMBER_NO) REFERENCES MEMBER(MEMBER_NO),
    FOREIGN KEY (BOARD_CD) REFERENCES BOARD_TYPE(BOARD_CD)
);

-- 상품 카테고리 테이블
CREATE TABLE CATEGORY (
    CATEGORY_NO NUMBER PRIMARY KEY, -- 카테고리 번호
    CATEGORY_NAME VARCHAR2(50) NOT NULL, -- 카테고리 이름
    PARENT_CATEGORY_NO NUMBER, -- 부모 카테고리 번호
    FOREIGN KEY (PARENT_CATEGORY_NO) REFERENCES CATEGORY(CATEGORY_NO)
);

-- 상품 정보 테이블
CREATE TABLE PRODUCT (
    BOARD_NO NUMBER PRIMARY KEY, -- 게시글 번호 (상품 게시글)
    PRODUCT_PRICE NUMBER NOT NULL, -- 상품 가격
    PRODUCT_COUNT NUMBER NOT NULL, -- 상품 재고 수량
    DELIVERY_FEE NUMBER NOT NULL, -- 배송비
    READ_COUNT NUMBER DEFAULT 0, -- 조회수
    CATEGORY_NO NUMBER NOT NULL, -- 카테고리 번호
    FOREIGN KEY (CATEGORY_NO) REFERENCES BOARD(BOARD_NO)
);


-- 상품 옵션 테이블
CREATE TABLE PRODUCT_OPTION (
    OPTION_NO NUMBER PRIMARY KEY, -- 옵션 번호
    OPTION_NAME VARCHAR2(50) NOT NULL, -- 옵션 이름
    BOARD_NO NUMBER NOT NULL, -- 게시글 번호
    FOREIGN KEY (BOARD_NO) REFERENCES BOARD(BOARD_NO)
);

-- 리뷰 정보 테이블
CREATE TABLE REVIEW (
    REVIEW_NO NUMBER PRIMARY KEY, -- 리뷰 번호
    REVIEW_CONTENT VARCHAR2(3000) NOT NULL, -- 리뷰 내용
    REVIEW_STAR NUMBER NOT NULL, -- 별점
    REVIEW_CREATED_DATE DATE DEFAULT SYSDATE NOT NULL, -- 작성일
    REVIEW_UPDATE_DATE DATE, -- 수정일
    REVIEW_DEL_FL CHAR(1) DEFAULT 'N' CHECK (REVIEW_DEL_FL IN ('Y', 'N')), -- 삭제 여부
    REVIEW_TYPE NUMBER NOT NULL, -- 리뷰 유형(1:모집 2:브랜드)
    REVIEW_TYPE_NO NUMBER NOT NULL, -- 유형 번호
    MEMBER_NO NUMBER NOT NULL, -- 작성자 회원 번호
    FOREIGN KEY (MEMBER_NO) REFERENCES MEMBER(MEMBER_NO)
);

-- 포인트 사용 내역 테이블
CREATE TABLE POINT_USAGE (
    USAGE_NO NUMBER PRIMARY KEY, -- 포인트 사용 내역 고유 번호
    USED_AMOUNT NUMBER NOT NULL, -- 사용한 포인트 금액
    USAGE_TYPE VARCHAR2(100) NOT NULL, -- 사용 유형 (1:상품 구매,2:공동구매)
    USAGE_TYPE_NO NUMBER NOT NULL, -- 유형 번호(식별 번호)
    STATUS VARCHAR2(20) NOT NULL, -- 사용 상태 ('대기', '완료', '취소' )
    USED_DATE DATE DEFAULT SYSDATE NOT NULL, -- 사용 날짜
    MEMBER_NO NUMBER NOT NULL, -- 회원 번호
    FOREIGN KEY (MEMBER_NO) REFERENCES MEMBER(MEMBER_NO)
);

-- 포인트 충전 내역 테이블
CREATE TABLE POINT_TRANSACTION (
    TRANSACTION_NO NUMBER PRIMARY KEY, -- 포인트 충전 내역 고유 번호
    AMOUNT NUMBER NOT NULL, -- 충전한 포인트 금액
    PAYMENT_METHOD VARCHAR2(50) NOT NULL, -- 결제 방식 (간편결제, 계좌이체 등)
    CHARGED_DATE DATE DEFAULT SYSDATE NOT NULL, -- 충전 날짜
    MEMBER_NO NUMBER NOT NULL, -- 회원 번호
    FOREIGN KEY (MEMBER_NO) REFERENCES MEMBER(MEMBER_NO)
);

-- 댓글 테이블
CREATE TABLE REPLY (
    REPLY_NO NUMBER PRIMARY KEY, -- 댓글 고유 번호
    REPLY_CREATE_DATE DATE DEFAULT SYSDATE NOT NULL, -- 작성일
    REPLY_DEL_FL CHAR(1) DEFAULT 'N' CHECK (REPLY_DEL_FL IN ('Y', 'N')), -- 댓글 삭제 여부(Y: 삭제O, N: 삭제 X)
    REPLY_CONTENT VARCHAR2(1000) NOT NULL, -- 댓글 내용
    SECRET_REPLY_STATUS CHAR(1) DEFAULT 'N' CHECK (SECRET_REPLY_STATUS IN ('Y', 'N')), -- 비밀글 여부
    MEMBER_NO NUMBER NOT NULL, -- 작성자 회원 번호
    BOARD_NO NUMBER NOT NULL, -- 게시글 번호
    PARENT_REPLY_NO NUMBER, -- 부모 댓글 번호
    FOREIGN KEY (MEMBER_NO) REFERENCES MEMBER(MEMBER_NO),
    FOREIGN KEY (BOARD_NO) REFERENCES BOARD(BOARD_NO)
);



-- 장바구니 테이블
CREATE TABLE CART (
    BOARD_NO NUMBER NOT NULL, -- 게시글 번호
    MEMBER_NO NUMBER NOT NULL, -- 회원 번호
    ADDED_DATE DATE DEFAULT SYSDATE NOT NULL, -- 장바구니에 담은 시간
    PRIMARY KEY (BOARD_NO, MEMBER_NO),
    FOREIGN KEY (BOARD_NO) REFERENCES BOARD(BOARD_NO),
    FOREIGN KEY (MEMBER_NO) REFERENCES MEMBER(MEMBER_NO)
);

-- 주문 테이블
CREATE TABLE "ORDER" (
    ORDER_NO NUMBER PRIMARY KEY, -- 주문 고유 번호
    QUANTITY NUMBER NOT NULL, -- 구매 수량
    DELIVERY_ADDR VARCHAR2(500) NOT NULL, -- 배송지
    TRACKING_NO VARCHAR2(50), -- 운송장 번호 (배송 시작 후 부여)
    BOARD_NO NUMBER NOT NULL, -- 게시글 번호
    MEMBER_NO NUMBER NOT NULL, -- 주문한 회원 번호
    FOREIGN KEY (BOARD_NO) REFERENCES BOARD(BOARD_NO),
    FOREIGN KEY (MEMBER_NO) REFERENCES MEMBER(MEMBER_NO)
);

-- 찜 테이블
CREATE TABLE PICK (
    MEMBER_NO NUMBER NOT NULL, -- 회원 번호
    BOARD_NO NUMBER NOT NULL, -- 게시글 번호
    PRIMARY KEY (MEMBER_NO, BOARD_NO),
    FOREIGN KEY (MEMBER_NO) REFERENCES MEMBER(MEMBER_NO),
    FOREIGN KEY (BOARD_NO) REFERENCES BOARD(BOARD_NO)
);

-- 공동구매 모집방 테이블
CREATE TABLE RECRUITMENT_ROOM (
    RECRUITMENT_NO NUMBER PRIMARY KEY, -- 모집방 고유 번호
    MAX_PARTICIPANTS VARCHAR2(500) NOT NULL, -- 모집 최대 인원
    RECRUITMENT_STATUS VARCHAR2(500) NOT NULL, -- 모집 상태 (모집 중, 완료 등)
    REC_CREATED_DATE DATE DEFAULT SYSDATE NOT NULL, -- 모집 생성일
    REC_END_DATE DATE NOT NULL, -- 모집 마감일
    REGION NUMBER NOT NULL, -- 지역
    PRODUCT_URL VARCHAR2(500) NOT NULL, -- 상품 URL
    QR_CODE NUMBER NOT NULL, -- QR 코드
    MEMBER_NO NUMBER NOT NULL, -- 회원 번호 (방장)
    BOARD_NO NUMBER NOT NULL, -- 게시글 번호
    FOREIGN KEY (MEMBER_NO) REFERENCES MEMBER(MEMBER_NO),
    FOREIGN KEY (BOARD_NO) REFERENCES BOARD(BOARD_NO)
);

-- 공동구매 참가자 테이블
CREATE TABLE RECRUITMENT_PARTICIPANT (
    MEMBER_NO NUMBER NOT NULL, -- 회원 번호
    JOIN_DATE DATE DEFAULT SYSDATE NOT NULL, -- 참가일
    CANCEL_DATE DATE, -- 취소일
    RECRUITMENT_NO NUMBER NOT NULL, -- 모집방 번호
    PRIMARY KEY (MEMBER_NO, RECRUITMENT_NO),
    FOREIGN KEY (MEMBER_NO) REFERENCES MEMBER(MEMBER_NO),
    FOREIGN KEY (RECRUITMENT_NO) REFERENCES RECRUITMENT_ROOM(RECRUITMENT_NO)
);



-- 이미지 테이블
CREATE TABLE IMG (
    IMG_NO NUMBER PRIMARY KEY, -- 이미지 고유 번호
    IMG_RENAME VARCHAR2(500) NOT NULL, -- 이미지 저장 경로 + 변경명
    IMG_ORIGINAL VARCHAR2(500) NOT NULL, -- 원본명
    IMG_LEVEL NUMBER NOT NULL, -- 이미지 위치 지정 번호
    IMG_TYPE NUMBER NOT NULL, -- 게시판 유형 (1: 브랜드 상품, 2: 개인 모공, 3: 브랜드 리뷰 등)
    IMG_TYPE_NO NUMBER NOT NULL -- 유형 번호 (특정 게시물과 연계)
);

-- 채팅방 테이블
CREATE TABLE CHAT_ROOM (
    ROOM_NO NUMBER PRIMARY KEY, -- 채팅방 고유 번호
    ROOM_NAME VARCHAR2(255) NOT NULL, -- 채팅방 이름
    GROUP_FL CHAR(1) DEFAULT 'N' CHECK (GROUP_FL IN ('Y', 'N')), -- 그룹 채팅 여부 (N:1:1, Y: 그룹 채팅)
    CREATED_DATE DATE DEFAULT SYSDATE NOT NULL, -- 생성 날짜
    ROOM_DELETED_FL CHAR(1) DEFAULT 'N' CHECK (ROOM_DELETED_FL IN ('Y', 'N')), -- 채팅방 삭제 여부 (Y: 삭제 O, N: 삭제 X)
    OWNER_MEMBER_NO NUMBER NOT NULL, -- 채팅방 만든 사람
    FOREIGN KEY (OWNER_MEMBER_NO) REFERENCES MEMBER(MEMBER_NO)
);

-- 채팅 메시지 테이블
CREATE TABLE CHAT_MESSAGE (
    MESSAGE_NO NUMBER PRIMARY KEY, -- 메시지 고유 번호
    MESSAGE_CONTENT VARCHAR2(1000) NOT NULL, -- 메시지 내용
    MESSAGE_TYPE VARCHAR2(10) NOT NULL, -- 메시지 타입 (TEXT, IMAGE, EMOJI 등)
    SEND_DATE DATE DEFAULT SYSDATE NOT NULL, -- 보낸 시간
    MESSAGE_DEL_FL CHAR(1) DEFAULT 'N' CHECK (MESSAGE_DEL_FL IN ('Y', 'N')), -- 삭제 여부 ('N': 정상, 'Y': 삭제됨)
    MEMBER_NO NUMBER NOT NULL, -- 회원 번호
    ROOM_NO NUMBER NOT NULL, -- 채팅방 번호
    FOREIGN KEY (MEMBER_NO) REFERENCES MEMBER(MEMBER_NO),
    FOREIGN KEY (ROOM_NO) REFERENCES CHAT_ROOM(ROOM_NO)
);

-- 채팅 알림 테이블
CREATE TABLE CHAT_NOTIFICATION (
    NOTI_ID NUMBER PRIMARY KEY, -- 알림 ID
    UNREAD_COUNT NUMBER NOT NULL, -- 읽지 않은 메시지 개수
    MEMBER_NO NUMBER NOT NULL, -- 회원 번호
    MESSAGE_NO NUMBER NOT NULL, -- 마지막으로 읽지 않은 메시지 번호
    ROOM_NO NUMBER NOT NULL, -- 채팅방 번호
    FOREIGN KEY (MEMBER_NO) REFERENCES MEMBER(MEMBER_NO),
    FOREIGN KEY (MESSAGE_NO) REFERENCES CHAT_MESSAGE(MESSAGE_NO),
    FOREIGN KEY (ROOM_NO) REFERENCES CHAT_ROOM(ROOM_NO)
);



-- 채팅방-사용자 테이블
CREATE TABLE CHAT_ROOM_USER (
    JOINED_DATE DATE DEFAULT SYSDATE NOT NULL, -- 가입한 시간
    MEMBER_NO NUMBER NOT NULL, -- 회원 번호
    ROOM_NO NUMBER NOT NULL, -- 채팅방 번호
    PRIMARY KEY (MEMBER_NO, ROOM_NO),
    FOREIGN KEY (MEMBER_NO) REFERENCES MEMBER(MEMBER_NO),
    FOREIGN KEY (ROOM_NO) REFERENCES CHAT_ROOM(ROOM_NO)
);

-- 이모티콘 테이블
CREATE TABLE CHAT_EMOJI (
    EMOJI_NO NUMBER PRIMARY KEY, -- 이모티콘 고유 번호
    MESSAGE_ID NUMBER NOT NULL, -- 메시지 ID
    EMOJI_CODE VARCHAR2(50) NOT NULL, -- 이모티콘 코드
    FOREIGN KEY (MESSAGE_ID) REFERENCES CHAT_MESSAGE(MESSAGE_NO)
);

-- 채팅 FAQ 테이블
CREATE TABLE CHAT_FAQ (
    FAQ_NO NUMBER PRIMARY KEY, -- 질문 번호
    FAQ_MENU VARCHAR2(500) NOT NULL, -- 질문 내용
    FAQ_MENU_ANSWER VARCHAR2(2000) NOT NULL, -- 질문 답변
    ROOM_NO NUMBER NOT NULL, -- 채팅방 번호
    FOREIGN KEY (ROOM_NO) REFERENCES CHAT_ROOM(ROOM_NO)
);

-- 3. 컬럼별 코멘트 추가
COMMENT ON COLUMN MEMBER.MEMBER_NO IS '회원 고유 번호';
COMMENT ON COLUMN MEMBER.MEMBER_ID IS '회원 아이디 (중복 불가)';
COMMENT ON COLUMN MEMBER.MEMBER_PW IS '회원 비밀번호 (암호화 저장)';
COMMENT ON COLUMN MEMBER.MEMBER_NICK IS '닉네임 (중복 불가)';
COMMENT ON COLUMN MEMBER.MEMBER_NAME IS '회원 이름';
COMMENT ON COLUMN MEMBER.MEMBER_ADDR IS '회원 주소';
COMMENT ON COLUMN MEMBER.MEMBER_TEL IS '회원 전화번호';
COMMENT ON COLUMN MEMBER.POINT IS '회원 보유 포인트';
COMMENT ON COLUMN COMPANY.BUSINESS_NO IS '사업자 등록 번호';
COMMENT ON COLUMN COMPANY.BANK_NAME IS '사업자 은행명';
COMMENT ON COLUMN COMPANY.BANK_NO IS '사업자 계좌번호';
COMMENT ON COLUMN PRODUCT.PRODUCT_PRICE IS '상품 가격';
COMMENT ON COLUMN PRODUCT.PRODUCT_COUNT IS '상품 재고 수량';
COMMENT ON COLUMN PRODUCT.DELIVERY_FEE IS '배송비';
COMMENT ON COLUMN REVIEW.REVIEW_STAR IS '리뷰 별점 (1~5)';
COMMENT ON COLUMN REVIEW.REVIEW_CONTENT IS '리뷰 내용';
COMMENT ON COLUMN POINT_USAGE.USED_AMOUNT IS '사용된 포인트 금액';
COMMENT ON COLUMN POINT_USAGE.STATUS IS '포인트 사용 상태';
COMMENT ON COLUMN POINT_TRANSACTION.AMOUNT IS '충전된 포인트 금액';
COMMENT ON COLUMN REPLY.REPLY_NO IS '댓글 고유 번호';
COMMENT ON COLUMN REPLY.REPLY_CREATE_DATE IS '댓글 작성일';
COMMENT ON COLUMN REPLY.REPLY_DEL_FL IS '댓글 삭제 여부';
COMMENT ON COLUMN REPLY.REPLY_CONTENT IS '댓글 내용';
COMMENT ON COLUMN REPLY.SECRET_REPLY_STATUS IS '비밀 댓글 여부';
COMMENT ON COLUMN REPLY.MEMBER_NO IS '작성자 회원 번호';
COMMENT ON COLUMN REPLY.BOARD_NO IS '게시글 번호';
COMMENT ON COLUMN REPLY.PARENT_REPLY_NO IS '부모 댓글 번호';
COMMENT ON COLUMN BOARD_TYPE.BOARD_CD IS '게시판 코드';
COMMENT ON COLUMN BOARD_TYPE.BOARD_NAME IS '게시판 이름';
COMMENT ON COLUMN BOARD_TYPE.PARENT_BOARD_CD IS '부모 게시판 코드';
COMMENT ON COLUMN CATEGORY.CATEGORY_NO IS '카테고리 번호';
COMMENT ON COLUMN CATEGORY.CATEGORY_NAME IS '카테고리 이름';
COMMENT ON COLUMN CATEGORY.PARENT_CATEGORY_NO IS '부모 카테고리 번호';
COMMENT ON COLUMN PRODUCT_OPTION.OPTION_NO IS '상품 옵션 번호';
COMMENT ON COLUMN PRODUCT_OPTION.OPTION_NAME IS '옵션 이름';
COMMENT ON COLUMN PRODUCT_OPTION.BOARD_NO IS '게시글 번호';
COMMENT ON COLUMN CART.BOARD_NO IS '게시글 번호 (상품 게시글)';
COMMENT ON COLUMN CART.MEMBER_NO IS '회원 번호 (장바구니 소유자)';
COMMENT ON COLUMN CART.ADDED_DATE IS '장바구니에 담은 시간';
COMMENT ON COLUMN "ORDER".ORDER_NO IS '주문 고유 번호';
COMMENT ON COLUMN "ORDER".QUANTITY IS '구매 수량';
COMMENT ON COLUMN "ORDER".DELIVERY_ADDR IS '배송지 주소';
COMMENT ON COLUMN "ORDER".TRACKING_NO IS '운송장 번호 (배송 시작 후 부여)';
COMMENT ON COLUMN "ORDER".BOARD_NO IS '게시글 번호 (구매 상품)';
COMMENT ON COLUMN "ORDER".MEMBER_NO IS '주문한 회원 번호';
COMMENT ON COLUMN PICK.MEMBER_NO IS '회원 번호 (찜한 사용자)';
COMMENT ON COLUMN PICK.BOARD_NO IS '게시글 번호 (찜한 상품)';
COMMENT ON COLUMN RECRUITMENT_PARTICIPANT.MEMBER_NO IS '회원 번호 (참가자)';
COMMENT ON COLUMN RECRUITMENT_PARTICIPANT.JOIN_DATE IS '참가일';
COMMENT ON COLUMN RECRUITMENT_PARTICIPANT.CANCEL_DATE IS '취소일';
COMMENT ON COLUMN RECRUITMENT_PARTICIPANT.RECRUITMENT_NO IS '모집방 번호';
COMMENT ON COLUMN RECRUITMENT_ROOM.RECRUITMENT_NO IS '모집방 고유 번호';
COMMENT ON COLUMN RECRUITMENT_ROOM.MAX_PARTICIPANTS IS '모집 최대 인원';
COMMENT ON COLUMN RECRUITMENT_ROOM.RECRUITMENT_STATUS IS '모집 상태 (모집 중, 완료 등)';
COMMENT ON COLUMN RECRUITMENT_ROOM.REC_CREATED_DATE IS '모집 생성일';
COMMENT ON COLUMN RECRUITMENT_ROOM.REC_END_DATE IS '모집 마감일';
COMMENT ON COLUMN RECRUITMENT_ROOM.REGION IS '지역';
COMMENT ON COLUMN RECRUITMENT_ROOM.PRODUCT_URL IS '상품 URL';
COMMENT ON COLUMN RECRUITMENT_ROOM.QR_CODE IS 'QR 코드';
COMMENT ON COLUMN IMG.IMG_NO IS '이미지 고유 번호';
COMMENT ON COLUMN IMG.IMG_RENAME IS '이미지 저장 경로 + 변경명';
COMMENT ON COLUMN IMG.IMG_ORIGINAL IS '이미지 원본명';
COMMENT ON COLUMN IMG.IMG_LEVEL IS '이미지 위치 지정 번호';
COMMENT ON COLUMN IMG.IMG_TYPE IS '게시판 유형 (브랜드 상품, 개인 모공 등)';
COMMENT ON COLUMN IMG.IMG_TYPE_NO IS '유형 번호 (특정 게시물과 연계)';
COMMENT ON COLUMN CHAT_MESSAGE.MESSAGE_NO IS '메시지 고유 번호';
COMMENT ON COLUMN CHAT_MESSAGE.MESSAGE_CONTENT IS '메시지 내용';
COMMENT ON COLUMN CHAT_MESSAGE.MESSAGE_TYPE IS '메시지 타입 (TEXT, IMAGE, EMOJI 등)';
COMMENT ON COLUMN CHAT_MESSAGE.SEND_DATE IS '보낸 시간';
COMMENT ON COLUMN CHAT_MESSAGE.MESSAGE_DEL_FL IS '삭제 여부';
COMMENT ON COLUMN CHAT_NOTIFICATION.UNREAD_COUNT IS '읽지 않은 메시지 개수';
COMMENT ON COLUMN CHAT_NOTIFICATION.MESSAGE_NO IS '마지막으로 읽지 않은 메시지 번호';
COMMENT ON COLUMN CHAT_ROOM.ROOM_NO IS '채팅방 고유 번호';
COMMENT ON COLUMN CHAT_ROOM.ROOM_NAME IS '채팅방 이름';
COMMENT ON COLUMN CHAT_ROOM.GROUP_FL IS '그룹 채팅 여부';
COMMENT ON COLUMN CHAT_ROOM.CREATED_DATE IS '채팅방 생성일';
COMMENT ON COLUMN CHAT_ROOM.ROOM_DELETED_FL IS '삭제 여부';
COMMENT ON COLUMN CHAT_ROOM_USER.JOINED_DATE IS '가입한 시간';
COMMENT ON COLUMN CHAT_ROOM_USER.MEMBER_NO IS '회원 번호';
COMMENT ON COLUMN CHAT_ROOM_USER.ROOM_NO IS '채팅방 번호';
COMMENT ON COLUMN CHAT_EMOJI.EMOJI_NO IS '이모티콘 고유 번호';
COMMENT ON COLUMN CHAT_EMOJI.MESSAGE_ID IS '메시지 ID';
COMMENT ON COLUMN CHAT_EMOJI.EMOJI_CODE IS '이모티콘 코드';
COMMENT ON COLUMN CHAT_FAQ.FAQ_NO IS '질문 번호';
COMMENT ON COLUMN CHAT_FAQ.FAQ_MENU IS '질문 내용';
COMMENT ON COLUMN CHAT_FAQ.FAQ_MENU_ANSWER IS '질문 답변';
COMMENT ON COLUMN CHAT_FAQ.ROOM_NO IS '채팅방 번호';

-- 4. 시퀀스 생성
CREATE SEQUENCE SEQ_MEMBER_NO START WITH 1 INCREMENT BY 1;
CREATE SEQUENCE SEQ_BOARD_NO START WITH 1 INCREMENT BY 1;
CREATE SEQUENCE SEQ_PRODUCT_NO START WITH 1 INCREMENT BY 1;
CREATE SEQUENCE SEQ_REVIEW_NO START WITH 1 INCREMENT BY 1;
CREATE SEQUENCE SEQ_USAGE_NO START WITH 1 INCREMENT BY 1;
CREATE SEQUENCE SEQ_TRANSACTION_NO START WITH 1 INCREMENT BY 1;
CREATE SEQUENCE SEQ_REPLY_NO START WITH 1 INCREMENT BY 1;
CREATE SEQUENCE SEQ_BOARD_TYPE_NO START WITH 1 INCREMENT BY 1;
CREATE SEQUENCE SEQ_CATEGORY_NO START WITH 1 INCREMENT BY 1;
CREATE SEQUENCE SEQ_PRODUCT_OPTION_NO START WITH 1 INCREMENT BY 1;
CREATE SEQUENCE SEQ_ORDER_NO START WITH 1 INCREMENT BY 1;
CREATE SEQUENCE SEQ_RECRUITMENT_NO START WITH 1 INCREMENT BY 1;
CREATE SEQUENCE SEQ_IMG_NO START WITH 1 INCREMENT BY 1;
CREATE SEQUENCE SEQ_MESSAGE_NO START WITH 1 INCREMENT BY 1;
CREATE SEQUENCE SEQ_NOTI_ID START WITH 1 INCREMENT BY 1;
CREATE SEQUENCE SEQ_ROOM_NO START WITH 1 INCREMENT BY 1;
CREATE SEQUENCE SEQ_EMOJI_NO START WITH 1 INCREMENT BY 1;
CREATE SEQUENCE SEQ_FAQ_NO START WITH 1 INCREMENT BY 1;

-- 2. 더미 데이터 삽입

-- 회원 정보 테이블 더미 데이터

-- 첫 번째 회원 삽입
INSERT INTO MEMBER (MEMBER_NO, MEMBER_ID, MEMBER_PW, MEMBER_NICK, MEMBER_NAME, MEMBER_ADDR, MEMBER_TEL, PROFILE_IMG, ENROLL_DATE, MEMBER_EMAIL, MEMBER_DEL_FL, AUTHORITY, MEMBER_GRADE, MEMBER_BIRTH, POINT)
VALUES (1, 'user01', '$2a$10$ROj8yFNM0YkVdLyEtolIbeyaynEP9FlKab9GQc2.11PjOD1NOr55a', '관리자', '홍길동', '06234,, 서울 강남구 테헤란로 14길 6,, 5층', '01012345678', NULL, SYSDATE, 'user01@gmail.com', 'N', 1, 3.2, TO_DATE('19900101', 'YYYYMMDD'), 5000);

-- 두 번째 회원 삽입
INSERT INTO MEMBER (MEMBER_NO, MEMBER_ID, MEMBER_PW, MEMBER_NICK, MEMBER_NAME, MEMBER_ADDR, MEMBER_TEL, PROFILE_IMG, ENROLL_DATE, MEMBER_EMAIL, MEMBER_DEL_FL, AUTHORITY, MEMBER_GRADE, MEMBER_BIRTH, POINT)
VALUES (2, 'user02', '$2a$10$ROj8yFNM0YkVdLyEtolIbeyaynEP9FlKab9GQc2.11PjOD1NOr55a', 'nick02', '김철수', '06234,, 서울 강남구 테헤란로 14길 6,, 5층', '01023456789', NULL, SYSDATE, 'user02@gmail.com', 'N', 2, 4.1, TO_DATE('19930514', 'YYYYMMDD'), 4200);

-- 세 번째 회원 삽입
INSERT INTO MEMBER (MEMBER_NO, MEMBER_ID, MEMBER_PW, MEMBER_NICK, MEMBER_NAME, MEMBER_ADDR, MEMBER_TEL, PROFILE_IMG, ENROLL_DATE, MEMBER_EMAIL, MEMBER_DEL_FL, AUTHORITY, MEMBER_GRADE, MEMBER_BIRTH, POINT)
VALUES (3, 'user03', '$2a$10$ROj8yFNM0YkVdLyEtolIbeyaynEP9FlKab9GQc2.11PjOD1NOr55a', 'nick03', '이영희', '06234,, 서울 강남구 테헤란로 14길 6,, 5층', '01034567890', NULL, SYSDATE, 'user03@gmail.com', 'N', 2, 2.5, TO_DATE('19940730', 'YYYYMMDD'), 3600);

-- 네 번째 회원 삽입
INSERT INTO MEMBER (MEMBER_NO, MEMBER_ID, MEMBER_PW, MEMBER_NICK, MEMBER_NAME, MEMBER_ADDR, MEMBER_TEL, PROFILE_IMG, ENROLL_DATE, MEMBER_EMAIL, MEMBER_DEL_FL, AUTHORITY, MEMBER_GRADE, MEMBER_BIRTH, POINT)
VALUES (4, 'user04', '$2a$10$ROj8yFNM0YkVdLyEtolIbeyaynEP9FlKab9GQc2.11PjOD1NOr55a', 'nick04', '박민수', '06234,, 서울 강남구 테헤란로 14길 6,, 5층', '01045678901', NULL, SYSDATE, 'user04@gmail.com', 'N', 2, 5.0, TO_DATE('19891225', 'YYYYMMDD'), 4800);

-- 다섯 번째 회원 삽입
INSERT INTO MEMBER (MEMBER_NO, MEMBER_ID, MEMBER_PW, MEMBER_NICK, MEMBER_NAME, MEMBER_ADDR, MEMBER_TEL, PROFILE_IMG, ENROLL_DATE, MEMBER_EMAIL, MEMBER_DEL_FL, AUTHORITY, MEMBER_GRADE, MEMBER_BIRTH, POINT)
VALUES (5, 'user05', '$2a$10$ROj8yFNM0YkVdLyEtolIbeyaynEP9FlKab9GQc2.11PjOD1NOr55a', 'nick05', '최다연', '06234,, 서울 강남구 테헤란로 14길 6,, 5층', '01056789012', NULL, SYSDATE, 'user05@gmail.com', 'N', 2, 1.8, TO_DATE('19951111', 'YYYYMMDD'), 3000);

-- 여섯 번째 회원 삽입
INSERT INTO MEMBER (MEMBER_NO, MEMBER_ID, MEMBER_PW, MEMBER_NICK, MEMBER_NAME, MEMBER_ADDR, MEMBER_TEL, PROFILE_IMG, ENROLL_DATE, MEMBER_EMAIL, MEMBER_DEL_FL, AUTHORITY, MEMBER_GRADE, MEMBER_BIRTH, POINT)
VALUES (6, 'user06', '$2a$10$ROj8yFNM0YkVdLyEtolIbeyaynEP9FlKab9GQc2.11PjOD1NOr55a', 'nick06', '송지훈', '06234,, 서울 강남구 테헤란로 14길 6,, 5층', '01067890123', NULL, SYSDATE, 'user06@gmail.com', 'N', 2, 3.7, TO_DATE('19970821', 'YYYYMMDD'), 2750);

-- 일곱 번째 회원 삽입
INSERT INTO MEMBER (MEMBER_NO, MEMBER_ID, MEMBER_PW, MEMBER_NICK, MEMBER_NAME, MEMBER_ADDR, MEMBER_TEL, PROFILE_IMG, ENROLL_DATE, MEMBER_EMAIL, MEMBER_DEL_FL, AUTHORITY, MEMBER_GRADE, MEMBER_BIRTH, POINT)
VALUES (7, 'user07', '$2a$10$ROj8yFNM0YkVdLyEtolIbeyaynEP9FlKab9GQc2.11PjOD1NOr55a', 'nick07', '강수진', '06234,, 서울 강남구 테헤란로 14길 6,, 5층', '01078901234', NULL, SYSDATE, 'user07@gmail.com', 'N', 2, 4.4, TO_DATE('19930502', 'YYYYMMDD'), 3900);

-- 여덟 번째 회원 삽입
INSERT INTO MEMBER (MEMBER_NO, MEMBER_ID, MEMBER_PW, MEMBER_NICK, MEMBER_NAME, MEMBER_ADDR, MEMBER_TEL, PROFILE_IMG, ENROLL_DATE, MEMBER_EMAIL, MEMBER_DEL_FL, AUTHORITY, MEMBER_GRADE, MEMBER_BIRTH, POINT)
VALUES (8, 'user08', '$2a$10$ROj8yFNM0YkVdLyEtolIbeyaynEP9FlKab9GQc2.11PjOD1NOr55a', 'nick08', '윤정호', '06234,, 서울 강남구 테헤란로 14길 6,, 5층', '01089012345', NULL, SYSDATE, 'user08@gmail.com', 'N', 2, 2.1, TO_DATE('19960214', 'YYYYMMDD'), 2500);

-- 아홉 번째 회원 삽입
INSERT INTO MEMBER (MEMBER_NO, MEMBER_ID, MEMBER_PW, MEMBER_NICK, MEMBER_NAME, MEMBER_ADDR, MEMBER_TEL, PROFILE_IMG, ENROLL_DATE, MEMBER_EMAIL, MEMBER_DEL_FL, AUTHORITY, MEMBER_GRADE, MEMBER_BIRTH, POINT)
VALUES (9, 'user09', '$2a$10$ROj8yFNM0YkVdLyEtolIbeyaynEP9FlKab9GQc2.11PjOD1NOr55a', 'nick09', '백승민', '06234,, 서울 강남구 테헤란로 14길 6,, 5층', '01090123456', NULL, SYSDATE, 'user09@gmail.com', 'N', 2, 3.3, TO_DATE('19980529', 'YYYYMMDD'), 4100);

-- 열 번째 회원 삽입
INSERT INTO MEMBER (MEMBER_NO, MEMBER_ID, MEMBER_PW, MEMBER_NICK, MEMBER_NAME, MEMBER_ADDR, MEMBER_TEL, PROFILE_IMG, ENROLL_DATE, MEMBER_EMAIL, MEMBER_DEL_FL, AUTHORITY, MEMBER_GRADE, MEMBER_BIRTH, POINT)
VALUES (10, 'user10', '$2a$10$ROj8yFNM0YkVdLyEtolIbeyaynEP9FlKab9GQc2.11PjOD1NOr55a', 'nick10', '정하나', '06234,, 서울 강남구 테헤란로 14길 6,, 5층', '01101234567', NULL, SYSDATE, 'user10@gmail.com', 'N', 2, 1.5, TO_DATE('19910408', 'YYYYMMDD'), 3150);

-- 열한 번째 회원 삽입
INSERT INTO MEMBER (MEMBER_NO, MEMBER_ID, MEMBER_PW, MEMBER_NICK, MEMBER_NAME, MEMBER_ADDR, MEMBER_TEL, PROFILE_IMG, ENROLL_DATE, MEMBER_EMAIL, MEMBER_DEL_FL, AUTHORITY, MEMBER_GRADE, MEMBER_BIRTH, POINT)
VALUES (11, 'user11', '$2a$10$ROj8yFNM0YkVdLyEtolIbeyaynEP9FlKab9GQc2.11PjOD1NOr55a', 'nick11', '고민정', '06234,, 서울 강남구 테헤란로 14길 6,, 5층', '01112345678', NULL, SYSDATE, 'user11@gmail.com', 'N', 2, 4.9, TO_DATE('19931219', 'YYYYMMDD'), 4900);

-- 열두 번째 회원 삽입
INSERT INTO MEMBER (MEMBER_NO, MEMBER_ID, MEMBER_PW, MEMBER_NICK, MEMBER_NAME, MEMBER_ADDR, MEMBER_TEL, PROFILE_IMG, ENROLL_DATE, MEMBER_EMAIL, MEMBER_DEL_FL, AUTHORITY, MEMBER_GRADE, MEMBER_BIRTH, POINT)
VALUES (12, 'user12', '$2a$10$ROj8yFNM0YkVdLyEtolIbeyaynEP9FlKab9GQc2.11PjOD1NOr55a', 'nick12', '이도현', '06234,, 서울 강남구 테헤란로 14길 6,, 5층', '01123456789', NULL, SYSDATE, 'user12@gmail.com', 'N', 2, 3.6, TO_DATE('19970607', 'YYYYMMDD'), 3300);

-- 열세 번째 회원 삽입
INSERT INTO MEMBER (MEMBER_NO, MEMBER_ID, MEMBER_PW, MEMBER_NICK, MEMBER_NAME, MEMBER_ADDR, MEMBER_TEL, PROFILE_IMG, ENROLL_DATE, MEMBER_EMAIL, MEMBER_DEL_FL, AUTHORITY, MEMBER_GRADE, MEMBER_BIRTH, POINT)
VALUES (13, 'user13', '$2a$10$ROj8yFNM0YkVdLyEtolIbeyaynEP9FlKab9GQc2.11PjOD1NOr55a', 'nick13', '문소라', '06234,, 서울 강남구 테헤란로 14길 6,, 5층', '01134567890', NULL, SYSDATE, 'user13@gmail.com', 'N', 2, 2.8, TO_DATE('19951224', 'YYYYMMDD'), 2750);

-- 열네 번째 회원 삽입
INSERT INTO MEMBER (MEMBER_NO, MEMBER_ID, MEMBER_PW, MEMBER_NICK, MEMBER_NAME, MEMBER_ADDR, MEMBER_TEL, PROFILE_IMG, ENROLL_DATE, MEMBER_EMAIL, MEMBER_DEL_FL, AUTHORITY, MEMBER_GRADE, MEMBER_BIRTH, POINT)
VALUES (14, 'user14', '$2a$10$ROj8yFNM0YkVdLyEtolIbeyaynEP9FlKab9GQc2.11PjOD1NOr55a', 'nick14', '신재현', '06234,, 서울 강남구 테헤란로 14길 6,, 5층', '01145678901', NULL, SYSDATE, 'user14@gmail.com', 'N', 2, 4.0, TO_DATE('19990115', 'YYYYMMDD'), 4500);

-- 열다섯 번째 회원 삽입
INSERT INTO MEMBER (MEMBER_NO, MEMBER_ID, MEMBER_PW, MEMBER_NICK, MEMBER_NAME, MEMBER_ADDR, MEMBER_TEL, PROFILE_IMG, ENROLL_DATE, MEMBER_EMAIL, MEMBER_DEL_FL, AUTHORITY, MEMBER_GRADE, MEMBER_BIRTH, POINT)
VALUES (15, 'user15', '$2a$10$ROj8yFNM0YkVdLyEtolIbeyaynEP9FlKab9GQc2.11PjOD1NOr55a', 'nick15', '장예림', '06234,, 서울 강남구 테헤란로 14길 6,, 5층', '01156789012', NULL, SYSDATE, 'user15@gmail.com', 'N', 2, 1.9, TO_DATE('20000830', 'YYYYMMDD'), 3100);

-- 사업자 정보 테이블 더미 데이터 
-- 첫 번째 데이터 삽입
INSERT INTO COMPANY (MEMBER_NO, BUSINESS_NO, BANK_NAME, BANK_NO, PERMISSION_FL)
VALUES (2, 1234567890, '국민은행', 987654321, 'Y');

-- 두 번째 데이터 삽입
INSERT INTO COMPANY (MEMBER_NO, BUSINESS_NO, BANK_NAME, BANK_NO, PERMISSION_FL)
VALUES (3, 2345678901, '신한은행', 876543210, 'Y');

-- 세 번째 데이터 삽입
INSERT INTO COMPANY (MEMBER_NO, BUSINESS_NO, BANK_NAME, BANK_NO, PERMISSION_FL)
VALUES (4, 3456789012, '우리은행', 765432109, 'N');

-- 네 번째 데이터 삽입
INSERT INTO COMPANY (MEMBER_NO, BUSINESS_NO, BANK_NAME, BANK_NO, PERMISSION_FL)
VALUES (5, 4567890123, '하나은행', 654321098, 'Y');

-- 다섯 번째 데이터 삽입
INSERT INTO COMPANY (MEMBER_NO, BUSINESS_NO, BANK_NAME, BANK_NO, PERMISSION_FL)
VALUES (6, 5678901234, '기업은행', 543210987, 'N');

-- 여섯 번째 데이터 삽입
INSERT INTO COMPANY (MEMBER_NO, BUSINESS_NO, BANK_NAME, BANK_NO, PERMISSION_FL)
VALUES (7, 6789012345, '농협', 432109876, 'Y');

-- 게시판 종류 더미 데이터 (계층형 구조 유지)
INSERT INTO BOARD_TYPE (BOARD_CD, BOARD_NAME, PARENT_BOARD_CD) VALUES (1, '모집', NULL);
INSERT INTO BOARD_TYPE (BOARD_CD, BOARD_NAME, PARENT_BOARD_CD) VALUES (2, '브랜드', NULL);
INSERT INTO BOARD_TYPE (BOARD_CD, BOARD_NAME, PARENT_BOARD_CD) VALUES (3, '공지사항', NULL);
INSERT INTO BOARD_TYPE (BOARD_CD, BOARD_NAME, PARENT_BOARD_CD) VALUES (4, 'FAQ', NULL);
INSERT INTO BOARD_TYPE (BOARD_CD, BOARD_NAME, PARENT_BOARD_CD) VALUES (5, '문의', NULL);
INSERT INTO BOARD_TYPE (BOARD_CD, BOARD_NAME, PARENT_BOARD_CD) VALUES (6, '1대1문의', 5);
INSERT INTO BOARD_TYPE (BOARD_CD, BOARD_NAME, PARENT_BOARD_CD) VALUES (7, '광고 문의', 5);
INSERT INTO BOARD_TYPE (BOARD_CD, BOARD_NAME, PARENT_BOARD_CD) VALUES (8, '제휴문의', 5);
INSERT INTO BOARD_TYPE (BOARD_CD, BOARD_NAME, PARENT_BOARD_CD) VALUES (9, '회원/계정', 4);
INSERT INTO BOARD_TYPE (BOARD_CD, BOARD_NAME, PARENT_BOARD_CD) VALUES (10, '공동구매', 4);
INSERT INTO BOARD_TYPE (BOARD_CD, BOARD_NAME, PARENT_BOARD_CD) VALUES (11, '결제/환불', 4);
INSERT INTO BOARD_TYPE (BOARD_CD, BOARD_NAME, PARENT_BOARD_CD) VALUES (12, '수령/배송', 4);
INSERT INTO BOARD_TYPE (BOARD_CD, BOARD_NAME, PARENT_BOARD_CD) VALUES (13, '기타', 4);

-- 게시판 정보 더미 데이터 (모집, 판매 관련 게시글 포함)
-- 첫 번째 BOARD 데이터 삽입
INSERT INTO BOARD (BOARD_NO, BOARD_TITLE, BOARD_CONTENT, B_CREATE_DATE, B_UPDATE_DATE, BOARD_DEL_FL, MEMBER_NO, BOARD_CD)
VALUES (1, '무선 이어폰', '최신형 무선 이어폰 공동구매 모집합니다.', SYSDATE, NULL, 'N', 2, 10);

-- 두 번째 BOARD 데이터 삽입
INSERT INTO BOARD (BOARD_NO, BOARD_TITLE, BOARD_CONTENT, B_CREATE_DATE, B_UPDATE_DATE, BOARD_DEL_FL, MEMBER_NO, BOARD_CD)
VALUES (2, '스마트워치', '최신 스마트워치 공동구매 진행합니다.', SYSDATE, NULL, 'N', 3, 10);

-- 세 번째 BOARD 데이터 삽입
INSERT INTO BOARD (BOARD_NO, BOARD_TITLE, BOARD_CONTENT, B_CREATE_DATE, B_UPDATE_DATE, BOARD_DEL_FL, MEMBER_NO, BOARD_CD)
VALUES (3, '프리미엄 헤드폰', '노이즈 캔슬링 기능이 뛰어난 프리미엄 헤드폰입니다.', SYSDATE, NULL, 'N', 4, 2);

-- 네 번째 BOARD 데이터 삽입
INSERT INTO BOARD (BOARD_NO, BOARD_TITLE, BOARD_CONTENT, B_CREATE_DATE, B_UPDATE_DATE, BOARD_DEL_FL, MEMBER_NO, BOARD_CD)
VALUES (4, '친환경 텀블러', '환경을 생각하는 디자인 텀블러입니다.', SYSDATE, NULL, 'N', 5, 2);

-- 다섯 번째 BOARD 데이터 삽입
INSERT INTO BOARD (BOARD_NO, BOARD_TITLE, BOARD_CONTENT, B_CREATE_DATE, B_UPDATE_DATE, BOARD_DEL_FL, MEMBER_NO, BOARD_CD)
VALUES (5, '공지사항: 사이트 점검 안내', '사이트 점검 일정에 대한 공지입니다.', SYSDATE, NULL, 'N', 1, 3);

-- 여섯 번째 BOARD 데이터 삽입
INSERT INTO BOARD (BOARD_NO, BOARD_TITLE, BOARD_CONTENT, B_CREATE_DATE, B_UPDATE_DATE, BOARD_DEL_FL, MEMBER_NO, BOARD_CD)
VALUES (6, 'FAQ: 회원가입 방법', '회원가입 절차를 상세히 안내합니다.', SYSDATE, NULL, 'N', 1, 4);

-- 일곱 번째 BOARD 데이터 삽입
INSERT INTO BOARD (BOARD_NO, BOARD_TITLE, BOARD_CONTENT, B_CREATE_DATE, B_UPDATE_DATE, BOARD_DEL_FL, MEMBER_NO, BOARD_CD)
VALUES (7, 'FAQ: 배송 지연 사유', '배송이 지연되는 주요 사유 및 해결 방법 안내.', SYSDATE, NULL, 'N', 1, 4);

-- 여덟 번째 BOARD 데이터 삽입
INSERT INTO BOARD (BOARD_NO, BOARD_TITLE, BOARD_CONTENT, B_CREATE_DATE, B_UPDATE_DATE, BOARD_DEL_FL, MEMBER_NO, BOARD_CD)
VALUES (8, '1대1 문의 - 배송 지연 관련', '배송이 예상보다 늦어지는 이유가 궁금합니다.', SYSDATE, NULL, 'N', 6, 6);

-- 아홉 번째 BOARD 데이터 삽입
INSERT INTO BOARD (BOARD_NO, BOARD_TITLE, BOARD_CONTENT, B_CREATE_DATE, B_UPDATE_DATE, BOARD_DEL_FL, MEMBER_NO, BOARD_CD)
VALUES (9, '광고 문의 - 제품 홍보', '우리 브랜드 제품 홍보 가능 여부 문의드립니다.', SYSDATE, NULL, 'N', 7, 7);

-- 열 번째 BOARD 데이터 삽입
INSERT INTO BOARD (BOARD_NO, BOARD_TITLE, BOARD_CONTENT, B_CREATE_DATE, B_UPDATE_DATE, BOARD_DEL_FL, MEMBER_NO, BOARD_CD)
VALUES (10, '제휴 문의 - 공동 이벤트', '공동 마케팅 이벤트 진행이 가능할까요?', SYSDATE, NULL, 'N', 8, 8);

-- 열한 번째 BOARD 데이터 삽입
INSERT INTO BOARD (BOARD_NO, BOARD_TITLE, BOARD_CONTENT, B_CREATE_DATE, B_UPDATE_DATE, BOARD_DEL_FL, MEMBER_NO, BOARD_CD)
VALUES (11, '제휴 문의 - 제품 재입고', '이 제품은 언제 재입고되나요?', SYSDATE, NULL, 'N', 9, 8);

-- 열두 번째 BOARD 데이터 삽입
INSERT INTO BOARD (BOARD_NO, BOARD_TITLE, BOARD_CONTENT, B_CREATE_DATE, B_UPDATE_DATE, BOARD_DEL_FL, MEMBER_NO, BOARD_CD)
VALUES (12, '회원 계정 관련 문의 - 이메일 변경', '이메일 변경은 어떻게 하나요?', SYSDATE, NULL, 'N', 10, 9);

-- 열세 번째 BOARD 데이터 삽입
INSERT INTO BOARD (BOARD_NO, BOARD_TITLE, BOARD_CONTENT, B_CREATE_DATE, B_UPDATE_DATE, BOARD_DEL_FL, MEMBER_NO, BOARD_CD)
VALUES (13, '공동구매 - 마감일 연장 요청', '공동구매 마감일 연장이 가능한가요?', SYSDATE, NULL, 'N', 11, 10);

-- 열네 번째 BOARD 데이터 삽입
INSERT INTO BOARD (BOARD_NO, BOARD_TITLE, BOARD_CONTENT, B_CREATE_DATE, B_UPDATE_DATE, BOARD_DEL_FL, MEMBER_NO, BOARD_CD)
VALUES (14, '결제/환불 - 환불 신청 방법', '환불 신청은 어떻게 진행하나요?', SYSDATE, NULL, 'N', 12, 11);

-- 열다섯 번째 BOARD 데이터 삽입
INSERT INTO BOARD (BOARD_NO, BOARD_TITLE, BOARD_CONTENT, B_CREATE_DATE, B_UPDATE_DATE, BOARD_DEL_FL, MEMBER_NO, BOARD_CD)
VALUES (15, '수령/배송 - 해외 배송 가능 여부', '해외 배송도 가능한가요?', SYSDATE, NULL, 'N', 13, 12);

-- 열여섯 번째 BOARD 데이터 삽입
INSERT INTO BOARD (BOARD_NO, BOARD_TITLE, BOARD_CONTENT, B_CREATE_DATE, B_UPDATE_DATE, BOARD_DEL_FL, MEMBER_NO, BOARD_CD)
VALUES (16, '기타 문의 - 사이트 이용 관련', '사이트 기능 이용 방법 문의드립니다.', SYSDATE, NULL, 'N', 14, 13);

-- 열일곱 번째 BOARD 데이터 삽입
INSERT INTO BOARD (BOARD_NO, BOARD_TITLE, BOARD_CONTENT, B_CREATE_DATE, B_UPDATE_DATE, BOARD_DEL_FL, MEMBER_NO, BOARD_CD)
VALUES (17, '공동구매 모집 - 게이밍 키보드', '게이머를 위한 고성능 키보드 공동구매 모집합니다.', SYSDATE, NULL, 'N', 3, 10);

-- 열여덟 번째 BOARD 데이터 삽입
INSERT INTO BOARD (BOARD_NO, BOARD_TITLE, BOARD_CONTENT, B_CREATE_DATE, B_UPDATE_DATE, BOARD_DEL_FL, MEMBER_NO, BOARD_CD)
VALUES (18, '공동구매 모집 - 스마트 체중계', '건강을 위한 스마트 체중계 공동구매 진행합니다.', SYSDATE, NULL, 'N', 4, 10);

-- 열아홉 번째 BOARD 데이터 삽입
INSERT INTO BOARD (BOARD_NO, BOARD_TITLE, BOARD_CONTENT, B_CREATE_DATE, B_UPDATE_DATE, BOARD_DEL_FL, MEMBER_NO, BOARD_CD)
VALUES (19, '브랜드 상품 - 무선 마우스', '정확한 트래킹을 위한 무선 마우스입니다.', SYSDATE, NULL, 'N', 5, 2);

-- 스무 번째 BOARD 데이터 삽입
INSERT INTO BOARD (BOARD_NO, BOARD_TITLE, BOARD_CONTENT, B_CREATE_DATE, B_UPDATE_DATE, BOARD_DEL_FL, MEMBER_NO, BOARD_CD)
VALUES (20, '브랜드 상품 - 미니 공기청정기', '개인용 미니 공기청정기 제품 안내입니다.', SYSDATE, NULL, 'N', 6, 2);

-- 스물한 번째 BOARD 데이터 삽입
INSERT INTO BOARD (BOARD_NO, BOARD_TITLE, BOARD_CONTENT, B_CREATE_DATE, B_UPDATE_DATE, BOARD_DEL_FL, MEMBER_NO, BOARD_CD)
VALUES (21, '공지사항: 보안 업데이트 안내', '보안 업데이트 일정 공지드립니다.', SYSDATE, NULL, 'N', 1, 3);

-- 스물두 번째 BOARD 데이터 삽입
INSERT INTO BOARD (BOARD_NO, BOARD_TITLE, BOARD_CONTENT, B_CREATE_DATE, B_UPDATE_DATE, BOARD_DEL_FL, MEMBER_NO, BOARD_CD)
VALUES (22, 'FAQ: 주문 취소 방법', '주문 취소 방법을 상세히 안내합니다.', SYSDATE, NULL, 'N', 1, 4);

-- 스물세 번째 BOARD 데이터 삽입
INSERT INTO BOARD (BOARD_NO, BOARD_TITLE, BOARD_CONTENT, B_CREATE_DATE, B_UPDATE_DATE, BOARD_DEL_FL, MEMBER_NO, BOARD_CD)
VALUES (23, 'FAQ: 적립금 사용법', '적립금 사용 및 환불 정책 안내입니다.', SYSDATE, NULL, 'N', 1, 4);

-- 스물네 번째 BOARD 데이터 삽입
INSERT INTO BOARD (BOARD_NO, BOARD_TITLE, BOARD_CONTENT, B_CREATE_DATE, B_UPDATE_DATE, BOARD_DEL_FL, MEMBER_NO, BOARD_CD)
VALUES (24, '1대1 문의 - 주문 취소 요청', '주문을 취소하고 싶습니다.', SYSDATE, NULL, 'N', 7, 6);

-- 스물다섯 번째 BOARD 데이터 삽입
INSERT INTO BOARD (BOARD_NO, BOARD_TITLE, BOARD_CONTENT, B_CREATE_DATE, B_UPDATE_DATE, BOARD_DEL_FL, MEMBER_NO, BOARD_CD)
VALUES (25, '광고 문의 - 배너 광고 가능 여부', '사이트 배너 광고 진행 여부 문의드립니다.', SYSDATE, NULL, 'N', 8, 7);

-- 스물여섯 번째 BOARD 데이터 삽입
INSERT INTO BOARD (BOARD_NO, BOARD_TITLE, BOARD_CONTENT, B_CREATE_DATE, B_UPDATE_DATE, BOARD_DEL_FL, MEMBER_NO, BOARD_CD)
VALUES (26, '제휴 문의 - 상품 협업 요청', '상품 협업이 가능할까요?', SYSDATE, NULL, 'N', 9, 8);

-- 스물일곱 번째 BOARD 데이터 삽입
INSERT INTO BOARD (BOARD_NO, BOARD_TITLE, BOARD_CONTENT, B_CREATE_DATE, B_UPDATE_DATE, BOARD_DEL_FL, MEMBER_NO, BOARD_CD)
VALUES (27, '제휴 문의 - 제품 호환 여부', '이 제품이 다른 모델과 호환되나요?', SYSDATE, NULL, 'N', 10, 8);

-- 스물여덟 번째 BOARD 데이터 삽입
INSERT INTO BOARD (BOARD_NO, BOARD_TITLE, BOARD_CONTENT, B_CREATE_DATE, B_UPDATE_DATE, BOARD_DEL_FL, MEMBER_NO, BOARD_CD)
VALUES (28, '회원 계정 관련 문의 - 비밀번호 초기화', '비밀번호 초기화가 안 됩니다.', SYSDATE, NULL, 'N', 11, 9);

-- 스물아홉 번째 BOARD 데이터 삽입
INSERT INTO BOARD (BOARD_NO, BOARD_TITLE, BOARD_CONTENT, B_CREATE_DATE, B_UPDATE_DATE, BOARD_DEL_FL, MEMBER_NO, BOARD_CD)
VALUES (29, '공동구매 - 상품 추가 요청', '공동구매 리스트에 상품 추가 가능할까요?', SYSDATE, NULL, 'N', 12, 10);

-- 서른 번째 BOARD 데이터 삽입
INSERT INTO BOARD (BOARD_NO, BOARD_TITLE, BOARD_CONTENT, B_CREATE_DATE, B_UPDATE_DATE, BOARD_DEL_FL, MEMBER_NO, BOARD_CD)
VALUES (30, '결제/환불 - 카드 결제 오류', '카드 결제가 되지 않습니다.', SYSDATE, NULL, 'N', 13, 11);

-- 서른한 번째 BOARD 데이터 삽입
INSERT INTO BOARD (BOARD_NO, BOARD_TITLE, BOARD_CONTENT, B_CREATE_DATE, B_UPDATE_DATE, BOARD_DEL_FL, MEMBER_NO, BOARD_CD)
VALUES (31, '수령/배송 - 배송지 변경', '배송지를 변경하고 싶습니다.', SYSDATE, NULL, 'N', 14, 12);

-- 서른두 번째 BOARD 데이터 삽입
INSERT INTO BOARD (BOARD_NO, BOARD_TITLE, BOARD_CONTENT, B_CREATE_DATE, B_UPDATE_DATE, BOARD_DEL_FL, MEMBER_NO, BOARD_CD)
VALUES (32, '기타 문의 - 이벤트 참여 방법', '이벤트 참여 방법을 알고 싶습니다.', SYSDATE, NULL, 'N', 2, 13);

-- 서른세 번째 BOARD 데이터 삽입
INSERT INTO BOARD (BOARD_NO, BOARD_TITLE, BOARD_CONTENT, B_CREATE_DATE, B_UPDATE_DATE, BOARD_DEL_FL, MEMBER_NO, BOARD_CD)
VALUES (33, '게이밍 마우스', '게이밍 마우스 공구하실 분 모집합니다.', SYSDATE, NULL, 'N', 2, 10);

-- 서른네 번째 BOARD 데이터 삽입
INSERT INTO BOARD (BOARD_NO, BOARD_TITLE, BOARD_CONTENT, B_CREATE_DATE, B_UPDATE_DATE, BOARD_DEL_FL, MEMBER_NO, BOARD_CD)
VALUES (34, '스마트램프', '스마트램프 공구하실 분 모집합니다.', SYSDATE, NULL, 'N', 3, 10);

-- 서른다섯 번째 BOARD 데이터 삽입
INSERT INTO BOARD (BOARD_NO, BOARD_TITLE, BOARD_CONTENT, B_CREATE_DATE, B_UPDATE_DATE, BOARD_DEL_FL, MEMBER_NO, BOARD_CD)
VALUES (35, '코딩 키보드', '코딩 키보드 공구하실 분 모집합니다.', SYSDATE, NULL, 'N', 4, 10);

-- 서른여섯 번째 BOARD 데이터 삽입
INSERT INTO BOARD (BOARD_NO, BOARD_TITLE, BOARD_CONTENT, B_CREATE_DATE, B_UPDATE_DATE, BOARD_DEL_FL, MEMBER_NO, BOARD_CD)
VALUES (36, 'USB 충전기', 'USB 충전기 공구하실 분 모집합니다.', SYSDATE, NULL, 'N', 5, 10);

-- 서른일곱 번째 BOARD 데이터 삽입
INSERT INTO BOARD (BOARD_NO, BOARD_TITLE, BOARD_CONTENT, B_CREATE_DATE, B_UPDATE_DATE, BOARD_DEL_FL, MEMBER_NO, BOARD_CD)
VALUES (37, '미니 냉장고', '미니 냉장고 공구하실 분 모집합니다.', SYSDATE, NULL, 'N', 6, 10);

-- 서른여덟 번째 BOARD 데이터 삽입
INSERT INTO BOARD (BOARD_NO, BOARD_TITLE, BOARD_CONTENT, B_CREATE_DATE, B_UPDATE_DATE, BOARD_DEL_FL, MEMBER_NO, BOARD_CD)
VALUES (38, '노트북 거치대', '노트북 거치대 공구하실 분 모집합니다.', SYSDATE, NULL, 'N', 7, 10);

-- 서른아홉 번째 BOARD 데이터 삽입
INSERT INTO BOARD (BOARD_NO, BOARD_TITLE, BOARD_CONTENT, B_CREATE_DATE, B_UPDATE_DATE, BOARD_DEL_FL, MEMBER_NO, BOARD_CD)
VALUES (39, '스마트 체중계', '스마트 체중계 공구하실 분 모집합니다.', SYSDATE, NULL, 'N', 8, 10);

-- 마흔 번째 BOARD 데이터 삽입
INSERT INTO BOARD (BOARD_NO, BOARD_TITLE, BOARD_CONTENT, B_CREATE_DATE, B_UPDATE_DATE, BOARD_DEL_FL, MEMBER_NO, BOARD_CD)
VALUES (40, '스마트 안마기', '스마트 안마기 공구하실 분 모집합니다.', SYSDATE, NULL, 'N', 9, 10);

-- 마흔한 번째 BOARD 데이터 삽입
INSERT INTO BOARD (BOARD_NO, BOARD_TITLE, BOARD_CONTENT, B_CREATE_DATE, B_UPDATE_DATE, BOARD_DEL_FL, MEMBER_NO, BOARD_CD)
VALUES (41, 'LED 스탠드', 'LED 스탠드 공구하실 분 모집합니다.', SYSDATE, NULL, 'N', 10, 10);

-- 마흔 번째 BOARD 데이터 삽입
INSERT INTO BOARD (BOARD_NO, BOARD_TITLE, BOARD_CONTENT, B_CREATE_DATE, B_UPDATE_DATE, BOARD_DEL_FL, MEMBER_NO, BOARD_CD)
VALUES (42, '게이밍 마우스', '정밀한 트래킹 기능이 포함된 게이밍 마우스입니다.', SYSDATE, NULL, 'N', 2, 2);

-- 마흔한 번째 BOARD 데이터 삽입
INSERT INTO BOARD (BOARD_NO, BOARD_TITLE, BOARD_CONTENT, B_CREATE_DATE, B_UPDATE_DATE, BOARD_DEL_FL, MEMBER_NO, BOARD_CD)
VALUES (43, '스마트램프', '음성 제어가 가능한 스마트램프입니다.', SYSDATE, NULL, 'N', 3, 2);

-- 마흔두 번째 BOARD 데이터 삽입
INSERT INTO BOARD (BOARD_NO, BOARD_TITLE, BOARD_CONTENT, B_CREATE_DATE, B_UPDATE_DATE, BOARD_DEL_FL, MEMBER_NO, BOARD_CD)
VALUES (44, '코딩 키보드', '개발자를 위한 최적의 코딩 키보드입니다.', SYSDATE, NULL, 'N', 4, 2);

-- 마흔세 번째 BOARD 데이터 삽입
INSERT INTO BOARD (BOARD_NO, BOARD_TITLE, BOARD_CONTENT, B_CREATE_DATE, B_UPDATE_DATE, BOARD_DEL_FL, MEMBER_NO, BOARD_CD)
VALUES (45, 'USB 충전기', '고속 충전을 지원하는 USB 충전기입니다.', SYSDATE, NULL, 'N', 5, 2);

-- 마흔네 번째 BOARD 데이터 삽입
INSERT INTO BOARD (BOARD_NO, BOARD_TITLE, BOARD_CONTENT, B_CREATE_DATE, B_UPDATE_DATE, BOARD_DEL_FL, MEMBER_NO, BOARD_CD)
VALUES (46, '미니 냉장고', '작은 공간에 적합한 미니 냉장고입니다.', SYSDATE, NULL, 'N', 6, 2);

-- 마흔다섯 번째 BOARD 데이터 삽입
INSERT INTO BOARD (BOARD_NO, BOARD_TITLE, BOARD_CONTENT, B_CREATE_DATE, B_UPDATE_DATE, BOARD_DEL_FL, MEMBER_NO, BOARD_CD)
VALUES (47, '노트북 거치대', '인체공학적 디자인의 노트북 거치대입니다.', SYSDATE, NULL, 'N', 7, 2);

-- 마흔여섯 번째 BOARD 데이터 삽입
INSERT INTO BOARD (BOARD_NO, BOARD_TITLE, BOARD_CONTENT, B_CREATE_DATE, B_UPDATE_DATE, BOARD_DEL_FL, MEMBER_NO, BOARD_CD)
VALUES (48, '스마트 체중계', '건강 관리를 위한 스마트 체중계입니다.', SYSDATE, NULL, 'N', 8, 2);

-- 마흔일곱 번째 BOARD 데이터 삽입
INSERT INTO BOARD (BOARD_NO, BOARD_TITLE, BOARD_CONTENT, B_CREATE_DATE, B_UPDATE_DATE, BOARD_DEL_FL, MEMBER_NO, BOARD_CD)
VALUES (49, '스마트 안마기', '휴대용 스마트 안마기입니다.', SYSDATE, NULL, 'N', 9, 2);

-- 마흔여덟 번째 BOARD 데이터 삽입
INSERT INTO BOARD (BOARD_NO, BOARD_TITLE, BOARD_CONTENT, B_CREATE_DATE, B_UPDATE_DATE, BOARD_DEL_FL, MEMBER_NO, BOARD_CD)
VALUES (50, 'LED 스탠드', '조도 조절 기능이 있는 LED 스탠드입니다.', SYSDATE, NULL, 'N', 10, 2);

-- 마흔아홉 번째 BOARD 데이터 삽입
INSERT INTO BOARD (BOARD_NO, BOARD_TITLE, BOARD_CONTENT, B_CREATE_DATE, B_UPDATE_DATE, BOARD_DEL_FL, MEMBER_NO, BOARD_CD)
VALUES (51, '스마트 워치', '최신형 스마트 워치로 건강 관리와 알림 기능까지 지원합니다.', SYSDATE, NULL, 'N', 11, 2);

-- 쉰 번째 BOARD 데이터 삽입
INSERT INTO BOARD (BOARD_NO, BOARD_TITLE, BOARD_CONTENT, B_CREATE_DATE, B_UPDATE_DATE, BOARD_DEL_FL, MEMBER_NO, BOARD_CD)
VALUES (52, '블루투스 스피커', '우수한 음질의 블루투스 스피커입니다.', SYSDATE, NULL, 'N', 12, 2);

-- 쉰첫 번째 BOARD 데이터 삽입
INSERT INTO BOARD (BOARD_NO, BOARD_TITLE, BOARD_CONTENT, B_CREATE_DATE, B_UPDATE_DATE, BOARD_DEL_FL, MEMBER_NO, BOARD_CD)
VALUES (53, '프리미엄 헤드셋', '편안한 착용감과 뛰어난 음질을 자랑하는 헤드셋입니다.', SYSDATE, NULL, 'N', 13, 2);

-- 쉰두 번째 BOARD 데이터 삽입
INSERT INTO BOARD (BOARD_NO, BOARD_TITLE, BOARD_CONTENT, B_CREATE_DATE, B_UPDATE_DATE, BOARD_DEL_FL, MEMBER_NO, BOARD_CD)
VALUES (54, '스마트 체중계', '실시간으로 몸무게와 체지방률을 측정하는 스마트 체중계입니다.', SYSDATE, NULL, 'N', 14, 2);

-- 쉰세 번째 BOARD 데이터 삽입
INSERT INTO BOARD (BOARD_NO, BOARD_TITLE, BOARD_CONTENT, B_CREATE_DATE, B_UPDATE_DATE, BOARD_DEL_FL, MEMBER_NO, BOARD_CD)
VALUES (55, '무선 이어폰', '편안하고, 가벼운 무선 이어폰으로, 운동 시에도 최적의 선택입니다.', SYSDATE, NULL, 'N', 15, 2);



-- 상품 카테고리 더미 데이터 (계층형 구조 포함)
INSERT INTO CATEGORY (CATEGORY_NO, CATEGORY_NAME, PARENT_CATEGORY_NO) VALUES (1, '패션', NULL);
INSERT INTO CATEGORY (CATEGORY_NO, CATEGORY_NAME, PARENT_CATEGORY_NO) VALUES (2, '뷰티', NULL);
INSERT INTO CATEGORY (CATEGORY_NO, CATEGORY_NAME, PARENT_CATEGORY_NO) VALUES (3, '생활', NULL);
INSERT INTO CATEGORY (CATEGORY_NO, CATEGORY_NAME, PARENT_CATEGORY_NO) VALUES (4, '식품', NULL);
INSERT INTO CATEGORY (CATEGORY_NO, CATEGORY_NAME, PARENT_CATEGORY_NO) VALUES (5, '전자제품', NULL);
INSERT INTO CATEGORY (CATEGORY_NO, CATEGORY_NAME, PARENT_CATEGORY_NO) VALUES (6, '공구', NULL);
INSERT INTO CATEGORY (CATEGORY_NO, CATEGORY_NAME, PARENT_CATEGORY_NO) VALUES (7, '자동차', NULL);
INSERT INTO CATEGORY (CATEGORY_NO, CATEGORY_NAME, PARENT_CATEGORY_NO) VALUES (8, '스포츠 · 레저', NULL);
INSERT INTO CATEGORY (CATEGORY_NO, CATEGORY_NAME, PARENT_CATEGORY_NO) VALUES (9, '유아 · 아동', NULL);
INSERT INTO CATEGORY (CATEGORY_NO, CATEGORY_NAME, PARENT_CATEGORY_NO) VALUES (10, '도서 · 문구', NULL);
INSERT INTO CATEGORY (CATEGORY_NO, CATEGORY_NAME, PARENT_CATEGORY_NO) VALUES (11, '반려동물', NULL);
INSERT INTO CATEGORY (CATEGORY_NO, CATEGORY_NAME, PARENT_CATEGORY_NO) VALUES (12, '여성의류', 1);
INSERT INTO CATEGORY (CATEGORY_NO, CATEGORY_NAME, PARENT_CATEGORY_NO) VALUES (13, '남성의류', 1);
INSERT INTO CATEGORY (CATEGORY_NO, CATEGORY_NAME, PARENT_CATEGORY_NO) VALUES (14, '아동의류', 1);
INSERT INTO CATEGORY (CATEGORY_NO, CATEGORY_NAME, PARENT_CATEGORY_NO) VALUES (15, '신발', 1);
INSERT INTO CATEGORY (CATEGORY_NO, CATEGORY_NAME, PARENT_CATEGORY_NO) VALUES (16, '가방 & 악세사리', 1);
INSERT INTO CATEGORY (CATEGORY_NO, CATEGORY_NAME, PARENT_CATEGORY_NO) VALUES (17, '스포츠웨어', 1);
INSERT INTO CATEGORY (CATEGORY_NO, CATEGORY_NAME, PARENT_CATEGORY_NO) VALUES (18, '스킨 케어', 2);
INSERT INTO CATEGORY (CATEGORY_NO, CATEGORY_NAME, PARENT_CATEGORY_NO) VALUES (19, '메이크업', 2);
INSERT INTO CATEGORY (CATEGORY_NO, CATEGORY_NAME, PARENT_CATEGORY_NO) VALUES (20, '헤어케어', 2);
INSERT INTO CATEGORY (CATEGORY_NO, CATEGORY_NAME, PARENT_CATEGORY_NO) VALUES (21, '향수 & 바디케어', 2);
INSERT INTO CATEGORY (CATEGORY_NO, CATEGORY_NAME, PARENT_CATEGORY_NO) VALUES (22, '가구', 3);
INSERT INTO CATEGORY (CATEGORY_NO, CATEGORY_NAME, PARENT_CATEGORY_NO) VALUES (23, '인테리어 소품', 3);
INSERT INTO CATEGORY (CATEGORY_NO, CATEGORY_NAME, PARENT_CATEGORY_NO) VALUES (24, '주방용품', 3);
INSERT INTO CATEGORY (CATEGORY_NO, CATEGORY_NAME, PARENT_CATEGORY_NO) VALUES (25, '청소 & 세탁 용품', 3);
INSERT INTO CATEGORY (CATEGORY_NO, CATEGORY_NAME, PARENT_CATEGORY_NO) VALUES (26, '신선식품', 4);
INSERT INTO CATEGORY (CATEGORY_NO, CATEGORY_NAME, PARENT_CATEGORY_NO) VALUES (27, '간편식 & 간식', 4);
INSERT INTO CATEGORY (CATEGORY_NO, CATEGORY_NAME, PARENT_CATEGORY_NO) VALUES (28, '건강식품 & 보충제', 4);
INSERT INTO CATEGORY (CATEGORY_NO, CATEGORY_NAME, PARENT_CATEGORY_NO) VALUES (29, '음료 & 주류', 4);
INSERT INTO CATEGORY (CATEGORY_NO, CATEGORY_NAME, PARENT_CATEGORY_NO) VALUES (30, '스마트폰 & 태블릿', 5);
INSERT INTO CATEGORY (CATEGORY_NO, CATEGORY_NAME, PARENT_CATEGORY_NO) VALUES (31, '노트북 & PC', 5);
INSERT INTO CATEGORY (CATEGORY_NO, CATEGORY_NAME, PARENT_CATEGORY_NO) VALUES (32, '가전제품', 5);
INSERT INTO CATEGORY (CATEGORY_NO, CATEGORY_NAME, PARENT_CATEGORY_NO) VALUES (33, '게임 & 콘솔', 5);
INSERT INTO CATEGORY (CATEGORY_NO, CATEGORY_NAME, PARENT_CATEGORY_NO) VALUES (34, '카메라 & 악세사리', 5);
INSERT INTO CATEGORY (CATEGORY_NO, CATEGORY_NAME, PARENT_CATEGORY_NO) VALUES (35, '공구', 6);
INSERT INTO CATEGORY (CATEGORY_NO, CATEGORY_NAME, PARENT_CATEGORY_NO) VALUES (36, 'DIY 용품', 6);
INSERT INTO CATEGORY (CATEGORY_NO, CATEGORY_NAME, PARENT_CATEGORY_NO) VALUES (37, '악세사리', 7);
INSERT INTO CATEGORY (CATEGORY_NO, CATEGORY_NAME, PARENT_CATEGORY_NO) VALUES (38, '관리 용품', 7);
INSERT INTO CATEGORY (CATEGORY_NO, CATEGORY_NAME, PARENT_CATEGORY_NO) VALUES (39, '정비 용품', 7);
INSERT INTO CATEGORY (CATEGORY_NO, CATEGORY_NAME, PARENT_CATEGORY_NO) VALUES (40, '바이크 용품', 7);
INSERT INTO CATEGORY (CATEGORY_NO, CATEGORY_NAME, PARENT_CATEGORY_NO) VALUES (41, '운동기구', 8);
INSERT INTO CATEGORY (CATEGORY_NO, CATEGORY_NAME, PARENT_CATEGORY_NO) VALUES (42, '스포츠 장비', 8);
INSERT INTO CATEGORY (CATEGORY_NO, CATEGORY_NAME, PARENT_CATEGORY_NO) VALUES (43, '레저 용품', 8);
INSERT INTO CATEGORY (CATEGORY_NO, CATEGORY_NAME, PARENT_CATEGORY_NO) VALUES (44, '유아용품', 9);
INSERT INTO CATEGORY (CATEGORY_NO, CATEGORY_NAME, PARENT_CATEGORY_NO) VALUES (45, '완구 & 교육용 장난감', 9);
INSERT INTO CATEGORY (CATEGORY_NO, CATEGORY_NAME, PARENT_CATEGORY_NO) VALUES (46, '유아 기구', 9);
INSERT INTO CATEGORY (CATEGORY_NO, CATEGORY_NAME, PARENT_CATEGORY_NO) VALUES (47, '책 & 잡지', 10);
INSERT INTO CATEGORY (CATEGORY_NO, CATEGORY_NAME, PARENT_CATEGORY_NO) VALUES (48, '학습 도서', 10);
INSERT INTO CATEGORY (CATEGORY_NO, CATEGORY_NAME, PARENT_CATEGORY_NO) VALUES (49, '문구 & 사무 용품', 10);
INSERT INTO CATEGORY (CATEGORY_NO, CATEGORY_NAME, PARENT_CATEGORY_NO) VALUES (50, '강아지', 11);
INSERT INTO CATEGORY (CATEGORY_NO, CATEGORY_NAME, PARENT_CATEGORY_NO) VALUES (51, '고양이', 11);
INSERT INTO CATEGORY (CATEGORY_NO, CATEGORY_NAME, PARENT_CATEGORY_NO) VALUES (52, '기타 반려동물', 11);

-- 상품 정보 테이블
INSERT INTO PRODUCT (BOARD_NO, PRODUCT_PRICE, PRODUCT_COUNT, DELIVERY_FEE, READ_COUNT, CATEGORY_NO) VALUES (3, 55000, 60, 3000, 120, 2);
INSERT INTO PRODUCT (BOARD_NO, PRODUCT_PRICE, PRODUCT_COUNT, DELIVERY_FEE, READ_COUNT, CATEGORY_NO) VALUES (4, 15000, 150, 2000, 85, 2);
INSERT INTO PRODUCT (BOARD_NO, PRODUCT_PRICE, PRODUCT_COUNT, DELIVERY_FEE, READ_COUNT, CATEGORY_NO) VALUES (19, 34000, 80, 2500, 50, 2);
INSERT INTO PRODUCT (BOARD_NO, PRODUCT_PRICE, PRODUCT_COUNT, DELIVERY_FEE, READ_COUNT, CATEGORY_NO) VALUES (20, 45000, 120, 3000, 70, 2);
INSERT INTO PRODUCT (BOARD_NO, PRODUCT_PRICE, PRODUCT_COUNT, DELIVERY_FEE, READ_COUNT, CATEGORY_NO) VALUES (42, 59000, 40, 3500, 90, 2);
INSERT INTO PRODUCT (BOARD_NO, PRODUCT_PRICE, PRODUCT_COUNT, DELIVERY_FEE, READ_COUNT, CATEGORY_NO) VALUES (43, 22000, 100, 3000, 30, 2);
INSERT INTO PRODUCT (BOARD_NO, PRODUCT_PRICE, PRODUCT_COUNT, DELIVERY_FEE, READ_COUNT, CATEGORY_NO) VALUES (44, 78000, 25, 3500, 55, 2);
INSERT INTO PRODUCT (BOARD_NO, PRODUCT_PRICE, PRODUCT_COUNT, DELIVERY_FEE, READ_COUNT, CATEGORY_NO) VALUES (45, 12000, 200, 2000, 45, 2);
INSERT INTO PRODUCT (BOARD_NO, PRODUCT_PRICE, PRODUCT_COUNT, DELIVERY_FEE, READ_COUNT, CATEGORY_NO) VALUES (46, 99000, 30, 5000, 20, 2);
INSERT INTO PRODUCT (BOARD_NO, PRODUCT_PRICE, PRODUCT_COUNT, DELIVERY_FEE, READ_COUNT, CATEGORY_NO) VALUES (47, 38000, 90, 3000, 15, 2);
INSERT INTO PRODUCT (BOARD_NO, PRODUCT_PRICE, PRODUCT_COUNT, DELIVERY_FEE, READ_COUNT, CATEGORY_NO) VALUES (48, 40000, 60, 2500, 25, 2);
INSERT INTO PRODUCT (BOARD_NO, PRODUCT_PRICE, PRODUCT_COUNT, DELIVERY_FEE, READ_COUNT, CATEGORY_NO) VALUES (49, 62000, 35, 4000, 10, 2);
INSERT INTO PRODUCT (BOARD_NO, PRODUCT_PRICE, PRODUCT_COUNT, DELIVERY_FEE, READ_COUNT, CATEGORY_NO) VALUES (50, 27000, 100, 2000, 12, 2);

-- 상품 옵션 테이블 더미 데이터
-- (BOARD_NO = 3) 프리미엄 헤드폰
INSERT INTO PRODUCT_OPTION (OPTION_NO, OPTION_NAME, BOARD_NO) VALUES (16, 'Black', 3);
INSERT INTO PRODUCT_OPTION (OPTION_NO, OPTION_NAME, BOARD_NO) VALUES (17, 'White', 3);
INSERT INTO PRODUCT_OPTION (OPTION_NO, OPTION_NAME, BOARD_NO) VALUES (18, 'Gold', 3);

-- (BOARD_NO = 4) 친환경 텀블러
INSERT INTO PRODUCT_OPTION (OPTION_NO, OPTION_NAME, BOARD_NO) VALUES (19, '300ml', 4);
INSERT INTO PRODUCT_OPTION (OPTION_NO, OPTION_NAME, BOARD_NO) VALUES (20, '500ml', 4);
INSERT INTO PRODUCT_OPTION (OPTION_NO, OPTION_NAME, BOARD_NO) VALUES (21, '700ml', 4);

-- (BOARD_NO = 19) 브랜드 상품 - 무선 마우스
INSERT INTO PRODUCT_OPTION (OPTION_NO, OPTION_NAME, BOARD_NO) VALUES (22, 'Black', 19);
INSERT INTO PRODUCT_OPTION (OPTION_NO, OPTION_NAME, BOARD_NO) VALUES (23, 'Red', 19);
INSERT INTO PRODUCT_OPTION (OPTION_NO, OPTION_NAME, BOARD_NO) VALUES (24, 'Blue', 19);

-- (BOARD_NO = 20) 브랜드 상품 - 미니 공기청정기
INSERT INTO PRODUCT_OPTION (OPTION_NO, OPTION_NAME, BOARD_NO) VALUES (25, 'Basic Filter', 20);
INSERT INTO PRODUCT_OPTION (OPTION_NO, OPTION_NAME, BOARD_NO) VALUES (26, 'Advanced Filter', 20);
INSERT INTO PRODUCT_OPTION (OPTION_NO, OPTION_NAME, BOARD_NO) VALUES (27, 'Premium Filter', 20);

-- (BOARD_NO = 42) 게이밍 마우스
INSERT INTO PRODUCT_OPTION (OPTION_NO, OPTION_NAME, BOARD_NO) VALUES (28, 'Black', 42);
INSERT INTO PRODUCT_OPTION (OPTION_NO, OPTION_NAME, BOARD_NO) VALUES (29, 'White', 42);
INSERT INTO PRODUCT_OPTION (OPTION_NO, OPTION_NAME, BOARD_NO) VALUES (30, 'RGB Edition', 42);

-- (BOARD_NO = 43) 스마트램프
INSERT INTO PRODUCT_OPTION (OPTION_NO, OPTION_NAME, BOARD_NO) VALUES (31, 'Warm White', 43);
INSERT INTO PRODUCT_OPTION (OPTION_NO, OPTION_NAME, BOARD_NO) VALUES (32, 'Cool White', 43);
INSERT INTO PRODUCT_OPTION (OPTION_NO, OPTION_NAME, BOARD_NO) VALUES (33, 'Colorful', 43);

-- (BOARD_NO = 44) 코딩 키보드
INSERT INTO PRODUCT_OPTION (OPTION_NO, OPTION_NAME, BOARD_NO) VALUES (34, 'Blue Switch', 44);
INSERT INTO PRODUCT_OPTION (OPTION_NO, OPTION_NAME, BOARD_NO) VALUES (35, 'Brown Switch', 44);
INSERT INTO PRODUCT_OPTION (OPTION_NO, OPTION_NAME, BOARD_NO) VALUES (36, 'Red Switch', 44);

-- (BOARD_NO = 45) USB 충전기
INSERT INTO PRODUCT_OPTION (OPTION_NO, OPTION_NAME, BOARD_NO) VALUES (37, '1 Port', 45);
INSERT INTO PRODUCT_OPTION (OPTION_NO, OPTION_NAME, BOARD_NO) VALUES (38, '2 Port', 45);
INSERT INTO PRODUCT_OPTION (OPTION_NO, OPTION_NAME, BOARD_NO) VALUES (39, '4 Port', 45);

-- (BOARD_NO = 46) 미니 냉장고
INSERT INTO PRODUCT_OPTION (OPTION_NO, OPTION_NAME, BOARD_NO) VALUES (40, 'White', 46);
INSERT INTO PRODUCT_OPTION (OPTION_NO, OPTION_NAME, BOARD_NO) VALUES (41, 'Red', 46);
INSERT INTO PRODUCT_OPTION (OPTION_NO, OPTION_NAME, BOARD_NO) VALUES (42, 'Blue', 46);

-- (BOARD_NO = 47) 노트북 거치대
INSERT INTO PRODUCT_OPTION (OPTION_NO, OPTION_NAME, BOARD_NO) VALUES (43, 'Standard', 47);
INSERT INTO PRODUCT_OPTION (OPTION_NO, OPTION_NAME, BOARD_NO) VALUES (44, 'Foldable', 47);
INSERT INTO PRODUCT_OPTION (OPTION_NO, OPTION_NAME, BOARD_NO) VALUES (45, 'Portable', 47);

-- (BOARD_NO = 48) 스마트 체중계
INSERT INTO PRODUCT_OPTION (OPTION_NO, OPTION_NAME, BOARD_NO) VALUES (46, 'Bluetooth', 48);
INSERT INTO PRODUCT_OPTION (OPTION_NO, OPTION_NAME, BOARD_NO) VALUES (47, 'Wi-Fi', 48);
INSERT INTO PRODUCT_OPTION (OPTION_NO, OPTION_NAME, BOARD_NO) VALUES (48, 'Body Composition', 48);

-- (BOARD_NO = 49) 스마트 안마기
INSERT INTO PRODUCT_OPTION (OPTION_NO, OPTION_NAME, BOARD_NO) VALUES (49, 'Neck Massage', 49);
INSERT INTO PRODUCT_OPTION (OPTION_NO, OPTION_NAME, BOARD_NO) VALUES (50, 'Shoulder Massage', 49);
INSERT INTO PRODUCT_OPTION (OPTION_NO, OPTION_NAME, BOARD_NO) VALUES (51, 'Full Body Massage', 49);

-- (BOARD_NO = 50) LED 스탠드
INSERT INTO PRODUCT_OPTION (OPTION_NO, OPTION_NAME, BOARD_NO) VALUES (52, 'Touch Sensor', 50);
INSERT INTO PRODUCT_OPTION (OPTION_NO, OPTION_NAME, BOARD_NO) VALUES (53, '3-Stage Brightness', 50);
INSERT INTO PRODUCT_OPTION (OPTION_NO, OPTION_NAME, BOARD_NO) VALUES (54, 'Color Temperature Control', 50);


-- 리뷰 정보 테이블 더미 데이터
-- board_cd = 1 인 경우 (공동구매) => REVIEW_TYPE = 1
-- 예시로 BOARD_NO = 1, 2, 17, 33, 41 에 대해 리뷰 작성
INSERT INTO REVIEW (REVIEW_NO, REVIEW_CONTENT, REVIEW_STAR, REVIEW_CREATED_DATE, REVIEW_UPDATE_DATE,
                    REVIEW_DEL_FL, REVIEW_TYPE, REVIEW_TYPE_NO, MEMBER_NO) 
VALUES (1, '무선 이어폰 정말 좋아요!', 5, SYSDATE, NULL, 'N', 1, 1, 2);

INSERT INTO REVIEW (REVIEW_NO, REVIEW_CONTENT, REVIEW_STAR, REVIEW_CREATED_DATE, REVIEW_UPDATE_DATE,
                    REVIEW_DEL_FL, REVIEW_TYPE, REVIEW_TYPE_NO, MEMBER_NO) 
VALUES (2, '스마트워치 가성비 좋습니다.', 4, SYSDATE, NULL, 'N', 1, 2, 3);

INSERT INTO REVIEW (REVIEW_NO, REVIEW_CONTENT, REVIEW_STAR, REVIEW_CREATED_DATE, REVIEW_UPDATE_DATE,
                    REVIEW_DEL_FL, REVIEW_TYPE, REVIEW_TYPE_NO, MEMBER_NO) 
VALUES (3, '게이밍 키보드 만족스럽습니다!', 5, SYSDATE, NULL, 'N', 1, 17, 4);

INSERT INTO REVIEW (REVIEW_NO, REVIEW_CONTENT, REVIEW_STAR, REVIEW_CREATED_DATE, REVIEW_UPDATE_DATE,
                    REVIEW_DEL_FL, REVIEW_TYPE, REVIEW_TYPE_NO, MEMBER_NO) 
VALUES (4, '게이밍 마우스는 조금 무겁네요.', 3, SYSDATE, NULL, 'N', 1, 33, 5);

INSERT INTO REVIEW (REVIEW_NO, REVIEW_CONTENT, REVIEW_STAR, REVIEW_CREATED_DATE, REVIEW_UPDATE_DATE,
                    REVIEW_DEL_FL, REVIEW_TYPE, REVIEW_TYPE_NO, MEMBER_NO) 
VALUES (5, 'LED 스탠드 밝기 조절이 편리해요.', 4, SYSDATE, NULL, 'N', 1, 41, 6);

-- board_cd = 2 인 경우 (브랜드 상품) => REVIEW_TYPE = 2
-- 예시로 BOARD_NO = 3, 19, 42, 48, 50 에 대해 리뷰 작성
INSERT INTO REVIEW (REVIEW_NO, REVIEW_CONTENT, REVIEW_STAR, REVIEW_CREATED_DATE, REVIEW_UPDATE_DATE,
                    REVIEW_DEL_FL, REVIEW_TYPE, REVIEW_TYPE_NO, MEMBER_NO) 
VALUES (6, '프리미엄 헤드폰 노이즈캔슬링이 뛰어납니다.', 5, SYSDATE, NULL, 'N', 2, 3, 2);

INSERT INTO REVIEW (REVIEW_NO, REVIEW_CONTENT, REVIEW_STAR, REVIEW_CREATED_DATE, REVIEW_UPDATE_DATE,
                    REVIEW_DEL_FL, REVIEW_TYPE, REVIEW_TYPE_NO, MEMBER_NO) 
VALUES (7, '무선 마우스 인체공학적 디자인이 맘에 들어요.', 4, SYSDATE, NULL, 'N', 2, 19, 3);

INSERT INTO REVIEW (REVIEW_NO, REVIEW_CONTENT, REVIEW_STAR, REVIEW_CREATED_DATE, REVIEW_UPDATE_DATE,
                    REVIEW_DEL_FL, REVIEW_TYPE, REVIEW_TYPE_NO, MEMBER_NO) 
VALUES (8, '게이밍 마우스도 써봤는데 이번엔 다른 모델로 구매했어요.', 3, SYSDATE, NULL, 'N', 2, 42, 4);

INSERT INTO REVIEW (REVIEW_NO, REVIEW_CONTENT, REVIEW_STAR, REVIEW_CREATED_DATE, REVIEW_UPDATE_DATE,
                    REVIEW_DEL_FL, REVIEW_TYPE, REVIEW_TYPE_NO, MEMBER_NO) 
VALUES (9, '스마트 체중계로 건강 관리가 한층 편해졌어요.', 4, SYSDATE, NULL, 'N', 2, 48, 5);

INSERT INTO REVIEW (REVIEW_NO, REVIEW_CONTENT, REVIEW_STAR, REVIEW_CREATED_DATE, REVIEW_UPDATE_DATE,
                    REVIEW_DEL_FL, REVIEW_TYPE, REVIEW_TYPE_NO, MEMBER_NO) 
VALUES (10, 'LED 스탠드는 눈부심 방지 기능이 특히 좋네요!', 5, SYSDATE, NULL, 'N', 2, 50, 6);

-- 포인트 결제 내역 더미 데이터
INSERT INTO POINT_USAGE (USAGE_NO, USED_AMOUNT, USAGE_TYPE, USAGE_TYPE_NO, STATUS, USED_DATE, MEMBER_NO) 
VALUES (1, 500, '1', 1, '대기', SYSDATE, 2);

INSERT INTO POINT_USAGE (USAGE_NO, USED_AMOUNT, USAGE_TYPE, USAGE_TYPE_NO, STATUS, USED_DATE, MEMBER_NO) 
VALUES (2, 1000, '1', 2, '완료', SYSDATE, 3);

INSERT INTO POINT_USAGE (USAGE_NO, USED_AMOUNT, USAGE_TYPE, USAGE_TYPE_NO, STATUS, USED_DATE, MEMBER_NO) 
VALUES (3, 200, '2', 101, '완료', SYSDATE, 2);

INSERT INTO POINT_USAGE (USAGE_NO, USED_AMOUNT, USAGE_TYPE, USAGE_TYPE_NO, STATUS, USED_DATE, MEMBER_NO) 
VALUES (4, 300, '1', 19, '대기', SYSDATE, 5);

INSERT INTO POINT_USAGE (USAGE_NO, USED_AMOUNT, USAGE_TYPE, USAGE_TYPE_NO, STATUS, USED_DATE, MEMBER_NO) 
VALUES (5, 800, '1', 999, '대기', SYSDATE, 2);

INSERT INTO POINT_USAGE (USAGE_NO, USED_AMOUNT, USAGE_TYPE, USAGE_TYPE_NO, STATUS, USED_DATE, MEMBER_NO) 
VALUES (6, 1500, '2', 42, '완료', SYSDATE, 7);

INSERT INTO POINT_USAGE (USAGE_NO, USED_AMOUNT, USAGE_TYPE, USAGE_TYPE_NO, STATUS, USED_DATE, MEMBER_NO) 
VALUES (7, 1200, '1', 112, '완료', SYSDATE, 1);

INSERT INTO POINT_USAGE (USAGE_NO, USED_AMOUNT, USAGE_TYPE, USAGE_TYPE_NO, STATUS, USED_DATE, MEMBER_NO) 
VALUES (8, 100, '1', 0, '취소', SYSDATE, 2);

INSERT INTO POINT_USAGE (USAGE_NO, USED_AMOUNT, USAGE_TYPE, USAGE_TYPE_NO, STATUS, USED_DATE, MEMBER_NO) 
VALUES (9, 2000, '2', 44, '완료', SYSDATE, 3);

INSERT INTO POINT_USAGE (USAGE_NO, USED_AMOUNT, USAGE_TYPE, USAGE_TYPE_NO, STATUS, USED_DATE, MEMBER_NO) 
VALUES (10, 3500, '1', 17, '대기', SYSDATE, 4);
   
-- 포인트 충전 내역
INSERT INTO POINT_TRANSACTION (TRANSACTION_NO, AMOUNT, PAYMENT_METHOD, CHARGED_DATE, MEMBER_NO)
VALUES (1, 5000, '계좌이체', SYSDATE, 2);

INSERT INTO POINT_TRANSACTION (TRANSACTION_NO, AMOUNT, PAYMENT_METHOD, CHARGED_DATE, MEMBER_NO)
VALUES (2, 10000, '간편결제', SYSDATE, 3);

INSERT INTO POINT_TRANSACTION (TRANSACTION_NO, AMOUNT, PAYMENT_METHOD, CHARGED_DATE, MEMBER_NO)
VALUES (3, 2000, '카드결제', SYSDATE, 2);

INSERT INTO POINT_TRANSACTION (TRANSACTION_NO, AMOUNT, PAYMENT_METHOD, CHARGED_DATE, MEMBER_NO)
VALUES (4, 8000, '계좌이체', SYSDATE, 5);

INSERT INTO POINT_TRANSACTION (TRANSACTION_NO, AMOUNT, PAYMENT_METHOD, CHARGED_DATE, MEMBER_NO)
VALUES (5, 6000, '간편결제', SYSDATE, 2);

INSERT INTO POINT_TRANSACTION (TRANSACTION_NO, AMOUNT, PAYMENT_METHOD, CHARGED_DATE, MEMBER_NO)
VALUES (6, 10000, '계좌이체', SYSDATE, 7);

INSERT INTO POINT_TRANSACTION (TRANSACTION_NO, AMOUNT, PAYMENT_METHOD, CHARGED_DATE, MEMBER_NO)
VALUES (7, 3000, '카드결제', SYSDATE, 1);

INSERT INTO POINT_TRANSACTION (TRANSACTION_NO, AMOUNT, PAYMENT_METHOD, CHARGED_DATE, MEMBER_NO)
VALUES (8, 15000, '간편결제', SYSDATE, 2);

INSERT INTO POINT_TRANSACTION (TRANSACTION_NO, AMOUNT, PAYMENT_METHOD, CHARGED_DATE, MEMBER_NO)
VALUES (9, 20000, '계좌이체', SYSDATE, 3);

INSERT INTO POINT_TRANSACTION (TRANSACTION_NO, AMOUNT, PAYMENT_METHOD, CHARGED_DATE, MEMBER_NO)
VALUES (10, 5000, '카드결제', SYSDATE, 4);


-- 리뷰 테이블
-- 첫 번째 댓글
INSERT INTO REPLY (REPLY_NO, REPLY_CREATE_DATE, REPLY_DEL_FL, REPLY_CONTENT, SECRET_REPLY_STATUS, MEMBER_NO, BOARD_NO, PARENT_REPLY_NO)
VALUES (1, SYSDATE, 'N', '이 무선 이어폰 공동구매 정말 좋은 가격이네요!', 'N', 2, 1, NULL);

-- 첫 번째 댓글에 대한 대댓글
INSERT INTO REPLY (REPLY_NO, REPLY_CREATE_DATE, REPLY_DEL_FL, REPLY_CONTENT, SECRET_REPLY_STATUS, MEMBER_NO, BOARD_NO, PARENT_REPLY_NO)
VALUES (2, SYSDATE, 'N', '네, 가격도 괜찮고 성능도 좋을 것 같아요. 저도 참여할게요!', 'N', 3, 1, 1);

-- 두 번째 댓글
INSERT INTO REPLY (REPLY_NO, REPLY_CREATE_DATE, REPLY_DEL_FL, REPLY_CONTENT, SECRET_REPLY_STATUS, MEMBER_NO, BOARD_NO, PARENT_REPLY_NO)
VALUES (3, SYSDATE, 'N', '스마트워치 공동구매가 이 가격이면 진짜 괜찮네요.', 'N', 4, 1, NULL);

-- 두 번째 댓글에 대한 대댓글
INSERT INTO REPLY (REPLY_NO, REPLY_CREATE_DATE, REPLY_DEL_FL, REPLY_CONTENT, SECRET_REPLY_STATUS, MEMBER_NO, BOARD_NO, PARENT_REPLY_NO)
VALUES (4, SYSDATE, 'N', '맞아요! 여기서 공동구매 하면 더 저렴할 것 같네요.', 'N', 5, 1, 3);

-- 세 번째 댓글
INSERT INTO REPLY (REPLY_NO, REPLY_CREATE_DATE, REPLY_DEL_FL, REPLY_CONTENT, SECRET_REPLY_STATUS, MEMBER_NO, BOARD_NO, PARENT_REPLY_NO)
VALUES (5, SYSDATE, 'N', '프리미엄 헤드폰도 관심 가는데, 성능은 어떤가요?', 'N', 6, 1, NULL);

-- 세 번째 댓글에 대한 대댓글
INSERT INTO REPLY (REPLY_NO, REPLY_CREATE_DATE, REPLY_DEL_FL, REPLY_CONTENT, SECRET_REPLY_STATUS, MEMBER_NO, BOARD_NO, PARENT_REPLY_NO)
VALUES (6, SYSDATE, 'N', '헤드폰은 노이즈 캔슬링 기능이 정말 뛰어납니다. 추천합니다!', 'N', 7, 1, 5);

-- 네 번째 댓글
INSERT INTO REPLY (REPLY_NO, REPLY_CREATE_DATE, REPLY_DEL_FL, REPLY_CONTENT, SECRET_REPLY_STATUS, MEMBER_NO, BOARD_NO, PARENT_REPLY_NO)
VALUES (7, SYSDATE, 'N', '저도 스마트 체중계가 궁금합니다. 정확도가 좋나요?', 'N', 8, 1, NULL);

-- 네 번째 댓글에 대한 대댓글
INSERT INTO REPLY (REPLY_NO, REPLY_CREATE_DATE, REPLY_DEL_FL, REPLY_CONTENT, SECRET_REPLY_STATUS, MEMBER_NO, BOARD_NO, PARENT_REPLY_NO)
VALUES (8, SYSDATE, 'N', '스마트 체중계는 정확도가 꽤 높아요. 건강 관리에 유용합니다.', 'N', 9, 1, 7);

-- 첫 번째 댓글 (상품 문의)
INSERT INTO REPLY (REPLY_NO, REPLY_CREATE_DATE, REPLY_DEL_FL, REPLY_CONTENT, SECRET_REPLY_STATUS, MEMBER_NO, BOARD_NO, PARENT_REPLY_NO)
VALUES (9, SYSDATE, 'N', '이 무선 마우스는 배터리 수명이 어떻게 되나요?', 'N', 2, 9, NULL);

-- 첫 번째 댓글에 대한 답변
INSERT INTO REPLY (REPLY_NO, REPLY_CREATE_DATE, REPLY_DEL_FL, REPLY_CONTENT, SECRET_REPLY_STATUS, MEMBER_NO, BOARD_NO, PARENT_REPLY_NO)
VALUES (10, SYSDATE, 'N', '배터리 수명이 꽤 오래 가며, 대략 6개월 이상 유지됩니다.', 'N', 3, 9, 9);

-- 두 번째 댓글 (상품 문의)
INSERT INTO REPLY (REPLY_NO, REPLY_CREATE_DATE, REPLY_DEL_FL, REPLY_CONTENT, SECRET_REPLY_STATUS, MEMBER_NO, BOARD_NO, PARENT_REPLY_NO)
VALUES (11, SYSDATE, 'N', '이 헤드폰의 노이즈 캔슬링 성능은 어떤가요?', 'N', 4, 9, NULL);

-- 두 번째 댓글에 대한 답변
INSERT INTO REPLY (REPLY_NO, REPLY_CREATE_DATE, REPLY_DEL_FL, REPLY_CONTENT, SECRET_REPLY_STATUS, MEMBER_NO, BOARD_NO, PARENT_REPLY_NO)
VALUES (12, SYSDATE, 'N', '헤드폰은 뛰어난 노이즈 캔슬링 기능을 자랑하며, 외부 소음을 거의 차단합니다.', 'N', 5, 9, 11);

-- 세 번째 댓글 (상품 문의)
INSERT INTO REPLY (REPLY_NO, REPLY_CREATE_DATE, REPLY_DEL_FL, REPLY_CONTENT, SECRET_REPLY_STATUS, MEMBER_NO, BOARD_NO, PARENT_REPLY_NO)
VALUES (13, SYSDATE, 'N', '스마트 체중계의 정확도가 궁금해요.', 'N', 6, 9, NULL);

-- 세 번째 댓글에 대한 답변
INSERT INTO REPLY (REPLY_NO, REPLY_CREATE_DATE, REPLY_DEL_FL, REPLY_CONTENT, SECRET_REPLY_STATUS, MEMBER_NO, BOARD_NO, PARENT_REPLY_NO)
VALUES (14, SYSDATE, 'N', '스마트 체중계는 정확도에 있어 업계 최고 수준으로 평가받고 있습니다.', 'N', 7, 9, 13);

-- 네 번째 댓글 (상품 문의)
INSERT INTO REPLY (REPLY_NO, REPLY_CREATE_DATE, REPLY_DEL_FL, REPLY_CONTENT, SECRET_REPLY_STATUS, MEMBER_NO, BOARD_NO, PARENT_REPLY_NO)
VALUES (15, SYSDATE, 'N', '이 LED 스탠드는 조명 밝기 조절이 가능한가요?', 'N', 8, 9, NULL);

-- 네 번째 댓글에 대한 답변
INSERT INTO REPLY (REPLY_NO, REPLY_CREATE_DATE, REPLY_DEL_FL, REPLY_CONTENT, SECRET_REPLY_STATUS, MEMBER_NO, BOARD_NO, PARENT_REPLY_NO)
VALUES (16, SYSDATE, 'N', '네, LED 스탠드는 조명 밝기와 색 온도를 조절할 수 있습니다.', 'N', 9, 9, 15);

-- 장바구니
INSERT INTO CART (BOARD_NO, MEMBER_NO, ADDED_DATE)
VALUES (19, 2, SYSDATE);

INSERT INTO CART (BOARD_NO, MEMBER_NO, ADDED_DATE)
VALUES (20, 3, SYSDATE);

INSERT INTO CART (BOARD_NO, MEMBER_NO, ADDED_DATE)
VALUES (22, 4, SYSDATE);

INSERT INTO CART (BOARD_NO, MEMBER_NO, ADDED_DATE)
VALUES (23, 5, SYSDATE);

INSERT INTO CART (BOARD_NO, MEMBER_NO, ADDED_DATE)
VALUES (24, 6, SYSDATE);

INSERT INTO CART (BOARD_NO, MEMBER_NO, ADDED_DATE)
VALUES (26, 2, SYSDATE);

INSERT INTO CART (BOARD_NO, MEMBER_NO, ADDED_DATE)
VALUES (27, 3, SYSDATE);

INSERT INTO CART (BOARD_NO, MEMBER_NO, ADDED_DATE)
VALUES (28, 4, SYSDATE);

INSERT INTO CART (BOARD_NO, MEMBER_NO, ADDED_DATE)
VALUES (29, 5, SYSDATE);

INSERT INTO CART (BOARD_NO, MEMBER_NO, ADDED_DATE)
VALUES (30, 6, SYSDATE);

INSERT INTO CART (BOARD_NO, MEMBER_NO, ADDED_DATE)
VALUES (33, 2, SYSDATE);

INSERT INTO CART (BOARD_NO, MEMBER_NO, ADDED_DATE)
VALUES (34, 3, SYSDATE);

INSERT INTO CART (BOARD_NO, MEMBER_NO, ADDED_DATE)
VALUES (35, 4, SYSDATE);

INSERT INTO CART (BOARD_NO, MEMBER_NO, ADDED_DATE)
VALUES (36, 5, SYSDATE);

INSERT INTO CART (BOARD_NO, MEMBER_NO, ADDED_DATE)
VALUES (37, 6, SYSDATE);

INSERT INTO CART (BOARD_NO, MEMBER_NO, ADDED_DATE)
VALUES (39, 2, SYSDATE);

INSERT INTO CART (BOARD_NO, MEMBER_NO, ADDED_DATE)
VALUES (40, 3, SYSDATE);

INSERT INTO CART (BOARD_NO, MEMBER_NO, ADDED_DATE)
VALUES (41, 4, SYSDATE);

INSERT INTO CART (BOARD_NO, MEMBER_NO, ADDED_DATE)
VALUES (42, 5, SYSDATE);

-- 주문 테이블
-- 첫 번째 주문 (브랜드 상품)
INSERT INTO "ORDER" (ORDER_NO, QUANTITY, DELIVERY_ADDR, TRACKING_NO, BOARD_NO, MEMBER_NO)
VALUES (1, 2, '06234,, 서울 강남구 테헤란로 14길 6,, 5층', '1234567890', 19, 2);

-- 두 번째 주문 (브랜드 상품)
INSERT INTO "ORDER" (ORDER_NO, QUANTITY, DELIVERY_ADDR, TRACKING_NO, BOARD_NO, MEMBER_NO)
VALUES (2, 1, '06234,, 부산시 해운대구 센텀1로 8,, 3층', '2345678901', 20, 3);

-- 세 번째 주문 (브랜드 상품)
INSERT INTO "ORDER" (ORDER_NO, QUANTITY, DELIVERY_ADDR, TRACKING_NO, BOARD_NO, MEMBER_NO)
VALUES (3, 3, '06234,, 대구시 수성구 유가로 100,, 2층', '3456789012', 22, 4);

-- 네 번째 주문 (브랜드 상품)
INSERT INTO "ORDER" (ORDER_NO, QUANTITY, DELIVERY_ADDR, TRACKING_NO, BOARD_NO, MEMBER_NO)
VALUES (4, 1, '06234,, 인천시 연수구 송도1로 50,, 4층', '4567890123', 23, 5);

-- 다섯 번째 주문 (브랜드 상품)
INSERT INTO "ORDER" (ORDER_NO, QUANTITY, DELIVERY_ADDR, TRACKING_NO, BOARD_NO, MEMBER_NO)
VALUES (5, 5, '06234,, 서울시 종로구 종로 5길 24,, 7층', '5678901234', 26, 2);

-- 여섯 번째 주문 (브랜드 상품)
INSERT INTO "ORDER" (ORDER_NO, QUANTITY, DELIVERY_ADDR, TRACKING_NO, BOARD_NO, MEMBER_NO)
VALUES (6, 2, '06234,, 광주시 서구 상무대로 112,, 10층', '6789012345', 27, 3);

-- 일곱 번째 주문 (브랜드 상품)
INSERT INTO "ORDER" (ORDER_NO, QUANTITY, DELIVERY_ADDR, TRACKING_NO, BOARD_NO, MEMBER_NO)
VALUES (7, 1, '06234,, 대전시 유성구 테크노 2로 98,, 3층', '7890123456', 28, 4);

-- 찜 테이블
-- 첫 번째 찜 (브랜드 상품)
INSERT INTO PICK (MEMBER_NO, BOARD_NO)
VALUES (1, 19);

-- 두 번째 찜 (브랜드 상품)
INSERT INTO PICK (MEMBER_NO, BOARD_NO)
VALUES (1, 20);

-- 세 번째 찜 (브랜드 상품)
INSERT INTO PICK (MEMBER_NO, BOARD_NO)
VALUES (1, 22);

-- 네 번째 찜 (브랜드 상품)
INSERT INTO PICK (MEMBER_NO, BOARD_NO)
VALUES (2, 23);

-- 다섯 번째 찜 (브랜드 상품)
INSERT INTO PICK (MEMBER_NO, BOARD_NO)
VALUES (2, 26);

-- 여섯 번째 찜 (브랜드 상품)
INSERT INTO PICK (MEMBER_NO, BOARD_NO)
VALUES (2, 27);

-- 공동구매 모집방
-- 첫 번째 공동구매 모집방
INSERT INTO RECRUITMENT_ROOM (RECRUITMENT_NO, MAX_PARTICIPANTS, RECRUITMENT_STATUS, REC_CREATED_DATE, REC_END_DATE, REGION, PRODUCT_URL, QR_CODE, MEMBER_NO, BOARD_NO)
VALUES (1, '50', '모집 중', SYSDATE, TO_DATE('2023-12-31', 'YYYY-MM-DD'), 1, 'https://example.com/product1', 123456, 2, 19);

-- 두 번째 공동구매 모집방
INSERT INTO RECRUITMENT_ROOM (RECRUITMENT_NO, MAX_PARTICIPANTS, RECRUITMENT_STATUS, REC_CREATED_DATE, REC_END_DATE, REGION, PRODUCT_URL, QR_CODE, MEMBER_NO, BOARD_NO)
VALUES (2, '100', '모집 중', SYSDATE, TO_DATE('2023-12-15', 'YYYY-MM-DD'), 2, 'https://example.com/product2', 234567, 3, 20);

-- 세 번째 공동구매 모집방
INSERT INTO RECRUITMENT_ROOM (RECRUITMENT_NO, MAX_PARTICIPANTS, RECRUITMENT_STATUS, REC_CREATED_DATE, REC_END_DATE, REGION, PRODUCT_URL, QR_CODE, MEMBER_NO, BOARD_NO)
VALUES (3, '30', '모집 중', SYSDATE, TO_DATE('2023-11-30', 'YYYY-MM-DD'), 3, 'https://example.com/product3', 345678, 4, 22);

-- 네 번째 공동구매 모집방
INSERT INTO RECRUITMENT_ROOM (RECRUITMENT_NO, MAX_PARTICIPANTS, RECRUITMENT_STATUS, REC_CREATED_DATE, REC_END_DATE, REGION, PRODUCT_URL, QR_CODE, MEMBER_NO, BOARD_NO)
VALUES (4, '20', '모집 중', SYSDATE, TO_DATE('2023-11-20', 'YYYY-MM-DD'), 4, 'https://example.com/product4', 456789, 5, 23);

-- 다섯 번째 공동구매 모집방
INSERT INTO RECRUITMENT_ROOM (RECRUITMENT_NO, MAX_PARTICIPANTS, RECRUITMENT_STATUS, REC_CREATED_DATE, REC_END_DATE, REGION, PRODUCT_URL, QR_CODE, MEMBER_NO, BOARD_NO)
VALUES (5, '200', '모집 중', SYSDATE, TO_DATE('2023-12-25', 'YYYY-MM-DD'), 5, 'https://example.com/product5', 567890, 6, 26);

--공동구매 참가자
-- 첫 번째 공동구매 참가자 (참가)
INSERT INTO RECRUITMENT_PARTICIPANT (MEMBER_NO, JOIN_DATE, RECRUITMENT_NO)
VALUES (2, SYSDATE, 1);

-- 두 번째 공동구매 참가자 (참가)
INSERT INTO RECRUITMENT_PARTICIPANT (MEMBER_NO, JOIN_DATE, RECRUITMENT_NO)
VALUES (3, SYSDATE, 2);

-- 세 번째 공동구매 참가자 (참가)
INSERT INTO RECRUITMENT_PARTICIPANT (MEMBER_NO, JOIN_DATE, RECRUITMENT_NO)
VALUES (4, SYSDATE, 3);

-- 네 번째 공동구매 참가자 (참가)
INSERT INTO RECRUITMENT_PARTICIPANT (MEMBER_NO, JOIN_DATE, RECRUITMENT_NO)
VALUES (5, SYSDATE, 4);

-- 다섯 번째 공동구매 참가자 (참가)
INSERT INTO RECRUITMENT_PARTICIPANT (MEMBER_NO, JOIN_DATE, RECRUITMENT_NO)
VALUES (6, SYSDATE, 5);


-- 일곱 번째 공동구매 참가자 (참가)
INSERT INTO RECRUITMENT_PARTICIPANT (MEMBER_NO, JOIN_DATE, RECRUITMENT_NO)
VALUES (7, SYSDATE, 2);

-- 여덟 번째 공동구매 참가자 (참가)
INSERT INTO RECRUITMENT_PARTICIPANT (MEMBER_NO, JOIN_DATE, RECRUITMENT_NO)
VALUES (8, SYSDATE, 3);

-- 아홉 번째 공동구매 참가자 (참가)
INSERT INTO RECRUITMENT_PARTICIPANT (MEMBER_NO, JOIN_DATE, RECRUITMENT_NO)
VALUES (9, SYSDATE, 4);

-- 여섯 번째 공동구매 참가자 (참가 후 취소)
UPDATE RECRUITMENT_PARTICIPANT
SET CANCEL_DATE = SYSDATE
WHERE MEMBER_NO = 2 AND RECRUITMENT_NO = 1 AND CANCEL_DATE IS NULL;

-- 열 번째 공동구매 참가자 (참가 후 취소)
UPDATE RECRUITMENT_PARTICIPANT
SET CANCEL_DATE = SYSDATE
WHERE MEMBER_NO = 6 AND RECRUITMENT_NO = 5 AND CANCEL_DATE IS NULL;

-- 채팅방 데이터
-- 첫 번째 채팅방 (1:1 채팅)
INSERT INTO CHAT_ROOM (ROOM_NO, ROOM_NAME, GROUP_FL, CREATED_DATE, ROOM_DELETED_FL, OWNER_MEMBER_NO)
VALUES (1, '채팅방 1', 'N', SYSDATE, 'N', 2);

-- 두 번째 채팅방 (그룹 채팅)
INSERT INTO CHAT_ROOM (ROOM_NO, ROOM_NAME, GROUP_FL, CREATED_DATE, ROOM_DELETED_FL, OWNER_MEMBER_NO)
VALUES (2, '그룹 채팅방', 'Y', SYSDATE, 'N', 3);

-- 세 번째 채팅방 (그룹 채팅)
INSERT INTO CHAT_ROOM (ROOM_NO, ROOM_NAME, GROUP_FL, CREATED_DATE, ROOM_DELETED_FL, OWNER_MEMBER_NO)
VALUES (3, '그룹 채팅 1', 'Y', SYSDATE, 'N', 4);

-- 네 번째 채팅방 (1:1 채팅)
INSERT INTO CHAT_ROOM (ROOM_NO, ROOM_NAME, GROUP_FL, CREATED_DATE, ROOM_DELETED_FL, OWNER_MEMBER_NO)
VALUES (4, '채팅방 4', 'N', SYSDATE, 'N', 5);

-- 다섯 번째 채팅방 (그룹 채팅)
INSERT INTO CHAT_ROOM (ROOM_NO, ROOM_NAME, GROUP_FL, CREATED_DATE, ROOM_DELETED_FL, OWNER_MEMBER_NO)
VALUES (5, '그룹 채팅 2', 'Y', SYSDATE, 'N', 6);

-- 여섯 번째 채팅방 (1:1 채팅)
INSERT INTO CHAT_ROOM (ROOM_NO, ROOM_NAME, GROUP_FL, CREATED_DATE, ROOM_DELETED_FL, OWNER_MEMBER_NO)
VALUES (6, '채팅방 6', 'N', SYSDATE, 'N', 7);

-- 일곱 번째 채팅방 (그룹 채팅)
INSERT INTO CHAT_ROOM (ROOM_NO, ROOM_NAME, GROUP_FL, CREATED_DATE, ROOM_DELETED_FL, OWNER_MEMBER_NO)
VALUES (7, '그룹 채팅 3', 'Y', SYSDATE, 'N', 8);

-- 여덟 번째 채팅방 (1:1 채팅)
INSERT INTO CHAT_ROOM (ROOM_NO, ROOM_NAME, GROUP_FL, CREATED_DATE, ROOM_DELETED_FL, OWNER_MEMBER_NO)
VALUES (8, '채팅방 8', 'N', SYSDATE, 'N', 9);

-- 아홉 번째 채팅방 (그룹 채팅)
INSERT INTO CHAT_ROOM (ROOM_NO, ROOM_NAME, GROUP_FL, CREATED_DATE, ROOM_DELETED_FL, OWNER_MEMBER_NO)
VALUES (9, '그룹 채팅 4', 'Y', SYSDATE, 'N', 10);

-- 열 번째 채팅방 (그룹 채팅)
INSERT INTO CHAT_ROOM (ROOM_NO, ROOM_NAME, GROUP_FL, CREATED_DATE, ROOM_DELETED_FL, OWNER_MEMBER_NO)
VALUES (10, '그룹 채팅 5', 'Y', SYSDATE, 'N', 11);

-- 메시지 데이터
-- 첫 번째 채팅방 메시지 (1:1 채팅)
INSERT INTO CHAT_MESSAGE (MESSAGE_NO, MESSAGE_CONTENT, MESSAGE_TYPE, SEND_DATE, MESSAGE_DEL_FL, MEMBER_NO, ROOM_NO)
VALUES (1, '안녕하세요! 오늘은 어떻게 지내셨어요?', 'TEXT', SYSDATE, 'N', 2, 1);

-- 두 번째 메시지 (1:1 채팅)
INSERT INTO CHAT_MESSAGE (MESSAGE_NO, MESSAGE_CONTENT, MESSAGE_TYPE, SEND_DATE, MESSAGE_DEL_FL, MEMBER_NO, ROOM_NO)
VALUES (2, '안녕하세요! 오늘은 좀 바빴어요, 회의가 많았어요.', 'TEXT', SYSDATE, 'N', 3, 1);

-- 세 번째 메시지 (1:1 채팅)
INSERT INTO CHAT_MESSAGE (MESSAGE_NO, MESSAGE_CONTENT, MESSAGE_TYPE, SEND_DATE, MESSAGE_DEL_FL, MEMBER_NO, ROOM_NO)
VALUES (3, '그렇군요! 일이 많으셨겠어요. 끝나고 뭐 하셨어요?', 'TEXT', SYSDATE, 'N', 2, 1);

-- 네 번째 메시지 (1:1 채팅)
INSERT INTO CHAT_MESSAGE (MESSAGE_NO, MESSAGE_CONTENT, MESSAGE_TYPE, SEND_DATE, MESSAGE_DEL_FL, MEMBER_NO, ROOM_NO)
VALUES (4, '끝나고 친구랑 저녁 먹으러 갔어요. 😊', 'TEXT', SYSDATE, 'N', 3, 1);

-- 다섯 번째 메시지 (1:1 채팅)
INSERT INTO CHAT_MESSAGE (MESSAGE_NO, MESSAGE_CONTENT, MESSAGE_TYPE, SEND_DATE, MESSAGE_DEL_FL, MEMBER_NO, ROOM_NO)
VALUES (5, '저도 오랜만에 친구랑 만났어요. 피자 먹었어요. 🍕', 'TEXT', SYSDATE, 'N', 2, 1);

-- 첫 번째 그룹 채팅 메시지
INSERT INTO CHAT_MESSAGE (MESSAGE_NO, MESSAGE_CONTENT, MESSAGE_TYPE, SEND_DATE, MESSAGE_DEL_FL, MEMBER_NO, ROOM_NO)
VALUES (6, '모두 안녕하세요! 오늘 뭐 먹을까요?', 'TEXT', SYSDATE, 'N', 3, 2);

-- 두 번째 그룹 채팅 메시지
INSERT INTO CHAT_MESSAGE (MESSAGE_NO, MESSAGE_CONTENT, MESSAGE_TYPE, SEND_DATE, MESSAGE_DEL_FL, MEMBER_NO, ROOM_NO)
VALUES (7, '안녕하세요! 저는 피자가 먹고 싶어요. 🍕', 'TEXT', SYSDATE, 'N', 4, 2);

-- 세 번째 그룹 채팅 메시지
INSERT INTO CHAT_MESSAGE (MESSAGE_NO, MESSAGE_CONTENT, MESSAGE_TYPE, SEND_DATE, MESSAGE_DEL_FL, MEMBER_NO, ROOM_NO)
VALUES (8, '저도 피자 좋아요! 하지만 치킨도 좋지 않나요? 🍗', 'TEXT', SYSDATE, 'N', 5, 2);

-- 네 번째 그룹 채팅 메시지
INSERT INTO CHAT_MESSAGE (MESSAGE_NO, MESSAGE_CONTENT, MESSAGE_TYPE, SEND_DATE, MESSAGE_DEL_FL, MEMBER_NO, ROOM_NO)
VALUES (9, '치킨은 언제 먹어도 맛있죠! 어떤 종류로 할까요?', 'TEXT', SYSDATE, 'N', 6, 2);

-- 다섯 번째 그룹 채팅 메시지
INSERT INTO CHAT_MESSAGE (MESSAGE_NO, MESSAGE_CONTENT, MESSAGE_TYPE, SEND_DATE, MESSAGE_DEL_FL, MEMBER_NO, ROOM_NO)
VALUES (10, '핫윙! 매운 거 좋아해서요. 🔥', 'TEXT', SYSDATE, 'N', 3, 2);

-- 여섯 번째 그룹 채팅 메시지 (이모티콘 포함)
INSERT INTO CHAT_MESSAGE (MESSAGE_NO, MESSAGE_CONTENT, MESSAGE_TYPE, SEND_DATE, MESSAGE_DEL_FL, MEMBER_NO, ROOM_NO)
VALUES (11, '매운 거 좋다니까! 🔥🔥🔥', 'TEXT', SYSDATE, 'N', 4, 2);

-- 일곱 번째 그룹 채팅 메시지 (이미지 메시지)
INSERT INTO CHAT_MESSAGE (MESSAGE_NO, MESSAGE_CONTENT, MESSAGE_TYPE, SEND_DATE, MESSAGE_DEL_FL, MEMBER_NO, ROOM_NO)
VALUES (12, '여러분, 이 피자 사진 봐요! 🍕', 'IMAGE', SYSDATE, 'N', 5, 2);


-- 채팅 알림
-- 첫 번째 채팅방의 알림 (1:1 채팅, 읽지 않은 메시지 5개)
INSERT INTO CHAT_NOTIFICATION (NOTI_ID, UNREAD_COUNT, MEMBER_NO, MESSAGE_NO, ROOM_NO)
VALUES (1, 5, 2, 5, 1); -- 회원 2가 채팅방 1에서 마지막으로 읽지 않은 메시지 번호는 5번, 읽지 않은 메시지 5개

-- 두 번째 채팅방의 알림 (1:1 채팅, 읽지 않은 메시지 3개)
INSERT INTO CHAT_NOTIFICATION (NOTI_ID, UNREAD_COUNT, MEMBER_NO, MESSAGE_NO, ROOM_NO)
VALUES (2, 3, 3, 6, 1); -- 회원 3이 채팅방 1에서 마지막으로 읽지 않은 메시지 번호는 6번, 읽지 않은 메시지 3개

-- 세 번째 채팅방의 알림 (그룹 채팅, 읽지 않은 메시지 8개)
INSERT INTO CHAT_NOTIFICATION (NOTI_ID, UNREAD_COUNT, MEMBER_NO, MESSAGE_NO, ROOM_NO)
VALUES (3, 8, 4, 12, 2); -- 회원 4가 채팅방 2에서 마지막으로 읽지 않은 메시지 번호는 12번, 읽지 않은 메시지 8개

-- 네 번째 채팅방의 알림 (그룹 채팅, 읽지 않은 메시지 2개)
INSERT INTO CHAT_NOTIFICATION (NOTI_ID, UNREAD_COUNT, MEMBER_NO, MESSAGE_NO, ROOM_NO)
VALUES (4, 2, 5, 9, 2); -- 회원 5가 채팅방 2에서 마지막으로 읽지 않은 메시지 번호는 9번, 읽지 않은 메시지 2개

-- 다섯 번째 채팅방의 알림 (그룹 채팅, 읽지 않은 메시지 1개)
INSERT INTO CHAT_NOTIFICATION (NOTI_ID, UNREAD_COUNT, MEMBER_NO, MESSAGE_NO, ROOM_NO)
VALUES (5, 1, 6, 10, 2); -- 회원 6이 채팅방 2에서 마지막으로 읽지 않은 메시지 번호는 10번, 읽지 않은 메시지 1개

-- 채팅방 사용자 더미데이터
-- 첫 번째 채팅방 사용자 (1:1 채팅, 회원 2가 채팅방 1에 가입)
INSERT INTO CHAT_ROOM_USER (JOINED_DATE, MEMBER_NO, ROOM_NO)
VALUES (SYSDATE, 2, 1);

-- 두 번째 채팅방 사용자 (1:1 채팅, 회원 3이 채팅방 1에 가입)
INSERT INTO CHAT_ROOM_USER (JOINED_DATE, MEMBER_NO, ROOM_NO)
VALUES (SYSDATE, 3, 1);

-- 세 번째 채팅방 사용자 (그룹 채팅, 회원 4가 채팅방 2에 가입)
INSERT INTO CHAT_ROOM_USER (JOINED_DATE, MEMBER_NO, ROOM_NO)
VALUES (SYSDATE, 4, 2);

-- 네 번째 채팅방 사용자 (그룹 채팅, 회원 5가 채팅방 2에 가입)
INSERT INTO CHAT_ROOM_USER (JOINED_DATE, MEMBER_NO, ROOM_NO)
VALUES (SYSDATE, 5, 2);

-- 다섯 번째 채팅방 사용자 (그룹 채팅, 회원 6이 채팅방 2에 가입)
INSERT INTO CHAT_ROOM_USER (JOINED_DATE, MEMBER_NO, ROOM_NO)
VALUES (SYSDATE, 6, 2);

-- 여섯 번째 채팅방 사용자 (그룹 채팅, 회원 7이 채팅방 2에 가입)
INSERT INTO CHAT_ROOM_USER (JOINED_DATE, MEMBER_NO, ROOM_NO)
VALUES (SYSDATE, 7, 2);

-- 일곱 번째 채팅방 사용자 (그룹 채팅, 회원 8이 채팅방 2에 가입)
INSERT INTO CHAT_ROOM_USER (JOINED_DATE, MEMBER_NO, ROOM_NO)
VALUES (SYSDATE, 8, 2);

-- 여덟 번째 채팅방 사용자 (1:1 채팅, 회원 9가 채팅방 1에 가입)
INSERT INTO CHAT_ROOM_USER (JOINED_DATE, MEMBER_NO, ROOM_NO)
VALUES (SYSDATE, 9, 1);

-- 아홉 번째 채팅방 사용자 (1:1 채팅, 회원 10이 채팅방 1에 가입)
INSERT INTO CHAT_ROOM_USER (JOINED_DATE, MEMBER_NO, ROOM_NO)
VALUES (SYSDATE, 10, 1);

-- 이모티콘
-- 첫 번째 메시지에 포함된 이모티콘 (😊)
INSERT INTO CHAT_EMOJI (EMOJI_NO, MESSAGE_ID, EMOJI_CODE)
VALUES (1, 1, '😊');  -- 메시지 ID 1에 이모티콘 코드 😊

-- 두 번째 메시지에 포함된 이모티콘 (💯)
INSERT INTO CHAT_EMOJI (EMOJI_NO, MESSAGE_ID, EMOJI_CODE)
VALUES (2, 2, '💯');  -- 메시지 ID 2에 이모티콘 코드 💯

-- 세 번째 메시지에 포함된 이모티콘 (🔥)
INSERT INTO CHAT_EMOJI (EMOJI_NO, MESSAGE_ID, EMOJI_CODE)
VALUES (3, 3, '🔥');  -- 메시지 ID 3에 이모티콘 코드 🔥

-- 네 번째 메시지에 포함된 이모티콘 (😂)
INSERT INTO CHAT_EMOJI (EMOJI_NO, MESSAGE_ID, EMOJI_CODE)
VALUES (4, 4, '😂');  -- 메시지 ID 4에 이모티콘 코드 😂

-- 다섯 번째 메시지에 포함된 이모티콘 (🍕)
INSERT INTO CHAT_EMOJI (EMOJI_NO, MESSAGE_ID, EMOJI_CODE)
VALUES (5, 5, '🍕');  -- 메시지 ID 5에 이모티콘 코드 🍕

-- 여섯 번째 메시지에 포함된 이모티콘 (👍)
INSERT INTO CHAT_EMOJI (EMOJI_NO, MESSAGE_ID, EMOJI_CODE)
VALUES (6, 6, '👍');  -- 메시지 ID 6에 이모티콘 코드 👍

-- 일곱 번째 메시지에 포함된 이모티콘 (😎)
INSERT INTO CHAT_EMOJI (EMOJI_NO, MESSAGE_ID, EMOJI_CODE)
VALUES (7, 7, '😎');  -- 메시지 ID 7에 이모티콘 코드 😎

-- 여덟 번째 메시지에 포함된 이모티콘 (🥳)
INSERT INTO CHAT_EMOJI (EMOJI_NO, MESSAGE_ID, EMOJI_CODE)
VALUES (8, 8, '🥳');  -- 메시지 ID 8에 이모티콘 코드 🥳

-- 아홉 번째 메시지에 포함된 이모티콘 (🤩)
INSERT INTO CHAT_EMOJI (EMOJI_NO, MESSAGE_ID, EMOJI_CODE)
VALUES (9, 9, '🤩');  -- 메시지 ID 9에 이모티콘 코드 🤩

-- 열 번째 메시지에 포함된 이모티콘 (🚀)
INSERT INTO CHAT_EMOJI (EMOJI_NO, MESSAGE_ID, EMOJI_CODE)
VALUES (10, 10, '🚀');  -- 메시지 ID 10에 이모티콘 코드 🚀

-- 열한 번째 메시지에 포함된 이모티콘 (🌟)
INSERT INTO CHAT_EMOJI (EMOJI_NO, MESSAGE_ID, EMOJI_CODE)
VALUES (11, 11, '🌟');  -- 메시지 ID 11에 이모티콘 코드 🌟

-- 열두 번째 메시지에 포함된 이모티콘 (🎉)
INSERT INTO CHAT_EMOJI (EMOJI_NO, MESSAGE_ID, EMOJI_CODE)
VALUES (12, 1, '🎉');  -- 메시지 ID 12에 이모티콘 코드 🎉


-- 채팅 FAQ 
-- 첫 번째 질문 (공동구매는 어떻게 진행되나요?)
INSERT INTO CHAT_FAQ (FAQ_NO, FAQ_MENU, FAQ_MENU_ANSWER, ROOM_NO)
VALUES (1, '공동구매는 어떻게 진행되나요?', '공동구매는 모집 인원이 모이면 진행됩니다. 각 상품에 모집 신청 시, 참가자들은 정산 후 모집 완료 시 까지 대기합니다. 모집이 완료되면 모집장이 상품을 구매하고 분배가 시작됩니다.', 1);

-- 두 번째 질문 (배송은 언제 되나요?)
INSERT INTO CHAT_FAQ (FAQ_NO, FAQ_MENU, FAQ_MENU_ANSWER, ROOM_NO)
VALUES (2, '분배 언제 되나요?', '분배는 결제가 완료된 후, 2-3일 이내에 진행됩니다. 단, 지역에 기간이 달라질 수 있습니다.', 1);

-- 세 번째 질문 (최소 인원이 안 모이면 어떻게 되나요?)
INSERT INTO CHAT_FAQ (FAQ_NO, FAQ_MENU, FAQ_MENU_ANSWER, ROOM_NO)
VALUES (3, '최소 인원이 안 모이면 어떻게 되나요?', '최소 인원이 모이지 않으면, 공동구매는 자동 취소됩니다.', 1);

-- 네 번째 질문 (환불이나 취소가 가능한가요?)
INSERT INTO CHAT_FAQ (FAQ_NO, FAQ_MENU, FAQ_MENU_ANSWER, ROOM_NO)
VALUES (4, '환불이나 취소가 가능한가요?', '환불 및 취소는 모집장이 상품을 구매하기 전까지 가능하며, 구매 후에는 불가합니다.', 1);

-- 다섯 번째 질문 (결제는 언제 이루어지나요?)
INSERT INTO CHAT_FAQ (FAQ_NO, FAQ_MENU, FAQ_MENU_ANSWER, ROOM_NO)
VALUES (5, '결제는 언제 이루어지나요?', '결제는 공동구매 신청 시 진행됩니다. 결제 후 참가 완료 됩니다.', 1);

ALTER SEQUENCE SEQ_MEMBER_NO RESTART START WITH 16;
ALTER SEQUENCE SEQ_BOARD_NO RESTART START WITH 51;
ALTER SEQUENCE SEQ_REVIEW_NO RESTART START WITH 11;
ALTER SEQUENCE SEQ_USAGE_NO RESTART START WITH 11;
ALTER SEQUENCE SEQ_TRANSACTION_NO RESTART START WITH 11;
ALTER SEQUENCE SEQ_REPLY_NO RESTART START WITH 17;
ALTER SEQUENCE SEQ_BOARD_TYPE_NO RESTART START WITH 14;
ALTER SEQUENCE SEQ_CATEGORY_NO RESTART START WITH 53;
ALTER SEQUENCE SEQ_PRODUCT_OPTION_NO RESTART START WITH 55;
ALTER SEQUENCE SEQ_ORDER_NO RESTART START WITH 8;
ALTER SEQUENCE SEQ_RECRUITMENT_NO RESTART START WITH 6;
ALTER SEQUENCE SEQ_IMG_NO RESTART START WITH 1;
ALTER SEQUENCE SEQ_MESSAGE_NO RESTART START WITH 13;
ALTER SEQUENCE SEQ_NOTI_ID RESTART START WITH 6;
ALTER SEQUENCE SEQ_ROOM_NO RESTART START WITH 11;
ALTER SEQUENCE SEQ_EMOJI_NO RESTART START WITH 13;
ALTER SEQUENCE SEQ_FAQ_NO RESTART START WITH 6;
