/*ALTER SESSION SET "_ORACLE_SCRIPT" = TRUE;

CREATE USER finalProject IDENTIFIED BY finalProject1234;

GRANT CONNECT, RESOURCE TO finalProject;

ALTER USER finalProject DEFAULT TABLESPACE SYSTEM QUOTA UNLIMITED ON SYSTEM;*/


------------------------------------------------------------

-- 1. 기존 테이블 삭제 (FK 순서 고려)
DROP TABLE REVIEW CASCADE CONSTRAINTS;
DROP TABLE POINT_TRANSACTION CASCADE CONSTRAINTS;
DROP TABLE POINT_USAGE CASCADE CONSTRAINTS;
DROP TABLE COMPANY CASCADE CONSTRAINTS;
DROP TABLE PRODUCT CASCADE CONSTRAINTS;
DROP TABLE BOARD CASCADE CONSTRAINTS;
DROP TABLE MEMBER CASCADE CONSTRAINTS;
DROP TABLE REPLY CASCADE CONSTRAINTS;
DROP TABLE BOARD_TYPE CASCADE CONSTRAINTS;
DROP TABLE CATEGORY CASCADE CONSTRAINTS;
DROP TABLE PRODUCT_OPTION CASCADE CONSTRAINTS;
DROP TABLE CART CASCADE CONSTRAINTS;
DROP TABLE "ORDER" CASCADE CONSTRAINTS;
DROP TABLE PICK CASCADE CONSTRAINTS;
DROP TABLE RECRUITMENT_PARTICIPANT CASCADE CONSTRAINTS;
DROP TABLE RECRUITMENT_ROOM CASCADE CONSTRAINTS;
DROP TABLE IMG CASCADE CONSTRAINTS;
DROP TABLE CHAT_MESSAGE CASCADE CONSTRAINTS;
DROP TABLE CHAT_NOTIFICATION CASCADE CONSTRAINTS;
DROP TABLE CHAT_ROOM CASCADE CONSTRAINTS;
DROP TABLE CHAT_ROOM_USER CASCADE CONSTRAINTS;
DROP TABLE CHAT_EMOJI CASCADE CONSTRAINTS;
DROP TABLE CHAT_FAQ CASCADE CONSTRAINTS;
DROP TABLE REPORT CASCADE CONSTRAINTS;

-- 2. 시퀀스 삭제
DROP SEQUENCE SEQ_MEMBER_NO;
DROP SEQUENCE SEQ_BOARD_NO;
DROP SEQUENCE SEQ_PRODUCT_NO;
DROP SEQUENCE SEQ_REVIEW_NO;
DROP SEQUENCE SEQ_USAGE_NO;
DROP SEQUENCE SEQ_TRANSACTION_NO;
DROP SEQUENCE SEQ_REPLY_NO;
DROP SEQUENCE SEQ_BOARD_TYPE_NO;
DROP SEQUENCE SEQ_CATEGORY_NO;
DROP SEQUENCE SEQ_PRODUCT_OPTION_NO;
DROP SEQUENCE SEQ_ORDER_NO;
DROP SEQUENCE SEQ_RECRUITMENT_NO;
DROP SEQUENCE SEQ_IMG_NO;
DROP SEQUENCE SEQ_MESSAGE_NO;
DROP SEQUENCE SEQ_NOTI_ID;
DROP SEQUENCE SEQ_ROOM_NO;
DROP SEQUENCE SEQ_EMOJI_NO;
DROP SEQUENCE SEQ_FAQ_NO;
DROP SEQUENCE SEQ_REPORT_NO;

------------------------------------------------------------------------------------------------

-- 2. 테이블 생성 (FK 순서 고려)
-- 회원 정보 테이블
CREATE TABLE MEMBER (
    MEMBER_NO NUMBER PRIMARY KEY, -- 회원 고유 번호
    MEMBER_ID VARCHAR2(30) NOT NULL UNIQUE, -- 회원 아이디
    MEMBER_PW VARCHAR2(100) NOT NULL, -- 회원 비밀번호 (암호화 저장)
    MEMBER_NICK VARCHAR2(30) NOT NULL, -- 닉네임
    MEMBER_NAME VARCHAR2(30) NOT NULL, -- 회원 이름
    MEMBER_ADDR VARCHAR2(500), -- 회원 주소
    MEMBER_TEL CHAR(11) NOT NULL, -- 회원 전화번호
    PROFILE_IMG VARCHAR2(300), -- 프로필 이미지 URL
    ENROLL_DATE DATE DEFAULT SYSDATE, -- 가입일
    MEMBER_EMAIL VARCHAR2(50) NOT NULL UNIQUE, -- 이메일
    MEMBER_DEL_FL CHAR(1) DEFAULT 'N' CHECK (MEMBER_DEL_FL IN ('Y', 'N', 'B')), -- 탈퇴여부(N:탈퇴X, Y: 탈퇴O B:블랙)
    AUTHORITY NUMBER DEFAULT 2, -- 권한 (관리자=1, 일반회원=2, 브랜드=3)
    MEMBER_GRADE NUMBER DEFAULT 9, -- 회원 등급
    MEMBER_BIRTH DATE NOT NULL, -- 생년월일
    POINT NUMBER DEFAULT 0 -- 보유 포인트
);

-- 사업자 정보 테이블
CREATE TABLE COMPANY (
    MEMBER_NO NUMBER PRIMARY KEY, -- 회원 고유 번호 (사업자)
    BUSINESS_NO NUMBER NOT NULL UNIQUE, -- 사업자 등록 번호
    BANK_NAME VARCHAR2(1500) NOT NULL, -- 은행명
    BANK_NO VARCHAR2(3000) NOT NULL, -- 계좌번호
    PERMISSION_FL CHAR(1) DEFAULT 'N' CHECK (PERMISSION_FL IN ('Y', 'N')), -- 상품 판매 허가 여부
    FOREIGN KEY (MEMBER_NO) REFERENCES MEMBER(MEMBER_NO)
);

-- 게시판 종류 테이블
CREATE TABLE BOARD_TYPE (
    BOARD_CD NUMBER PRIMARY KEY, -- 게시판 코드(1:모집, 2:브랜드, 3:공지사항, 4: FAQ, 5 :문의,6: 1대1문의 , 7: 광고 문의 ,8:제휴문의, 9:회원/계정, 10:공동구매, 11: 결제/환불, 12:수령/배송 13:기타)
    BOARD_NAME VARCHAR2(50) NOT NULL, -- 게시판 이름
    PARENT_BOARD_CD NUMBER, -- 부모 게시판 코드(1:모집, 2:브랜드, 3:공지사항, 4: FAQ 5:문의)
    FOREIGN KEY (PARENT_BOARD_CD) REFERENCES BOARD_TYPE(BOARD_CD) 
);

-- 게시판 정보 테이블
CREATE TABLE BOARD (
    BOARD_NO NUMBER PRIMARY KEY, -- 게시글 고유 번호
    BOARD_TITLE VARCHAR2(100) NOT NULL, -- 게시글 제목
    BOARD_CONTENT VARCHAR2(2000) NOT NULL, -- 게시글 내용
    B_CREATE_DATE DATE DEFAULT SYSDATE NOT NULL, -- 작성일
    B_UPDATE_DATE DATE, -- 수정일
    BOARD_DEL_FL CHAR(1) DEFAULT 'N' CHECK (BOARD_DEL_FL IN ('Y', 'N')), -- 게시글 삭제 여부
    B_STATE VARCHAR2(50), -- 문의 상태
    MEMBER_NO NUMBER NOT NULL, -- 작성자 회원 번호
    BOARD_CD NUMBER NOT NULL, -- 게시판 코드
    FOREIGN KEY (MEMBER_NO) REFERENCES MEMBER(MEMBER_NO),
    FOREIGN KEY (BOARD_CD) REFERENCES BOARD_TYPE(BOARD_CD)
);

-- 상품 카테고리 테이블
CREATE TABLE CATEGORY (
    CATEGORY_NO NUMBER PRIMARY KEY, -- 카테고리 번호
    CATEGORY_NAME VARCHAR2(50) NOT NULL, -- 카테고리 이름
    PARENT_CATEGORY_NO NUMBER, -- 부모 카테고리 번호
    FOREIGN KEY (PARENT_CATEGORY_NO) REFERENCES CATEGORY(CATEGORY_NO)
);

-- 상품 정보 테이블
CREATE TABLE PRODUCT (
    BOARD_NO NUMBER PRIMARY KEY, -- 게시글 번호 (상품 게시글)
    PRODUCT_PRICE NUMBER NOT NULL, -- 상품 가격
    PRODUCT_COUNT NUMBER NOT NULL, -- 상품 재고 수량
    DELIVERY_FEE NUMBER NOT NULL, -- 배송비
    READ_COUNT NUMBER DEFAULT 0, -- 조회수
    CATEGORY_NO NUMBER NOT NULL, -- 카테고리 번호
    FOREIGN KEY (CATEGORY_NO) REFERENCES BOARD(BOARD_NO)
);


-- 상품 옵션 테이블
CREATE TABLE PRODUCT_OPTION (
    OPTION_NO NUMBER PRIMARY KEY, -- 옵션 번호
    OPTION_NAME VARCHAR2(50) NOT NULL, -- 옵션 이름
    BOARD_NO NUMBER NOT NULL, -- 게시글 번호
    FOREIGN KEY (BOARD_NO) REFERENCES BOARD(BOARD_NO)
);

-- 주문 테이블
CREATE TABLE "ORDER" (
    ORDER_NO NUMBER PRIMARY KEY, -- 주문 고유 번호
    QUANTITY NUMBER NOT NULL, -- 구매 수량
    DELIVERY_ADDR VARCHAR2(500) NOT NULL, -- 배송지
    TRACKING_NO VARCHAR2(50), -- 운송장 번호 (배송 시작 후 부여)
    BOARD_NO NUMBER NOT NULL, -- 게시글 번호
    MEMBER_NO NUMBER NOT NULL, -- 주문한 회원 번호
    OPTION_NO NUMBER NOT NULL, -- 주문한 옵션 번호
    FOREIGN KEY (BOARD_NO) REFERENCES BOARD(BOARD_NO),
    FOREIGN KEY (MEMBER_NO) REFERENCES MEMBER(MEMBER_NO),
    FOREIGN KEY (OPTION_NO) REFERENCES PRODUCT_OPTION(OPTION_NO)
);

-- 리뷰 테이블
CREATE TABLE REVIEW (
    REVIEW_NO NUMBER PRIMARY KEY, -- 리뷰 번호
    REVIEW_CONTENT VARCHAR2(3000) NOT NULL, -- 리뷰 내용
    REVIEW_STAR NUMBER NOT NULL, -- 별점
    REVIEW_CREATED_DATE DATE DEFAULT SYSDATE NOT NULL, -- 작성일
    REVIEW_UPDATE_DATE DATE, -- 수정일
    REVIEW_DEL_FL CHAR(1) DEFAULT 'N' CHECK (REVIEW_DEL_FL IN ('Y', 'N')), -- 삭제 여부
    REVIEW_TYPE NUMBER NOT NULL, -- 리뷰 유형(1:모집 2:브랜드)
    REVIEW_TYPE_NO NUMBER NOT NULL, -- 유형 번호 (게시글 또는 브랜드 번호)
    MEMBER_NO NUMBER NOT NULL, -- 작성자 회원 번호
    ORDER_NO NUMBER NULL, -- 주문 고유 번호 (한 주문에 한 리뷰만 가능)
    CONSTRAINT FK_REVIEW_MEMBER FOREIGN KEY (MEMBER_NO) REFERENCES MEMBER(MEMBER_NO),
    CONSTRAINT FK_REVIEW_ORDER FOREIGN KEY (ORDER_NO) REFERENCES "ORDER"(ORDER_NO),
    CONSTRAINT UQ_REVIEW_ORDER UNIQUE (ORDER_NO) -- 한 주문에 하나의 리뷰만 가능
);

-- 포인트 사용 내역 테이블
CREATE TABLE POINT_USAGE (
    USAGE_NO NUMBER PRIMARY KEY, -- 포인트 사용 내역 고유 번호
    USED_AMOUNT NUMBER NOT NULL, -- 사용한 포인트 금액
    USAGE_TYPE NUMBER NOT NULL, -- 사용 유형 (1:상품 구매,2:공동구매)
    USAGE_TYPE_NO NUMBER NOT NULL, -- 유형 번호(식별 번호)
    STATUS VARCHAR2(20) DEFAULT '대기' NOT NULL, -- 사용 상태 ('대기', '완료', '취소' )
    USED_DATE DATE DEFAULT SYSDATE NOT NULL, -- 사용 날짜
    MEMBER_NO NUMBER NOT NULL, -- 회원 번호
    FOREIGN KEY (MEMBER_NO) REFERENCES MEMBER(MEMBER_NO)
);

-- 포인트 충전 내역 테이블
CREATE TABLE POINT_TRANSACTION (
    TRANSACTION_NO NUMBER PRIMARY KEY, -- 포인트 충전 내역 고유 번호
    AMOUNT NUMBER NOT NULL, -- 충전한 포인트 금액
    PAYMENT_METHOD VARCHAR2(50) NOT NULL, -- 결제 방식 (간편결제, 계좌이체 등)
    CHARGED_DATE DATE DEFAULT SYSDATE NOT NULL, -- 충전 날짜
    MEMBER_NO NUMBER NOT NULL, -- 회원 번호
    FOREIGN KEY (MEMBER_NO) REFERENCES MEMBER(MEMBER_NO)
);

-- 댓글 테이블
CREATE TABLE REPLY (
    REPLY_NO NUMBER PRIMARY KEY, -- 댓글 고유 번호
    REPLY_CREATE_DATE DATE DEFAULT SYSDATE NOT NULL, -- 작성일
    REPLY_DEL_FL CHAR(1) DEFAULT 'N' CHECK (REPLY_DEL_FL IN ('Y', 'N')), -- 댓글 삭제 여부(Y: 삭제O, N: 삭제 X)
    REPLY_CONTENT VARCHAR2(1000) NOT NULL, -- 댓글 내용
    SECRET_REPLY_STATUS CHAR(1) DEFAULT 'N' CHECK (SECRET_REPLY_STATUS IN ('Y', 'N')), -- 비밀글 여부
    MEMBER_NO NUMBER NOT NULL, -- 작성자 회원 번호
    REPLY_TYPE NUMBER NOT NULL, -- 댓글 유형( 1:게시판, 2:리뷰)
    REPLY_TYPE_NO NUMBER NOT NULL, -- 댓글 유형 코드(식별 코드)
    PARENT_REPLY_NO NUMBER, -- 부모 댓글 번호
    FOREIGN KEY (MEMBER_NO) REFERENCES MEMBER(MEMBER_NO)
);


-- 장바구니 테이블
CREATE TABLE CART (
    BOARD_NO NUMBER NOT NULL, -- 게시글 번호
    MEMBER_NO NUMBER NOT NULL, -- 회원 번호
    ADDED_DATE DATE DEFAULT SYSDATE NOT NULL, -- 장바구니에 담은 시간
    PRIMARY KEY (BOARD_NO, MEMBER_NO),
    FOREIGN KEY (BOARD_NO) REFERENCES BOARD(BOARD_NO),
    FOREIGN KEY (MEMBER_NO) REFERENCES MEMBER(MEMBER_NO)
);


-- 찜 테이블
CREATE TABLE PICK (
    MEMBER_NO NUMBER NOT NULL, -- 회원 번호
    BOARD_NO NUMBER NOT NULL, -- 게시글 번호
    PRIMARY KEY (MEMBER_NO, BOARD_NO),
    FOREIGN KEY (MEMBER_NO) REFERENCES MEMBER(MEMBER_NO),
    FOREIGN KEY (BOARD_NO) REFERENCES BOARD(BOARD_NO)
);

-- 공동구매 모집방 테이블
CREATE TABLE RECRUITMENT_ROOM (
    RECRUITMENT_NO NUMBER PRIMARY KEY, -- 모집방 고유 번호
    MAX_PARTICIPANTS VARCHAR2(500) NOT NULL, -- 모집 최대 인원
    RECRUITMENT_STATUS VARCHAR2(500) DEFAULT '진행' NOT NULL, -- 모집 상태 (진행, 마감, 완료, 정지)
    REC_CREATED_DATE DATE DEFAULT SYSDATE NOT NULL, -- 모집 생성일
    REC_END_DATE DATE NOT NULL, -- 모집 마감일
    REGION VARCHAR2(1000) NOT NULL, -- 지역
    PRODUCT_URL VARCHAR2(3000) NOT NULL, -- 상품 URL
    QR_CODE NUMBER NOT NULL, -- QR 코드
    MEMBER_NO NUMBER NOT NULL, -- 회원 번호 (방장)
    BOARD_NO NUMBER NOT NULL, -- 게시글 번호
    FOREIGN KEY (MEMBER_NO) REFERENCES MEMBER(MEMBER_NO),
    FOREIGN KEY (BOARD_NO) REFERENCES BOARD(BOARD_NO)
);

-- 공동구매 참가자 테이블
CREATE TABLE RECRUITMENT_PARTICIPANT (
    MEMBER_NO NUMBER NOT NULL, -- 회원 번호
    JOIN_DATE DATE DEFAULT SYSDATE NOT NULL, -- 참가일
    CANCEL_DATE DATE, -- 취소일
    RECRUITMENT_NO NUMBER NOT NULL, -- 모집방 번호
    PARTICIPATION_COUNT NUMBER NOT NULL, -- 내 몫
    PRIMARY KEY (MEMBER_NO, RECRUITMENT_NO),
    FOREIGN KEY (MEMBER_NO) REFERENCES MEMBER(MEMBER_NO),
    FOREIGN KEY (RECRUITMENT_NO) REFERENCES RECRUITMENT_ROOM(RECRUITMENT_NO)
);



-- 이미지 테이블
CREATE TABLE IMG (
    IMG_NO NUMBER PRIMARY KEY, -- 이미지 고유 번호
    IMG_RENAME VARCHAR2(500) NOT NULL, -- 변경명
    IMG_PATH VARCHAR2(500) NOT NULL, -- 이미지 저장 경로
    IMG_ORIGINAL VARCHAR2(500) NOT NULL, -- 원본명
    IMG_LEVEL NUMBER NOT NULL, -- 이미지 위치 지정 번호
    IMG_TYPE NUMBER NOT NULL, -- 게시판 유형 (1: 브랜드 상품, 2: 개인 모공, 3: 브랜드 리뷰 등)
    IMG_TYPE_NO NUMBER NOT NULL -- 유형 번호 (특정 게시물과 연계)
);

-- 채팅방 테이블
CREATE TABLE CHAT_ROOM (
    ROOM_NO NUMBER PRIMARY KEY, -- 채팅방 고유 번호
    ROOM_NAME VARCHAR2(255) NOT NULL, -- 채팅방 이름
    GROUP_FL CHAR(1) DEFAULT 'N' CHECK (GROUP_FL IN ('Y', 'N')), -- 그룹 채팅 여부 (N:1:1, Y: 그룹 채팅)
    CREATED_DATE DATE DEFAULT SYSDATE NOT NULL, -- 생성 날짜
    ROOM_DELETED_FL CHAR(1) DEFAULT 'N' CHECK (ROOM_DELETED_FL IN ('Y', 'N')), -- 채팅방 삭제 여부 (Y: 삭제 O, N: 삭제 X)
    OWNER_MEMBER_NO NUMBER NOT NULL, -- 채팅방 만든 사람
    FOREIGN KEY (OWNER_MEMBER_NO) REFERENCES MEMBER(MEMBER_NO)
);

-- 채팅 메시지 테이블
CREATE TABLE CHAT_MESSAGE (
    MESSAGE_NO NUMBER PRIMARY KEY, -- 메시지 고유 번호
    MESSAGE_CONTENT VARCHAR2(1000) NOT NULL, -- 메시지 내용
    MESSAGE_TYPE VARCHAR2(10) NOT NULL, -- 메시지 타입 (TEXT, IMAGE, EMOJI 등)
    SEND_DATE DATE DEFAULT SYSDATE NOT NULL, -- 보낸 시간
    MESSAGE_DEL_FL CHAR(1) DEFAULT 'N' CHECK (MESSAGE_DEL_FL IN ('Y', 'N')), -- 삭제 여부 ('N': 정상, 'Y': 삭제됨)
    MEMBER_NO NUMBER NOT NULL, -- 회원 번호
    ROOM_NO NUMBER NOT NULL, -- 채팅방 번호
    FOREIGN KEY (MEMBER_NO) REFERENCES MEMBER(MEMBER_NO),
    FOREIGN KEY (ROOM_NO) REFERENCES CHAT_ROOM(ROOM_NO)
);

-- 채팅 알림 테이블
CREATE TABLE CHAT_NOTIFICATION (
    NOTI_ID NUMBER PRIMARY KEY, -- 알림 ID
    UNREAD_COUNT NUMBER NOT NULL, -- 읽지 않은 메시지 개수
    MEMBER_NO NUMBER NOT NULL, -- 회원 번호
    MESSAGE_NO NUMBER NOT NULL, -- 마지막으로 읽지 않은 메시지 번호
    ROOM_NO NUMBER NOT NULL, -- 채팅방 번호
    FOREIGN KEY (MEMBER_NO) REFERENCES MEMBER(MEMBER_NO),
    FOREIGN KEY (MESSAGE_NO) REFERENCES CHAT_MESSAGE(MESSAGE_NO),
    FOREIGN KEY (ROOM_NO) REFERENCES CHAT_ROOM(ROOM_NO)
);



-- 채팅방-사용자 테이블
CREATE TABLE CHAT_ROOM_USER (
    JOINED_DATE DATE DEFAULT SYSDATE NOT NULL, -- 가입한 시간
    MEMBER_NO NUMBER NOT NULL, -- 회원 번호
    ROOM_NO NUMBER NOT NULL, -- 채팅방 번호
    PRIMARY KEY (MEMBER_NO, ROOM_NO),
    FOREIGN KEY (MEMBER_NO) REFERENCES MEMBER(MEMBER_NO),
    FOREIGN KEY (ROOM_NO) REFERENCES CHAT_ROOM(ROOM_NO)
);

-- 이모티콘 테이블
CREATE TABLE CHAT_EMOJI (
    EMOJI_NO NUMBER PRIMARY KEY, -- 이모티콘 고유 번호
    MESSAGE_ID NUMBER NOT NULL, -- 메시지 ID
    EMOJI_CODE VARCHAR2(50) NOT NULL, -- 이모티콘 코드
    FOREIGN KEY (MESSAGE_ID) REFERENCES CHAT_MESSAGE(MESSAGE_NO)
);

-- 채팅 FAQ 테이블
CREATE TABLE CHAT_FAQ (
    FAQ_NO NUMBER PRIMARY KEY, -- 질문 번호
    FAQ_MENU VARCHAR2(500) NOT NULL, -- 질문 내용
    FAQ_MENU_ANSWER VARCHAR2(2000) NOT NULL, -- 질문 답변
    ROOM_NO NUMBER NOT NULL, -- 채팅방 번호
    FOREIGN KEY (ROOM_NO) REFERENCES CHAT_ROOM(ROOM_NO)
);

-- 신고 테이블
CREATE TABLE REPORT (
    REPORT_NO NUMBER NOT NULL,  -- 신고 번호
    REPORT_DETAIL VARCHAR2(3000) NOT NULL,  -- 신고 내용
    REPORT_TITLE VARCHAR2(1000) NOT NULL,  -- 신고 제목
    REPORT_DATE DATE NOT NULL,  -- 신고 일자
    REPORT_STATUS VARCHAR2(30) DEFAULT '대기' NOT NULL,  -- 신고 처리 상태('대기', '처리 완료', '반려', '블랙', '경고')
    REPORT_TYPE NUMBER NOT NULL,  -- 신고 유형
    REPORT_TYPE_NO NUMBER NOT NULL,  -- 신고 유형(1: 브랜드 상품, 2: 개인 상품, 3: 댓글, 4: 채팅, 5: 리뷰)
    REPORT_M_REPLY VARCHAR2(3000) ,  -- 신고 답글
    MEMBER_NO NUMBER NOT NULL,  -- 신고한 회원 번호
    REPORTED_USER_NO NUMBER NOT NULL,  -- 신고 대상 회원 번호
    CONSTRAINT PK_REPORT PRIMARY KEY (REPORT_NO),  -- 신고 번호 기본키
    CONSTRAINT FK_MEMBER_TO_REPORT FOREIGN KEY (MEMBER_NO) REFERENCES MEMBER(MEMBER_NO),  -- 신고한 회원 외래키
    CONSTRAINT FK_REPORTED_USER FOREIGN KEY (REPORTED_USER_NO) REFERENCES MEMBER(MEMBER_NO)  -- 신고 대상 회원 외래키
);

-- 3. 컬럼별 코멘트 추가
COMMENT ON COLUMN MEMBER.MEMBER_NO IS '회원 고유 번호';
COMMENT ON COLUMN MEMBER.MEMBER_ID IS '회원 아이디 (중복 불가)';
COMMENT ON COLUMN MEMBER.MEMBER_PW IS '회원 비밀번호 (암호화 저장)';
COMMENT ON COLUMN MEMBER.MEMBER_NICK IS '닉네임 (중복 불가)';
COMMENT ON COLUMN MEMBER.MEMBER_NAME IS '회원 이름';
COMMENT ON COLUMN MEMBER.MEMBER_ADDR IS '회원 주소';
COMMENT ON COLUMN MEMBER.MEMBER_TEL IS '회원 전화번호';
COMMENT ON COLUMN MEMBER.POINT IS '회원 보유 포인트';
COMMENT ON COLUMN COMPANY.BUSINESS_NO IS '사업자 등록 번호';
COMMENT ON COLUMN COMPANY.BANK_NAME IS '사업자 은행명';
COMMENT ON COLUMN COMPANY.BANK_NO IS '사업자 계좌번호';
COMMENT ON COLUMN PRODUCT.PRODUCT_PRICE IS '상품 가격';
COMMENT ON COLUMN PRODUCT.PRODUCT_COUNT IS '상품 재고 수량';
COMMENT ON COLUMN PRODUCT.DELIVERY_FEE IS '배송비';
COMMENT ON COLUMN REVIEW.REVIEW_STAR IS '리뷰 별점 (1~5)';
COMMENT ON COLUMN REVIEW.REVIEW_CONTENT IS '리뷰 내용';
COMMENT ON COLUMN POINT_USAGE.USED_AMOUNT IS '사용된 포인트 금액';
COMMENT ON COLUMN POINT_USAGE.STATUS IS '포인트 사용 상태';
COMMENT ON COLUMN POINT_TRANSACTION.AMOUNT IS '충전된 포인트 금액';
COMMENT ON COLUMN REPLY.REPLY_NO IS '댓글 고유 번호';
COMMENT ON COLUMN REPLY.REPLY_CREATE_DATE IS '댓글 작성일';
COMMENT ON COLUMN REPLY.REPLY_DEL_FL IS '댓글 삭제 여부';
COMMENT ON COLUMN REPLY.REPLY_CONTENT IS '댓글 내용';
COMMENT ON COLUMN REPLY.SECRET_REPLY_STATUS IS '비밀 댓글 여부';
COMMENT ON COLUMN REPLY.MEMBER_NO IS '작성자 회원 번호';
COMMENT ON COLUMN REPLY.REPLY_TYPE IS '댓글 유형';
COMMENT ON COLUMN REPLY.REPLY_TYPE_NO IS '댓글 유형 번호';
COMMENT ON COLUMN REPLY.PARENT_REPLY_NO IS '부모 댓글 번호';
COMMENT ON COLUMN BOARD_TYPE.BOARD_CD IS '게시판 코드';
COMMENT ON COLUMN BOARD_TYPE.BOARD_NAME IS '게시판 이름';
COMMENT ON COLUMN BOARD_TYPE.PARENT_BOARD_CD IS '부모 게시판 코드';
COMMENT ON COLUMN CATEGORY.CATEGORY_NO IS '카테고리 번호';
COMMENT ON COLUMN CATEGORY.CATEGORY_NAME IS '카테고리 이름';
COMMENT ON COLUMN CATEGORY.PARENT_CATEGORY_NO IS '부모 카테고리 번호';
COMMENT ON COLUMN PRODUCT_OPTION.OPTION_NO IS '상품 옵션 번호';
COMMENT ON COLUMN PRODUCT_OPTION.OPTION_NAME IS '옵션 이름';
COMMENT ON COLUMN PRODUCT_OPTION.BOARD_NO IS '게시글 번호';
COMMENT ON COLUMN CART.BOARD_NO IS '게시글 번호 (상품 게시글)';
COMMENT ON COLUMN CART.MEMBER_NO IS '회원 번호 (장바구니 소유자)';
COMMENT ON COLUMN CART.ADDED_DATE IS '장바구니에 담은 시간';
COMMENT ON COLUMN "ORDER".ORDER_NO IS '주문 고유 번호';
COMMENT ON COLUMN "ORDER".QUANTITY IS '구매 수량';
COMMENT ON COLUMN "ORDER".DELIVERY_ADDR IS '배송지 주소';
COMMENT ON COLUMN "ORDER".TRACKING_NO IS '운송장 번호 (배송 시작 후 부여)';
COMMENT ON COLUMN "ORDER".BOARD_NO IS '게시글 번호 (구매 상품)';
COMMENT ON COLUMN "ORDER".MEMBER_NO IS '주문한 회원 번호';
COMMENT ON COLUMN "ORDER".OPTION_NO IS '주문한 옵션 번호';
COMMENT ON COLUMN PICK.MEMBER_NO IS '회원 번호 (찜한 사용자)';
COMMENT ON COLUMN PICK.BOARD_NO IS '게시글 번호 (찜한 상품)';
COMMENT ON COLUMN RECRUITMENT_PARTICIPANT.MEMBER_NO IS '회원 번호 (참가자)';
COMMENT ON COLUMN RECRUITMENT_PARTICIPANT.JOIN_DATE IS '참가일';
COMMENT ON COLUMN RECRUITMENT_PARTICIPANT.CANCEL_DATE IS '취소일';
COMMENT ON COLUMN RECRUITMENT_PARTICIPANT.RECRUITMENT_NO IS '모집방 번호';
COMMENT ON COLUMN RECRUITMENT_ROOM.RECRUITMENT_NO IS '모집방 고유 번호';
COMMENT ON COLUMN RECRUITMENT_ROOM.MAX_PARTICIPANTS IS '모집 최대 인원';
COMMENT ON COLUMN RECRUITMENT_ROOM.RECRUITMENT_STATUS IS '모집 상태 (모집 중, 완료 등)';
COMMENT ON COLUMN RECRUITMENT_ROOM.REC_CREATED_DATE IS '모집 생성일';
COMMENT ON COLUMN RECRUITMENT_ROOM.REC_END_DATE IS '모집 마감일';
COMMENT ON COLUMN RECRUITMENT_ROOM.REGION IS '지역';
COMMENT ON COLUMN RECRUITMENT_ROOM.PRODUCT_URL IS '상품 URL';
COMMENT ON COLUMN RECRUITMENT_ROOM.QR_CODE IS 'QR 코드';
COMMENT ON COLUMN IMG.IMG_NO IS '이미지 고유 번호';
COMMENT ON COLUMN IMG.IMG_RENAME IS '변경명';
COMMENT ON COLUMN IMG.IMG_ORIGINAL IS '이미지 원본명';
COMMENT ON COLUMN IMG.IMG_PATH IS '이미지 저장 경로';
COMMENT ON COLUMN IMG.IMG_LEVEL IS '이미지 위치 지정 번호';
COMMENT ON COLUMN IMG.IMG_TYPE IS '게시판 유형 (브랜드 상품, 개인 모공 등)';
COMMENT ON COLUMN IMG.IMG_TYPE_NO IS '유형 번호 (특정 게시물과 연계)';
COMMENT ON COLUMN CHAT_MESSAGE.MESSAGE_NO IS '메시지 고유 번호';
COMMENT ON COLUMN CHAT_MESSAGE.MESSAGE_CONTENT IS '메시지 내용';
COMMENT ON COLUMN CHAT_MESSAGE.MESSAGE_TYPE IS '메시지 타입 (TEXT, IMAGE, EMOJI 등)';
COMMENT ON COLUMN CHAT_MESSAGE.SEND_DATE IS '보낸 시간';
COMMENT ON COLUMN CHAT_MESSAGE.MESSAGE_DEL_FL IS '삭제 여부';
COMMENT ON COLUMN CHAT_NOTIFICATION.UNREAD_COUNT IS '읽지 않은 메시지 개수';
COMMENT ON COLUMN CHAT_NOTIFICATION.MESSAGE_NO IS '마지막으로 읽지 않은 메시지 번호';
COMMENT ON COLUMN CHAT_ROOM.ROOM_NO IS '채팅방 고유 번호';
COMMENT ON COLUMN CHAT_ROOM.ROOM_NAME IS '채팅방 이름';
COMMENT ON COLUMN CHAT_ROOM.GROUP_FL IS '그룹 채팅 여부';
COMMENT ON COLUMN CHAT_ROOM.CREATED_DATE IS '채팅방 생성일';
COMMENT ON COLUMN CHAT_ROOM.ROOM_DELETED_FL IS '삭제 여부';
COMMENT ON COLUMN CHAT_ROOM_USER.JOINED_DATE IS '가입한 시간';
COMMENT ON COLUMN CHAT_ROOM_USER.MEMBER_NO IS '회원 번호';
COMMENT ON COLUMN CHAT_ROOM_USER.ROOM_NO IS '채팅방 번호';
COMMENT ON COLUMN CHAT_EMOJI.EMOJI_NO IS '이모티콘 고유 번호';
COMMENT ON COLUMN CHAT_EMOJI.MESSAGE_ID IS '메시지 ID';
COMMENT ON COLUMN CHAT_EMOJI.EMOJI_CODE IS '이모티콘 코드';
COMMENT ON COLUMN CHAT_FAQ.FAQ_NO IS '질문 번호';
COMMENT ON COLUMN CHAT_FAQ.FAQ_MENU IS '질문 내용';
COMMENT ON COLUMN CHAT_FAQ.FAQ_MENU_ANSWER IS '질문 답변';
COMMENT ON COLUMN CHAT_FAQ.ROOM_NO IS '채팅방 번호';
COMMENT ON COLUMN "REPORT"."REPORT_NO" IS '신고 번호(SEQ_REPORT_NO)';
COMMENT ON COLUMN "REPORT"."REPORT_DETAIL" IS '신고 내용';
COMMENT ON COLUMN "REPORT"."REPORT_TITLE" IS '신고 제목';
COMMENT ON COLUMN "REPORT"."REPORT_DATE" IS '신고 일자';
COMMENT ON COLUMN "REPORT"."REPORT_STATUS" IS '신고 처리 상태(대기, 처리 완료, 반려)';
COMMENT ON COLUMN "REPORT"."REPORT_TYPE" IS '신고 유형(1: 브랜드 상품, 2: 개인 상품, 3: 댓글, 4: 채팅, 5: 리뷰)';
COMMENT ON COLUMN "REPORT"."REPORT_TYPE_NO" IS '신고 유형 코드(식별 코드)';
COMMENT ON COLUMN "REPORT"."REPORT_M_REPLY" IS '신고 답글';
COMMENT ON COLUMN "REPORT"."MEMBER_NO" IS '신고한 회원 번호';
COMMENT ON COLUMN "REPORT"."REPORTED_USER_NO" IS '신고 대상 회원 번호';

-- 4. 시퀀스 생성
CREATE SEQUENCE SEQ_MEMBER_NO START WITH 1 INCREMENT BY 1;
CREATE SEQUENCE SEQ_BOARD_NO START WITH 1 INCREMENT BY 1;
CREATE SEQUENCE SEQ_PRODUCT_NO START WITH 1 INCREMENT BY 1;
CREATE SEQUENCE SEQ_REVIEW_NO START WITH 1 INCREMENT BY 1;
CREATE SEQUENCE SEQ_USAGE_NO START WITH 1 INCREMENT BY 1;
CREATE SEQUENCE SEQ_TRANSACTION_NO START WITH 1 INCREMENT BY 1;
CREATE SEQUENCE SEQ_REPLY_NO START WITH 1 INCREMENT BY 1;
CREATE SEQUENCE SEQ_BOARD_TYPE_NO START WITH 1 INCREMENT BY 1;
CREATE SEQUENCE SEQ_CATEGORY_NO START WITH 1 INCREMENT BY 1;
CREATE SEQUENCE SEQ_PRODUCT_OPTION_NO START WITH 1 INCREMENT BY 1;
CREATE SEQUENCE SEQ_ORDER_NO START WITH 1 INCREMENT BY 1;
CREATE SEQUENCE SEQ_RECRUITMENT_NO START WITH 1 INCREMENT BY 1;
CREATE SEQUENCE SEQ_IMG_NO START WITH 1 INCREMENT BY 1;
CREATE SEQUENCE SEQ_MESSAGE_NO START WITH 1 INCREMENT BY 1;
CREATE SEQUENCE SEQ_NOTI_ID START WITH 1 INCREMENT BY 1;
CREATE SEQUENCE SEQ_ROOM_NO START WITH 1 INCREMENT BY 1;
CREATE SEQUENCE SEQ_EMOJI_NO START WITH 1 INCREMENT BY 1;
CREATE SEQUENCE SEQ_FAQ_NO START WITH 1 INCREMENT BY 1;
CREATE SEQUENCE SEQ_REPORT_NO START WITH 1 INCREMENT BY 1;

-- 2. 더미 데이터 삽입

-- 회원 정보 테이블 더미 데이터
SELECT * FROM MEMBER;
COMMIT;
-- 첫 번째 회원 삽입
INSERT INTO MEMBER (MEMBER_NO, MEMBER_ID, MEMBER_PW, MEMBER_NICK, MEMBER_NAME, MEMBER_ADDR, MEMBER_TEL, PROFILE_IMG, ENROLL_DATE, MEMBER_EMAIL, MEMBER_DEL_FL, AUTHORITY, MEMBER_GRADE, MEMBER_BIRTH, POINT)
VALUES (1, 'user01', '$2a$10$HD6wcHiG95cW3VzfM6tvqePRcCIRBx1Irys7917d69Sl91lQaAEDG', '관리자', '홍길동', '06234^^^ 서울 강남구 테헤란로 14길 6^^^ 5층', '01012345678', '/resources/images/mypage/관리자 프로필.webp', SYSDATE, 'user01@gmail.com', 'N', 1, 3.2, TO_DATE('19900101', 'YYYYMMDD'), 5000);

-- 두 번째 회원 삽입
INSERT INTO MEMBER (MEMBER_NO, MEMBER_ID, MEMBER_PW, MEMBER_NICK, MEMBER_NAME, MEMBER_ADDR, MEMBER_TEL, PROFILE_IMG, ENROLL_DATE, MEMBER_EMAIL, MEMBER_DEL_FL, AUTHORITY, MEMBER_GRADE, MEMBER_BIRTH, POINT)
VALUES (2, 'user02', '$2a$10$HD6wcHiG95cW3VzfM6tvqePRcCIRBx1Irys7917d69Sl91lQaAEDG', '농심', '김철수', '06234^^^ 서울 강남구 테헤란로 14길 6^^^ 5층', '01023456789', '/resources/images/brand/brand01.png', SYSDATE, 'user02@gmail.com', 'N', 3, 4.1, TO_DATE('19930514', 'YYYYMMDD'), 4200);

-- 세 번째 회원 삽입
INSERT INTO MEMBER (MEMBER_NO, MEMBER_ID, MEMBER_PW, MEMBER_NICK, MEMBER_NAME, MEMBER_ADDR, MEMBER_TEL, PROFILE_IMG, ENROLL_DATE, MEMBER_EMAIL, MEMBER_DEL_FL, AUTHORITY, MEMBER_GRADE, MEMBER_BIRTH, POINT)
VALUES (3, 'user03', '$2a$10$HD6wcHiG95cW3VzfM6tvqePRcCIRBx1Irys7917d69Sl91lQaAEDG', 'Nike', '이영희', '06234^^^ 서울 강남구 테헤란로 14길 6^^^ 5층', '01034567890', '/resources/images/brand/brand02.png', SYSDATE, 'user03@gmail.com', 'N', 3, 2.5, TO_DATE('19940730', 'YYYYMMDD'), 3600);

-- 네 번째 회원 삽입
INSERT INTO MEMBER (MEMBER_NO, MEMBER_ID, MEMBER_PW, MEMBER_NICK, MEMBER_NAME, MEMBER_ADDR, MEMBER_TEL, PROFILE_IMG, ENROLL_DATE, MEMBER_EMAIL, MEMBER_DEL_FL, AUTHORITY, MEMBER_GRADE, MEMBER_BIRTH, POINT)
VALUES (4, 'user04', '$2a$10$HD6wcHiG95cW3VzfM6tvqePRcCIRBx1Irys7917d69Sl91lQaAEDG', 'Adidas', '박민수', '06234^^^ 서울 강남구 테헤란로 14길 6^^^ 5층', '01045678901', '/resources/images/brand/brand03.png', SYSDATE, 'user04@gmail.com', 'N', 3, 5.0, TO_DATE('19891225', 'YYYYMMDD'), 4800);

-- 다섯 번째 회원 삽입
INSERT INTO MEMBER (MEMBER_NO, MEMBER_ID, MEMBER_PW, MEMBER_NICK, MEMBER_NAME, MEMBER_ADDR, MEMBER_TEL, PROFILE_IMG, ENROLL_DATE, MEMBER_EMAIL, MEMBER_DEL_FL, AUTHORITY, MEMBER_GRADE, MEMBER_BIRTH, POINT)
VALUES (5, 'user05', '$2a$10$HD6wcHiG95cW3VzfM6tvqePRcCIRBx1Irys7917d69Sl91lQaAEDG', 'Puma', '최다연', '06234^^^ 서울 강남구 테헤란로 14길 6^^^ 5층', '01056789012', '/resources/images/brand/brand04.png' , SYSDATE, 'user05@gmail.com', 'N', 3, 1.8, TO_DATE('19951111', 'YYYYMMDD'), 3000);

-- 여섯 번째 회원 삽입
INSERT INTO MEMBER (MEMBER_NO, MEMBER_ID, MEMBER_PW, MEMBER_NICK, MEMBER_NAME, MEMBER_ADDR, MEMBER_TEL, PROFILE_IMG, ENROLL_DATE, MEMBER_EMAIL, MEMBER_DEL_FL, AUTHORITY, MEMBER_GRADE, MEMBER_BIRTH, POINT)
VALUES (6, 'user06', '$2a$10$HD6wcHiG95cW3VzfM6tvqePRcCIRBx1Irys7917d69Sl91lQaAEDG', 'Reebok', '송지훈', '06234^^^ 서울 강남구 테헤란로 14길 6^^^ 5층', '01067890123', '/resources/images/brand/brand05.png' , SYSDATE, 'user06@gmail.com', 'N', 3, 3.7, TO_DATE('19970821', 'YYYYMMDD'), 2750);

-- 일곱 번째 회원 삽입
INSERT INTO MEMBER (MEMBER_NO, MEMBER_ID, MEMBER_PW, MEMBER_NICK, MEMBER_NAME, MEMBER_ADDR, MEMBER_TEL, PROFILE_IMG, ENROLL_DATE, MEMBER_EMAIL, MEMBER_DEL_FL, AUTHORITY, MEMBER_GRADE, MEMBER_BIRTH, POINT)
VALUES (7, 'user07', '$2a$10$HD6wcHiG95cW3VzfM6tvqePRcCIRBx1Irys7917d69Sl91lQaAEDG', 'UnderArmour', '강수진', '06234^^^ 서울 강남구 테헤란로 14길 6^^^ 5층', '01078901234', '/resources/images/brand/brand06.png', SYSDATE, 'user07@gmail.com', 'N', 3, 4.4, TO_DATE('19930502', 'YYYYMMDD'), 3900);

-- 여덟 번째 회원 삽입
INSERT INTO MEMBER (MEMBER_NO, MEMBER_ID, MEMBER_PW, MEMBER_NICK, MEMBER_NAME, MEMBER_ADDR, MEMBER_TEL, PROFILE_IMG, ENROLL_DATE, MEMBER_EMAIL, MEMBER_DEL_FL, AUTHORITY, MEMBER_GRADE, MEMBER_BIRTH, POINT)
VALUES (8, 'user08', '$2a$10$HD6wcHiG95cW3VzfM6tvqePRcCIRBx1Irys7917d69Sl91lQaAEDG', 'nick08', '윤정호', '06234^^^ 서울 강남구 테헤란로 14길 6^^^ 5층', '01089012345', '/resources/images/brand/brand07.png', SYSDATE, 'user08@gmail.com', 'N', 2, 2.1, TO_DATE('19960214', 'YYYYMMDD'), 2500);

-- 아홉 번째 회원 삽입
INSERT INTO MEMBER (MEMBER_NO, MEMBER_ID, MEMBER_PW, MEMBER_NICK, MEMBER_NAME, MEMBER_ADDR, MEMBER_TEL, PROFILE_IMG, ENROLL_DATE, MEMBER_EMAIL, MEMBER_DEL_FL, AUTHORITY, MEMBER_GRADE, MEMBER_BIRTH, POINT)
VALUES (9, 'user09', '$2a$10$HD6wcHiG95cW3VzfM6tvqePRcCIRBx1Irys7917d69Sl91lQaAEDG', 'nick09', '백승민', '06234^^^ 서울 강남구 테헤란로 14길 6^^^ 5층', '01090123456', NULL, SYSDATE, 'user09@gmail.com', 'N', 2, 3.3, TO_DATE('19980529', 'YYYYMMDD'), 4100);

-- 열 번째 회원 삽입
INSERT INTO MEMBER (MEMBER_NO, MEMBER_ID, MEMBER_PW, MEMBER_NICK, MEMBER_NAME, MEMBER_ADDR, MEMBER_TEL, PROFILE_IMG, ENROLL_DATE, MEMBER_EMAIL, MEMBER_DEL_FL, AUTHORITY, MEMBER_GRADE, MEMBER_BIRTH, POINT)
VALUES (10, 'user10', '$2a$10$HD6wcHiG95cW3VzfM6tvqePRcCIRBx1Irys7917d69Sl91lQaAEDG', 'nick10', '정하나', '06234^^^ 서울 강남구 테헤란로 14길 6^^^ 5층', '01101234567', NULL, SYSDATE, 'user10@gmail.com', 'N', 2, 1.5, TO_DATE('19910408', 'YYYYMMDD'), 3150);

-- 열한 번째 회원 삽입
INSERT INTO MEMBER (MEMBER_NO, MEMBER_ID, MEMBER_PW, MEMBER_NICK, MEMBER_NAME, MEMBER_ADDR, MEMBER_TEL, PROFILE_IMG, ENROLL_DATE, MEMBER_EMAIL, MEMBER_DEL_FL, AUTHORITY, MEMBER_GRADE, MEMBER_BIRTH, POINT)
VALUES (11, 'user11', '$2a$10$HD6wcHiG95cW3VzfM6tvqePRcCIRBx1Irys7917d69Sl91lQaAEDG', 'nick11', '고민정', '06234^^^ 서울 강남구 테헤란로 14길 6^^^ 5층', '01112345678', NULL, SYSDATE, 'user11@gmail.com', 'N', 2, 4.9, TO_DATE('19931219', 'YYYYMMDD'), 4900);

-- 열두 번째 회원 삽입
INSERT INTO MEMBER (MEMBER_NO, MEMBER_ID, MEMBER_PW, MEMBER_NICK, MEMBER_NAME, MEMBER_ADDR, MEMBER_TEL, PROFILE_IMG, ENROLL_DATE, MEMBER_EMAIL, MEMBER_DEL_FL, AUTHORITY, MEMBER_GRADE, MEMBER_BIRTH, POINT)
VALUES (12, 'user12', '$2a$10$HD6wcHiG95cW3VzfM6tvqePRcCIRBx1Irys7917d69Sl91lQaAEDG', 'nick12', '이도현', '06234^^^ 서울 강남구 테헤란로 14길 6^^^ 5층', '01123456789', NULL, SYSDATE, 'user12@gmail.com', 'N', 2, 3.6, TO_DATE('19970607', 'YYYYMMDD'), 3300);

-- 열세 번째 회원 삽입
INSERT INTO MEMBER (MEMBER_NO, MEMBER_ID, MEMBER_PW, MEMBER_NICK, MEMBER_NAME, MEMBER_ADDR, MEMBER_TEL, PROFILE_IMG, ENROLL_DATE, MEMBER_EMAIL, MEMBER_DEL_FL, AUTHORITY, MEMBER_GRADE, MEMBER_BIRTH, POINT)
VALUES (13, 'user13', '$2a$10$HD6wcHiG95cW3VzfM6tvqePRcCIRBx1Irys7917d69Sl91lQaAEDG', 'nick13', '문소라', '06234^^^ 서울 강남구 테헤란로 14길 6^^^ 5층', '01134567890', NULL, SYSDATE, 'user13@gmail.com', 'N', 2, 2.8, TO_DATE('19951224', 'YYYYMMDD'), 2750);

-- 열네 번째 회원 삽입
INSERT INTO MEMBER (MEMBER_NO, MEMBER_ID, MEMBER_PW, MEMBER_NICK, MEMBER_NAME, MEMBER_ADDR, MEMBER_TEL, PROFILE_IMG, ENROLL_DATE, MEMBER_EMAIL, MEMBER_DEL_FL, AUTHORITY, MEMBER_GRADE, MEMBER_BIRTH, POINT)
VALUES (14, 'user14', '$2a$10$HD6wcHiG95cW3VzfM6tvqePRcCIRBx1Irys7917d69Sl91lQaAEDG', 'nick14', '신재현', '06234^^^ 서울 강남구 테헤란로 14길 6^^^ 5층', '01145678901', NULL, SYSDATE, 'user14@gmail.com', 'N', 2, 4.0, TO_DATE('19990115', 'YYYYMMDD'), 4500);

-- 열다섯 번째 회원 삽입
INSERT INTO MEMBER (MEMBER_NO, MEMBER_ID, MEMBER_PW, MEMBER_NICK, MEMBER_NAME, MEMBER_ADDR, MEMBER_TEL, PROFILE_IMG, ENROLL_DATE, MEMBER_EMAIL, MEMBER_DEL_FL, AUTHORITY, MEMBER_GRADE, MEMBER_BIRTH, POINT)
VALUES (15, 'user15', '$2a$10$HD6wcHiG95cW3VzfM6tvqePRcCIRBx1Irys7917d69Sl91lQaAEDG', 'nick15', '장예림', '06234^^^ 서울 강남구 테헤란로 14길 6^^^ 5층', '01156789012', NULL, SYSDATE, 'user15@gmail.com', 'N', 2, 1.9, TO_DATE('20000830', 'YYYYMMDD'), 3100);

INSERT INTO MEMBER (MEMBER_NO, MEMBER_ID, MEMBER_PW, MEMBER_NICK, MEMBER_NAME, MEMBER_ADDR, MEMBER_TEL, PROFILE_IMG, ENROLL_DATE, MEMBER_EMAIL, MEMBER_DEL_FL, AUTHORITY, MEMBER_GRADE, MEMBER_BIRTH, POINT)
VALUES (16, 'user16', '$2a$10$HD6wcHiG95cW3VzfM6tvqePRcCIRBx1Irys7917d69Sl91lQaAEDG', 'nick16', '김도현', '04523^^^ 서울 중구 세종대로 110^^^ 10층', '01012345678', NULL, SYSDATE, 'user16@gmail.com', 'N', 2, 2.3, TO_DATE('19951215', 'YYYYMMDD'), 4500);

INSERT INTO MEMBER (MEMBER_NO, MEMBER_ID, MEMBER_PW, MEMBER_NICK, MEMBER_NAME, MEMBER_ADDR, MEMBER_TEL, PROFILE_IMG, ENROLL_DATE, MEMBER_EMAIL, MEMBER_DEL_FL, AUTHORITY, MEMBER_GRADE, MEMBER_BIRTH, POINT)
VALUES (17, 'user17', '$2a$10$HD6wcHiG95cW3VzfM6tvqePRcCIRBx1Irys7917d69Sl91lQaAEDG', 'nick17', '박소현', '08733^^^ 서울 관악구 남부순환로 2081^^^ 3층', '01099887766', NULL, SYSDATE, 'user17@gmail.com', 'N', 2, 3.1, TO_DATE('19990122', 'YYYYMMDD'), 6000);

INSERT INTO MEMBER (MEMBER_NO, MEMBER_ID, MEMBER_PW, MEMBER_NICK, MEMBER_NAME, MEMBER_ADDR, MEMBER_TEL, PROFILE_IMG, ENROLL_DATE, MEMBER_EMAIL, MEMBER_DEL_FL, AUTHORITY, MEMBER_GRADE, MEMBER_BIRTH, POINT)
VALUES (18, 'user18', '$2a$10$HD6wcHiG95cW3VzfM6tvqePRcCIRBx1Irys7917d69Sl91lQaAEDG', 'nick18', '이준석', '06345^^^ 서울 강동구 올림픽로 512^^^ 8층', '01055667788', NULL, SYSDATE, 'user18@gmail.com', 'N', 2, 2.0, TO_DATE('19981005', 'YYYYMMDD'), 3700);

INSERT INTO MEMBER (MEMBER_NO, MEMBER_ID, MEMBER_PW, MEMBER_NICK, MEMBER_NAME, MEMBER_ADDR, MEMBER_TEL, PROFILE_IMG, ENROLL_DATE, MEMBER_EMAIL, MEMBER_DEL_FL, AUTHORITY, MEMBER_GRADE, MEMBER_BIRTH, POINT)
VALUES (19, 'user19', '$2a$10$HD6wcHiG95cW3VzfM6tvqePRcCIRBx1Irys7917d69Sl91lQaAEDG', 'banNick19', '오정환', '06120^^^ 서울 강남구 도산대로 123^^^ 2층', '01011112222', NULL, SYSDATE, 'ban19@gmail.com', 'B', 2, 1.2, TO_DATE('19930506', 'YYYYMMDD'), 0);

INSERT INTO MEMBER (MEMBER_NO, MEMBER_ID, MEMBER_PW, MEMBER_NICK, MEMBER_NAME, MEMBER_ADDR, MEMBER_TEL, PROFILE_IMG, ENROLL_DATE, MEMBER_EMAIL, MEMBER_DEL_FL, AUTHORITY, MEMBER_GRADE, MEMBER_BIRTH, POINT)
VALUES (20, 'user20', '$2a$10$HD6wcHiG95cW3VzfM6tvqePRcCIRBx1Irys7917d69Sl91lQaAEDG', 'banNick20', '김혜진', '04876^^^ 서울 성동구 왕십리로 221^^^ 5층', '01033334444', NULL, SYSDATE, 'ban20@gmail.com', 'B', 2, 1.0, TO_DATE('19941212', 'YYYYMMDD'), 0);

INSERT INTO MEMBER (MEMBER_NO, MEMBER_ID, MEMBER_PW, MEMBER_NICK, MEMBER_NAME, MEMBER_ADDR, MEMBER_TEL, PROFILE_IMG, ENROLL_DATE, MEMBER_EMAIL, MEMBER_DEL_FL, AUTHORITY, MEMBER_GRADE, MEMBER_BIRTH, POINT)
VALUES (21, 'user21', '$2a$10$HD6wcHiG95cW3VzfM6tvqePRcCIRBx1Irys7917d69Sl91lQaAEDG', 'banNick21', '조상민', '07345^^^ 서울 영등포구 여의대로 95^^^ 11층', '01055556666', NULL, SYSDATE, 'ban21@gmail.com', 'B', 2, 1.5, TO_DATE('19920718', 'YYYYMMDD'), 0);

INSERT INTO MEMBER (MEMBER_NO, MEMBER_ID, MEMBER_PW, MEMBER_NICK, MEMBER_NAME, MEMBER_ADDR, MEMBER_TEL, PROFILE_IMG, ENROLL_DATE, MEMBER_EMAIL, MEMBER_DEL_FL, AUTHORITY, MEMBER_GRADE, MEMBER_BIRTH, POINT)
VALUES (22, 'user22', '$2a$10$HD6wcHiG95cW3VzfM6tvqePRcCIRBx1Irys7917d69Sl91lQaAEDG', 'banNick22', '송민주', '06678^^^ 서울 서초구 서초대로 78^^^ 6층', '01077778888', NULL, SYSDATE, 'ban22@gmail.com', 'B', 2, 1.7, TO_DATE('19910925', 'YYYYMMDD'), 0);

INSERT INTO MEMBER (MEMBER_NO, MEMBER_ID, MEMBER_PW, MEMBER_NICK, MEMBER_NAME, MEMBER_ADDR, MEMBER_TEL, PROFILE_IMG, ENROLL_DATE, MEMBER_EMAIL, MEMBER_DEL_FL, AUTHORITY, MEMBER_GRADE, MEMBER_BIRTH, POINT)
VALUES (23, 'user23', '$2a$10$HD6wcHiG95cW3VzfM6tvqePRcCIRBx1Irys7917d69Sl91lQaAEDG', 'banNick23', '이대훈', '08145^^^ 서울 금천구 가산디지털1로 180^^^ 7층', '01099990000', NULL, SYSDATE, 'ban23@gmail.com', 'B', 2, 1.4, TO_DATE('19951114', 'YYYYMMDD'), 0);


-- 사업자 정보 테이블 더미 데이터 
-- 첫 번째 데이터 삽입
INSERT INTO COMPANY (MEMBER_NO, BUSINESS_NO, BANK_NAME, BANK_NO, PERMISSION_FL)
VALUES (2, 1234567890, '국민은행', 987654321, 'Y');

-- 두 번째 데이터 삽입
INSERT INTO COMPANY (MEMBER_NO, BUSINESS_NO, BANK_NAME, BANK_NO, PERMISSION_FL)
VALUES (3, 2345678901, '신한은행', 876543210, 'Y');

-- 세 번째 데이터 삽입
INSERT INTO COMPANY (MEMBER_NO, BUSINESS_NO, BANK_NAME, BANK_NO, PERMISSION_FL)
VALUES (4, 3456789012, '우리은행', 765432109, 'N');

-- 네 번째 데이터 삽입
INSERT INTO COMPANY (MEMBER_NO, BUSINESS_NO, BANK_NAME, BANK_NO, PERMISSION_FL)
VALUES (5, 4567890123, '하나은행', 654321098, 'Y');

-- 다섯 번째 데이터 삽입
INSERT INTO COMPANY (MEMBER_NO, BUSINESS_NO, BANK_NAME, BANK_NO, PERMISSION_FL)
VALUES (6, 5678901234, '기업은행', 543210987, 'N');

-- 여섯 번째 데이터 삽입
INSERT INTO COMPANY (MEMBER_NO, BUSINESS_NO, BANK_NAME, BANK_NO, PERMISSION_FL)
VALUES (7, 6789012345, '농협', 432109876, 'Y');

-- 게시판 종류 더미 데이터 (계층형 구조 유지)
INSERT INTO BOARD_TYPE (BOARD_CD, BOARD_NAME, PARENT_BOARD_CD) VALUES (1, '모집', NULL);
INSERT INTO BOARD_TYPE (BOARD_CD, BOARD_NAME, PARENT_BOARD_CD) VALUES (2, '브랜드', NULL);
INSERT INTO BOARD_TYPE (BOARD_CD, BOARD_NAME, PARENT_BOARD_CD) VALUES (3, '공지사항', NULL);
INSERT INTO BOARD_TYPE (BOARD_CD, BOARD_NAME, PARENT_BOARD_CD) VALUES (4, 'FAQ', NULL);
INSERT INTO BOARD_TYPE (BOARD_CD, BOARD_NAME, PARENT_BOARD_CD) VALUES (5, '문의', NULL);
INSERT INTO BOARD_TYPE (BOARD_CD, BOARD_NAME, PARENT_BOARD_CD) VALUES (6, '1대1문의', 5);
INSERT INTO BOARD_TYPE (BOARD_CD, BOARD_NAME, PARENT_BOARD_CD) VALUES (7, '광고 문의', 5);
INSERT INTO BOARD_TYPE (BOARD_CD, BOARD_NAME, PARENT_BOARD_CD) VALUES (8, '제휴문의', 5);
INSERT INTO BOARD_TYPE (BOARD_CD, BOARD_NAME, PARENT_BOARD_CD) VALUES (9, '회원/계정', 4);
INSERT INTO BOARD_TYPE (BOARD_CD, BOARD_NAME, PARENT_BOARD_CD) VALUES (10, '공동구매', 4);
INSERT INTO BOARD_TYPE (BOARD_CD, BOARD_NAME, PARENT_BOARD_CD) VALUES (11, '결제/환불', 4);
INSERT INTO BOARD_TYPE (BOARD_CD, BOARD_NAME, PARENT_BOARD_CD) VALUES (12, '수령/배송', 4);
INSERT INTO BOARD_TYPE (BOARD_CD, BOARD_NAME, PARENT_BOARD_CD) VALUES (13, '기타', 4);

SELECT * FROM BOARD_TYPE bt ;
-- 게시판 정보 더미 데이터 (모집, 판매 관련 게시글 포함)
-- 첫 번째 BOARD 데이터 삽입
INSERT INTO BOARD (BOARD_NO, BOARD_TITLE, BOARD_CONTENT, B_CREATE_DATE, B_UPDATE_DATE, BOARD_DEL_FL,B_STATE, MEMBER_NO, BOARD_CD)
VALUES (1, '무선 이어폰', '최신형 무선 이어폰 공동구매 모집합니다.', SYSDATE, NULL, 'N', NULL, 2, 1);

-- 두 번째 BOARD 데이터 삽입
INSERT INTO BOARD (BOARD_NO, BOARD_TITLE, BOARD_CONTENT, B_CREATE_DATE, B_UPDATE_DATE, BOARD_DEL_FL,B_STATE, MEMBER_NO, BOARD_CD)
VALUES (2, '스마트워치', '최신 스마트워치 공동구매 진행합니다.', SYSDATE, NULL, 'N', NULL, 3, 1);

-- 세 번째 BOARD 데이터 삽입
INSERT INTO BOARD (BOARD_NO, BOARD_TITLE, BOARD_CONTENT, B_CREATE_DATE, B_UPDATE_DATE, BOARD_DEL_FL,B_STATE, MEMBER_NO, BOARD_CD)
VALUES (3, '프리미엄 헤드폰', '노이즈 캔슬링 기능이 뛰어난 프리미엄 헤드폰입니다.', SYSDATE, NULL, 'N', NULL, 4, 2);

-- 네 번째 BOARD 데이터 삽입
INSERT INTO BOARD (BOARD_NO, BOARD_TITLE, BOARD_CONTENT, B_CREATE_DATE, B_UPDATE_DATE, BOARD_DEL_FL,B_STATE, MEMBER_NO, BOARD_CD)
VALUES (4, '친환경 텀블러', '환경을 생각하는 디자인 텀블러입니다.', SYSDATE, NULL, 'N', NULL, 5, 2);

-- 다섯 번째 BOARD 데이터 삽입
INSERT INTO BOARD (BOARD_NO, BOARD_TITLE, BOARD_CONTENT, B_CREATE_DATE, B_UPDATE_DATE, BOARD_DEL_FL,B_STATE, MEMBER_NO, BOARD_CD)
VALUES (5, '공지사항: 사이트 점검 안내', '사이트 점검 일정에 대한 공지입니다.', SYSDATE, NULL, 'N', NULL, 1, 3);

-- 여섯 번째 BOARD 데이터 삽입
INSERT INTO BOARD (BOARD_NO, BOARD_TITLE, BOARD_CONTENT, B_CREATE_DATE, B_UPDATE_DATE, BOARD_DEL_FL,B_STATE, MEMBER_NO, BOARD_CD)
VALUES (6, 'FAQ: 회원가입 방법', '회원가입 절차를 상세히 안내합니다.', SYSDATE, NULL, 'N', NULL, 1, 4);

-- 일곱 번째 BOARD 데이터 삽입
INSERT INTO BOARD (BOARD_NO, BOARD_TITLE, BOARD_CONTENT, B_CREATE_DATE, B_UPDATE_DATE, BOARD_DEL_FL,B_STATE, MEMBER_NO, BOARD_CD)
VALUES (7, 'FAQ: 배송 지연 사유', '배송이 지연되는 주요 사유 및 해결 방법 안내.', SYSDATE, NULL, 'N', NULL, 1, 4);

-- 여덟 번째 BOARD 데이터 삽입
INSERT INTO BOARD (BOARD_NO, BOARD_TITLE, BOARD_CONTENT, B_CREATE_DATE, B_UPDATE_DATE, BOARD_DEL_FL,B_STATE, MEMBER_NO, BOARD_CD)
VALUES (8, '1대1 문의 - 배송 지연 관련', '배송이 예상보다 늦어지는 이유가 궁금합니다.', SYSDATE, NULL, 'N', NULL, 6, 6);

-- 아홉 번째 BOARD 데이터 삽입
INSERT INTO BOARD (BOARD_NO, BOARD_TITLE, BOARD_CONTENT, B_CREATE_DATE, B_UPDATE_DATE, BOARD_DEL_FL,B_STATE, MEMBER_NO, BOARD_CD)
VALUES (9, '광고 문의 - 제품 홍보', '우리 브랜드 제품 홍보 가능 여부 문의드립니다.', SYSDATE, NULL, 'N', NULL, 7, 7);

-- 열 번째 BOARD 데이터 삽입
INSERT INTO BOARD (BOARD_NO, BOARD_TITLE, BOARD_CONTENT, B_CREATE_DATE, B_UPDATE_DATE, BOARD_DEL_FL,B_STATE, MEMBER_NO, BOARD_CD)
VALUES (10, '제휴 문의 - 공동 이벤트', '공동 마케팅 이벤트 진행이 가능할까요?', SYSDATE, NULL, 'N', NULL, 8, 8);

-- 열한 번째 BOARD 데이터 삽입
INSERT INTO BOARD (BOARD_NO, BOARD_TITLE, BOARD_CONTENT, B_CREATE_DATE, B_UPDATE_DATE, BOARD_DEL_FL,B_STATE, MEMBER_NO, BOARD_CD)
VALUES (11, '제휴 문의 - 제품 재입고', '이 제품은 언제 재입고되나요?', SYSDATE, NULL, 'N', NULL, 9, 8);

-- 열두 번째 BOARD 데이터 삽입
INSERT INTO BOARD (BOARD_NO, BOARD_TITLE, BOARD_CONTENT, B_CREATE_DATE, B_UPDATE_DATE, BOARD_DEL_FL,B_STATE, MEMBER_NO, BOARD_CD)
VALUES (12, '회원 계정 관련 문의 - 이메일 변경', '이메일 변경은 어떻게 하나요?', SYSDATE, NULL, 'N', NULL, 10, 5);

-- 열세 번째 BOARD 데이터 삽입
INSERT INTO BOARD (BOARD_NO, BOARD_TITLE, BOARD_CONTENT, B_CREATE_DATE, B_UPDATE_DATE, BOARD_DEL_FL,B_STATE, MEMBER_NO, BOARD_CD)
VALUES (13, '공동구매 - 마감일 연장 요청', '공동구매 마감일 연장이 가능한가요?', SYSDATE, NULL, 'N', NULL, 11, 5);

-- 열네 번째 BOARD 데이터 삽입
INSERT INTO BOARD (BOARD_NO, BOARD_TITLE, BOARD_CONTENT, B_CREATE_DATE, B_UPDATE_DATE, BOARD_DEL_FL,B_STATE, MEMBER_NO, BOARD_CD)
VALUES (14, '결제/환불 - 환불 신청 방법', '환불 신청은 어떻게 진행하나요?', SYSDATE, NULL, 'N',NULL, 12, 5);

-- 열다섯 번째 BOARD 데이터 삽입
INSERT INTO BOARD (BOARD_NO, BOARD_TITLE, BOARD_CONTENT, B_CREATE_DATE, B_UPDATE_DATE, BOARD_DEL_FL,B_STATE, MEMBER_NO, BOARD_CD)
VALUES (15, '수령/배송 - 해외 배송 가능 여부', '해외 배송도 가능한가요?', SYSDATE, NULL, 'N', NULL, 13, 5);

-- 열여섯 번째 BOARD 데이터 삽입
INSERT INTO BOARD (BOARD_NO, BOARD_TITLE, BOARD_CONTENT, B_CREATE_DATE, B_UPDATE_DATE, BOARD_DEL_FL,B_STATE, MEMBER_NO, BOARD_CD)
VALUES (16, '기타 문의 - 사이트 이용 관련', '사이트 기능 이용 방법 문의드립니다.', SYSDATE, NULL, 'N', NULL, 14, 5);

-- 열일곱 번째 BOARD 데이터 삽입
INSERT INTO BOARD (BOARD_NO, BOARD_TITLE, BOARD_CONTENT, B_CREATE_DATE, B_UPDATE_DATE, BOARD_DEL_FL,B_STATE, MEMBER_NO, BOARD_CD)
VALUES (17, '공동구매 모집 - 게이밍 키보드', '게이머를 위한 고성능 키보드 공동구매 모집합니다.', SYSDATE, NULL, 'N', NULL, 3, 1);

-- 열여덟 번째 BOARD 데이터 삽입
INSERT INTO BOARD (BOARD_NO, BOARD_TITLE, BOARD_CONTENT, B_CREATE_DATE, B_UPDATE_DATE, BOARD_DEL_FL,B_STATE, MEMBER_NO, BOARD_CD)
VALUES (18, '공동구매 모집 - 스마트 체중계', '건강을 위한 스마트 체중계 공동구매 진행합니다.', SYSDATE, NULL, 'N', NULL, 4, 1);

-- 열아홉 번째 BOARD 데이터 삽입
INSERT INTO BOARD (BOARD_NO, BOARD_TITLE, BOARD_CONTENT, B_CREATE_DATE, B_UPDATE_DATE, BOARD_DEL_FL,B_STATE, MEMBER_NO, BOARD_CD)
VALUES (19, '브랜드 상품 - 무선 마우스', '정확한 트래킹을 위한 무선 마우스입니다.', SYSDATE, NULL, 'N', NULL, 5, 2);

-- 스무 번째 BOARD 데이터 삽입
INSERT INTO BOARD (BOARD_NO, BOARD_TITLE, BOARD_CONTENT, B_CREATE_DATE, B_UPDATE_DATE, BOARD_DEL_FL,B_STATE, MEMBER_NO, BOARD_CD)
VALUES (20, '브랜드 상품 - 미니 공기청정기', '개인용 미니 공기청정기 제품 안내입니다.', SYSDATE, NULL, 'N', NULL, 6, 2);

-- 스물한 번째 BOARD 데이터 삽입
INSERT INTO BOARD (BOARD_NO, BOARD_TITLE, BOARD_CONTENT, B_CREATE_DATE, B_UPDATE_DATE, BOARD_DEL_FL,B_STATE, MEMBER_NO, BOARD_CD)
VALUES (21, '공지사항: 보안 업데이트 안내', '보안 업데이트 일정 공지드립니다.', SYSDATE, NULL, 'N', NULL, 1, 3);

-- 스물두 번째 BOARD 데이터 삽입
INSERT INTO BOARD (BOARD_NO, BOARD_TITLE, BOARD_CONTENT, B_CREATE_DATE, B_UPDATE_DATE, BOARD_DEL_FL,B_STATE, MEMBER_NO, BOARD_CD)
VALUES (22, 'FAQ: 주문 취소 방법', '주문 취소 방법을 상세히 안내합니다.', SYSDATE, NULL, 'N', NULL, 1, 4);

-- 스물세 번째 BOARD 데이터 삽입
INSERT INTO BOARD (BOARD_NO, BOARD_TITLE, BOARD_CONTENT, B_CREATE_DATE, B_UPDATE_DATE, BOARD_DEL_FL,B_STATE, MEMBER_NO, BOARD_CD)
VALUES (23, 'FAQ: 적립금 사용법', '적립금 사용 및 환불 정책 안내입니다.', SYSDATE, NULL, 'N', NULL, 1, 4);

-- 스물네 번째 BOARD 데이터 삽입
INSERT INTO BOARD (BOARD_NO, BOARD_TITLE, BOARD_CONTENT, B_CREATE_DATE, B_UPDATE_DATE, BOARD_DEL_FL,B_STATE, MEMBER_NO, BOARD_CD)
VALUES (24, '1대1 문의 - 주문 취소 요청', '주문을 취소하고 싶습니다.', SYSDATE, NULL, 'N', NULL, 7, 6);

-- 스물다섯 번째 BOARD 데이터 삽입
INSERT INTO BOARD (BOARD_NO, BOARD_TITLE, BOARD_CONTENT, B_CREATE_DATE, B_UPDATE_DATE, BOARD_DEL_FL,B_STATE, MEMBER_NO, BOARD_CD)
VALUES (25, '광고 문의 - 배너 광고 가능 여부', '사이트 배너 광고 진행 여부 문의드립니다.', SYSDATE, NULL, 'N', NULL, 8, 7);

-- 스물여섯 번째 BOARD 데이터 삽입
INSERT INTO BOARD (BOARD_NO, BOARD_TITLE, BOARD_CONTENT, B_CREATE_DATE, B_UPDATE_DATE, BOARD_DEL_FL,B_STATE, MEMBER_NO, BOARD_CD)
VALUES (26, '제휴 문의 - 상품 협업 요청', '상품 협업이 가능할까요?', SYSDATE, NULL, 'Y', NULL, 9, 8);

-- 스물일곱 번째 BOARD 데이터 삽입
INSERT INTO BOARD (BOARD_NO, BOARD_TITLE, BOARD_CONTENT, B_CREATE_DATE, B_UPDATE_DATE, BOARD_DEL_FL,B_STATE, MEMBER_NO, BOARD_CD)
VALUES (27, '제휴 문의 - 제품 호환 여부', '이 제품이 다른 모델과 호환되나요?', SYSDATE, NULL, 'N', NULL, 10, 8);

-- 스물여덟 번째 BOARD 데이터 삽입
INSERT INTO BOARD (BOARD_NO, BOARD_TITLE, BOARD_CONTENT, B_CREATE_DATE, B_UPDATE_DATE, BOARD_DEL_FL,B_STATE, MEMBER_NO, BOARD_CD)
VALUES (28, '회원 계정 관련 문의 - 비밀번호 초기화', '비밀번호 초기화가 안 됩니다.', SYSDATE, NULL, 'Y', NULL, 11, 5);

-- 스물아홉 번째 BOARD 데이터 삽입
INSERT INTO BOARD (BOARD_NO, BOARD_TITLE, BOARD_CONTENT, B_CREATE_DATE, B_UPDATE_DATE, BOARD_DEL_FL,B_STATE, MEMBER_NO, BOARD_CD)
VALUES (29, '공동구매 - 상품 추가 요청', '공동구매 리스트에 상품 추가 가능할까요?', SYSDATE, NULL, 'N', NULL, 12, 5);

-- 서른 번째 BOARD 데이터 삽입
INSERT INTO BOARD (BOARD_NO, BOARD_TITLE, BOARD_CONTENT, B_CREATE_DATE, B_UPDATE_DATE, BOARD_DEL_FL,B_STATE, MEMBER_NO, BOARD_CD)
VALUES (30, '결제/환불 - 카드 결제 오류', '카드 결제가 되지 않습니다.', SYSDATE, NULL, 'N', NULL, 13, 5);

-- 서른한 번째 BOARD 데이터 삽입
INSERT INTO BOARD (BOARD_NO, BOARD_TITLE, BOARD_CONTENT, B_CREATE_DATE, B_UPDATE_DATE, BOARD_DEL_FL,B_STATE, MEMBER_NO, BOARD_CD)
VALUES (31, '수령/배송 - 배송지 변경', '배송지를 변경하고 싶습니다.', SYSDATE, NULL, 'N', NULL, 14, 5);

-- 서른두 번째 BOARD 데이터 삽입
INSERT INTO BOARD (BOARD_NO, BOARD_TITLE, BOARD_CONTENT, B_CREATE_DATE, B_UPDATE_DATE, BOARD_DEL_FL,B_STATE, MEMBER_NO, BOARD_CD)
VALUES (32, '기타 문의 - 이벤트 참여 방법', '이벤트 참여 방법을 알고 싶습니다.', SYSDATE, NULL, 'N', NULL, 2, 5);

-- 서른세 번째 BOARD 데이터 삽입
INSERT INTO BOARD (BOARD_NO, BOARD_TITLE, BOARD_CONTENT, B_CREATE_DATE, B_UPDATE_DATE, BOARD_DEL_FL,B_STATE, MEMBER_NO, BOARD_CD)
VALUES (33, '게이밍 마우스', '게이밍 마우스 공구하실 분 모집합니다.', SYSDATE, NULL, 'Y', NULL, 2, 1);

-- 서른네 번째 BOARD 데이터 삽입
INSERT INTO BOARD (BOARD_NO, BOARD_TITLE, BOARD_CONTENT, B_CREATE_DATE, B_UPDATE_DATE, BOARD_DEL_FL,B_STATE, MEMBER_NO, BOARD_CD)
VALUES (34, '스마트램프', '스마트램프 공구하실 분 모집합니다.', SYSDATE, NULL, 'N', NULL, 3, 1);

-- 서른다섯 번째 BOARD 데이터 삽입
INSERT INTO BOARD (BOARD_NO, BOARD_TITLE, BOARD_CONTENT, B_CREATE_DATE, B_UPDATE_DATE, BOARD_DEL_FL,B_STATE, MEMBER_NO, BOARD_CD)
VALUES (35, '코딩 키보드', '코딩 키보드 공구하실 분 모집합니다.', SYSDATE, NULL, 'N', NULL, 4, 1);

-- 서른여섯 번째 BOARD 데이터 삽입
INSERT INTO BOARD (BOARD_NO, BOARD_TITLE, BOARD_CONTENT, B_CREATE_DATE, B_UPDATE_DATE, BOARD_DEL_FL,B_STATE, MEMBER_NO, BOARD_CD)
VALUES (36, 'USB 충전기', 'USB 충전기 공구하실 분 모집합니다.', SYSDATE, NULL, 'N', NULL, 5, 1);

-- 서른일곱 번째 BOARD 데이터 삽입
INSERT INTO BOARD (BOARD_NO, BOARD_TITLE, BOARD_CONTENT, B_CREATE_DATE, B_UPDATE_DATE, BOARD_DEL_FL,B_STATE, MEMBER_NO, BOARD_CD)
VALUES (37, '미니 냉장고', '미니 냉장고 공구하실 분 모집합니다.', SYSDATE, NULL, 'N', NULL, 6, 1);

-- 서른여덟 번째 BOARD 데이터 삽입
INSERT INTO BOARD (BOARD_NO, BOARD_TITLE, BOARD_CONTENT, B_CREATE_DATE, B_UPDATE_DATE, BOARD_DEL_FL,B_STATE, MEMBER_NO, BOARD_CD)
VALUES (38, '노트북 거치대', '노트북 거치대 공구하실 분 모집합니다.', SYSDATE, NULL, 'N', NULL, 7, 1);

-- 서른아홉 번째 BOARD 데이터 삽입
INSERT INTO BOARD (BOARD_NO, BOARD_TITLE, BOARD_CONTENT, B_CREATE_DATE, B_UPDATE_DATE, BOARD_DEL_FL,B_STATE, MEMBER_NO, BOARD_CD)
VALUES (39, '스마트 체중계', '스마트 체중계 공구하실 분 모집합니다.', SYSDATE, NULL, 'N', NULL, 8, 1);

-- 마흔 번째 BOARD 데이터 삽입
INSERT INTO BOARD (BOARD_NO, BOARD_TITLE, BOARD_CONTENT, B_CREATE_DATE, B_UPDATE_DATE, BOARD_DEL_FL,B_STATE, MEMBER_NO, BOARD_CD)
VALUES (40, '스마트 안마기', '스마트 안마기 공구하실 분 모집합니다.', SYSDATE, NULL, 'N', NULL, 9, 1);

-- 마흔한 번째 BOARD 데이터 삽입
INSERT INTO BOARD (BOARD_NO, BOARD_TITLE, BOARD_CONTENT, B_CREATE_DATE, B_UPDATE_DATE, BOARD_DEL_FL,B_STATE, MEMBER_NO, BOARD_CD)
VALUES (41, 'LED 스탠드', 'LED 스탠드 공구하실 분 모집합니다.', SYSDATE, NULL, 'N', NULL, 10, 1);

-- 마흔 번째 BOARD 데이터 삽입
INSERT INTO BOARD (BOARD_NO, BOARD_TITLE, BOARD_CONTENT, B_CREATE_DATE, B_UPDATE_DATE, BOARD_DEL_FL,B_STATE, MEMBER_NO, BOARD_CD)
VALUES (42, '게이밍 마우스', '정밀한 트래킹 기능이 포함된 게이밍 마우스입니다.', SYSDATE, NULL, 'N', NULL, 2, 2);

-- 마흔한 번째 BOARD 데이터 삽입
INSERT INTO BOARD (BOARD_NO, BOARD_TITLE, BOARD_CONTENT, B_CREATE_DATE, B_UPDATE_DATE, BOARD_DEL_FL,B_STATE, MEMBER_NO, BOARD_CD)
VALUES (43, '스마트램프', '음성 제어가 가능한 스마트램프입니다.', SYSDATE, NULL, 'Y', NULL, 3, 2);

-- 마흔두 번째 BOARD 데이터 삽입
INSERT INTO BOARD (BOARD_NO, BOARD_TITLE, BOARD_CONTENT, B_CREATE_DATE, B_UPDATE_DATE, BOARD_DEL_FL,B_STATE, MEMBER_NO, BOARD_CD)
VALUES (44, '코딩 키보드', '개발자를 위한 최적의 코딩 키보드입니다.', SYSDATE, NULL, 'N', NULL, 4, 2);

-- 마흔세 번째 BOARD 데이터 삽입
INSERT INTO BOARD (BOARD_NO, BOARD_TITLE, BOARD_CONTENT, B_CREATE_DATE, B_UPDATE_DATE, BOARD_DEL_FL,B_STATE, MEMBER_NO, BOARD_CD)
VALUES (45, 'USB 충전기', '고속 충전을 지원하는 USB 충전기입니다.', SYSDATE, NULL, 'N', NULL, 5, 2);

-- 마흔네 번째 BOARD 데이터 삽입
INSERT INTO BOARD (BOARD_NO, BOARD_TITLE, BOARD_CONTENT, B_CREATE_DATE, B_UPDATE_DATE, BOARD_DEL_FL,B_STATE, MEMBER_NO, BOARD_CD)
VALUES (46, '미니 냉장고', '작은 공간에 적합한 미니 냉장고입니다.', SYSDATE, NULL, 'N', NULL, 6, 2);

-- 마흔다섯 번째 BOARD 데이터 삽입
INSERT INTO BOARD (BOARD_NO, BOARD_TITLE, BOARD_CONTENT, B_CREATE_DATE, B_UPDATE_DATE, BOARD_DEL_FL,B_STATE, MEMBER_NO, BOARD_CD)
VALUES (47, '노트북 거치대', '인체공학적 디자인의 노트북 거치대입니다.', SYSDATE, NULL, 'N', NULL, 7, 2);

-- 마흔여섯 번째 BOARD 데이터 삽입
INSERT INTO BOARD (BOARD_NO, BOARD_TITLE, BOARD_CONTENT, B_CREATE_DATE, B_UPDATE_DATE, BOARD_DEL_FL,B_STATE, MEMBER_NO, BOARD_CD)
VALUES (48, '스마트 체중계', '건강 관리를 위한 스마트 체중계입니다.', SYSDATE, NULL, 'N', NULL, 8, 2);

-- 마흔일곱 번째 BOARD 데이터 삽입
INSERT INTO BOARD (BOARD_NO, BOARD_TITLE, BOARD_CONTENT, B_CREATE_DATE, B_UPDATE_DATE, BOARD_DEL_FL,B_STATE, MEMBER_NO, BOARD_CD)
VALUES (49, '스마트 안마기', '휴대용 스마트 안마기입니다.', SYSDATE, NULL, 'N', NULL, 9, 2);

-- 마흔여덟 번째 BOARD 데이터 삽입
INSERT INTO BOARD (BOARD_NO, BOARD_TITLE, BOARD_CONTENT, B_CREATE_DATE, B_UPDATE_DATE, BOARD_DEL_FL,B_STATE, MEMBER_NO, BOARD_CD)
VALUES (50, 'LED 스탠드', '조도 조절 기능이 있는 LED 스탠드입니다.', SYSDATE, NULL, 'Y',NULL, 10, 2);

-- 마흔아홉 번째 BOARD 데이터 삽입
INSERT INTO BOARD (BOARD_NO, BOARD_TITLE, BOARD_CONTENT, B_CREATE_DATE, B_UPDATE_DATE, BOARD_DEL_FL,B_STATE, MEMBER_NO, BOARD_CD)
VALUES (51, '스마트 워치', '최신형 스마트 워치로 건강 관리와 알림 기능까지 지원합니다.', SYSDATE, NULL, 'N', NULL, 11, 2);

-- 쉰 번째 BOARD 데이터 삽입
INSERT INTO BOARD (BOARD_NO, BOARD_TITLE, BOARD_CONTENT, B_CREATE_DATE, B_UPDATE_DATE, BOARD_DEL_FL,B_STATE, MEMBER_NO, BOARD_CD)
VALUES (52, '블루투스 스피커', '우수한 음질의 블루투스 스피커입니다.', SYSDATE, NULL, 'N', NULL, 12, 2);

-- 쉰첫 번째 BOARD 데이터 삽입
INSERT INTO BOARD (BOARD_NO, BOARD_TITLE, BOARD_CONTENT, B_CREATE_DATE, B_UPDATE_DATE, BOARD_DEL_FL,B_STATE, MEMBER_NO, BOARD_CD)
VALUES (53, '프리미엄 헤드셋', '편안한 착용감과 뛰어난 음질을 자랑하는 헤드셋입니다.', SYSDATE, NULL, 'N', NULL, 13, 2);

-- 쉰두 번째 BOARD 데이터 삽입
INSERT INTO BOARD (BOARD_NO, BOARD_TITLE, BOARD_CONTENT, B_CREATE_DATE, B_UPDATE_DATE, BOARD_DEL_FL,B_STATE, MEMBER_NO, BOARD_CD)
VALUES (54, '스마트 체중계', '실시간으로 몸무게와 체지방률을 측정하는 스마트 체중계입니다.', SYSDATE, NULL, 'N', NULL, 14, 2);

-- 쉰세 번째 BOARD 데이터 삽입
INSERT INTO BOARD (BOARD_NO, BOARD_TITLE, BOARD_CONTENT, B_CREATE_DATE, B_UPDATE_DATE, BOARD_DEL_FL,B_STATE, MEMBER_NO, BOARD_CD)
VALUES (55, '무선 이어폰', '편안하고, 가벼운 무선 이어폰으로, 운동 시에도 최적의 선택입니다.', SYSDATE, NULL, 'N', NULL, 15, 2);

INSERT INTO BOARD (BOARD_NO, BOARD_TITLE, BOARD_CONTENT, B_CREATE_DATE, B_UPDATE_DATE, BOARD_DEL_FL,B_STATE, MEMBER_NO, BOARD_CD)
VALUES (56, '공동구매 - 최신 스마트폰', '최신 스마트폰을 공동 구매로 저렴하게 구매하세요!', SYSDATE, NULL, 'N', NULL, 10, 1);

INSERT INTO BOARD (BOARD_NO, BOARD_TITLE, BOARD_CONTENT, B_CREATE_DATE, B_UPDATE_DATE, BOARD_DEL_FL,B_STATE, MEMBER_NO, BOARD_CD)
VALUES (57, '대용량 세제 공동구매', '대량 구매로 50% 할인! 함께 구매하면 더 저렴합니다.', SYSDATE, NULL, 'N', NULL, 11, 1);

INSERT INTO BOARD (BOARD_NO, BOARD_TITLE, BOARD_CONTENT, B_CREATE_DATE, B_UPDATE_DATE, BOARD_DEL_FL,B_STATE, MEMBER_NO, BOARD_CD)
VALUES (58, '유기농 과일 묶음 할인', '신선한 유기농 과일을 공동구매로 저렴하게 받아보세요.', SYSDATE, NULL, 'N', NULL, 12, 1);

INSERT INTO BOARD (BOARD_NO, BOARD_TITLE, BOARD_CONTENT, B_CREATE_DATE, B_UPDATE_DATE, BOARD_DEL_FL,B_STATE, MEMBER_NO, BOARD_CD)
VALUES (59, '캠핑 장비 공동구매', '텐트, 랜턴, 캠핑 의자를 특별 할인가로 제공합니다.', SYSDATE, NULL, 'N', NULL, 13, 1);

INSERT INTO BOARD (BOARD_NO, BOARD_TITLE, BOARD_CONTENT, B_CREATE_DATE, B_UPDATE_DATE, BOARD_DEL_FL,B_STATE, MEMBER_NO, BOARD_CD)
VALUES (60, '수제 맥주 세트 공동구매', '다양한 수제 맥주를 저렴한 가격에 함께 구매하세요.', SYSDATE, NULL, 'N', NULL, 14, 1);

INSERT INTO BOARD (BOARD_NO, BOARD_TITLE, BOARD_CONTENT, B_CREATE_DATE, B_UPDATE_DATE, BOARD_DEL_FL,B_STATE, MEMBER_NO, BOARD_CD)
VALUES (61, '건강식품 공동구매', '비타민, 오메가3 등 인기 건강식품 할인!', SYSDATE, NULL, 'N', NULL, 15, 1);

INSERT INTO BOARD (BOARD_NO, BOARD_TITLE, BOARD_CONTENT, B_CREATE_DATE, B_UPDATE_DATE, BOARD_DEL_FL,B_STATE, MEMBER_NO, BOARD_CD)
VALUES (62, '프리미엄 커피 원두', '최고급 원두를 공동 구매로 저렴하게 제공!', SYSDATE, NULL, 'Y', NULL, 3, 1);

INSERT INTO BOARD (BOARD_NO, BOARD_TITLE, BOARD_CONTENT, B_CREATE_DATE, B_UPDATE_DATE, BOARD_DEL_FL,B_STATE, MEMBER_NO, BOARD_CD)
VALUES (63, '무선 블루투스 이어폰', '최신형 무선 이어폰을 함께 구매하면 할인!', SYSDATE, NULL, 'N', NULL, 3, 1);

INSERT INTO BOARD (BOARD_NO, BOARD_TITLE, BOARD_CONTENT, B_CREATE_DATE, B_UPDATE_DATE, BOARD_DEL_FL,B_STATE, MEMBER_NO, BOARD_CD)
VALUES (64, '게이밍 키보드 & 마우스 세트', '게이밍 환경을 한층 업그레이드할 수 있는 기회!', SYSDATE, NULL, 'N', NULL, 4, 1);

INSERT INTO BOARD (BOARD_NO, BOARD_TITLE, BOARD_CONTENT, B_CREATE_DATE, B_UPDATE_DATE, BOARD_DEL_FL,B_STATE, MEMBER_NO, BOARD_CD)
VALUES (65, '프리미엄 와인 공동구매', '해외 직구 프리미엄 와인을 공동 구매로 저렴하게!', SYSDATE, NULL, 'N', NULL, 4, 1);

INSERT INTO BOARD (BOARD_NO, BOARD_TITLE, BOARD_CONTENT, B_CREATE_DATE, B_UPDATE_DATE, BOARD_DEL_FL,B_STATE, MEMBER_NO, BOARD_CD)
VALUES (66, '공구 글이 올라가지 않아요!', '어제 공구를 위해 제품을 모집하는 글을 작성했는데, 마이페이지에서 전혀 보이지 않아요. 해결 부탁드립니다!', SYSDATE, NULL, 'N', NULL, 2, 5);

INSERT INTO BOARD (BOARD_NO, BOARD_TITLE, BOARD_CONTENT, B_CREATE_DATE, B_UPDATE_DATE, BOARD_DEL_FL,B_STATE, MEMBER_NO, BOARD_CD)
VALUES (67, '공구 모집글이 확인되지 않아요!', '몇 명의 회원을 모집하려고 공구 글을 올렸는데, 제 마이페이지에서는 찾을 수가 없습니다. 확인 부탁드립니다.', SYSDATE, NULL, 'N', NULL, 3, 5);

INSERT INTO BOARD (BOARD_NO, BOARD_TITLE, BOARD_CONTENT, B_CREATE_DATE, B_UPDATE_DATE, BOARD_DEL_FL,B_STATE, MEMBER_NO, BOARD_CD)
VALUES (68, '공구 글이 안 올라가요!', '오늘 오전에 진행할 공구 모집글을 작성해서 올렸는데, 아무리 새로 고침을 해도 보이지 않아요. 해결 방안을 알려주세요!', SYSDATE, NULL, 'N', NULL, 4, 5);

INSERT INTO BOARD (BOARD_NO, BOARD_TITLE, BOARD_CONTENT, B_CREATE_DATE, B_UPDATE_DATE, BOARD_DEL_FL,B_STATE, MEMBER_NO, BOARD_CD)
VALUES (69, '공구 게시글이 사라졌어요!', '어제 공구를 위한 글을 작성하고 올렸는데, 마이페이지에서 아예 보이지 않습니다. 왜 그런가요?', SYSDATE, NULL, 'N', NULL, 5, 5);

INSERT INTO BOARD (BOARD_NO, BOARD_TITLE, BOARD_CONTENT, B_CREATE_DATE, B_UPDATE_DATE, BOARD_DEL_FL,B_STATE, MEMBER_NO, BOARD_CD)
VALUES (70, '공구 글 작성 후 확인 불가', '여러 명이 참여할 공구 모집글을 작성했는데 마이페이지에서 확인할 수가 없어요. 해결 방법을 알려주세요!', SYSDATE, NULL, 'Y', NULL, 6, 5);

INSERT INTO BOARD (BOARD_NO, BOARD_TITLE, BOARD_CONTENT, B_CREATE_DATE, B_UPDATE_DATE, BOARD_DEL_FL,B_STATE, MEMBER_NO, BOARD_CD)
VALUES (71, '공구 게시글 등록 안 돼요', '오전 중에 공구 모집 글을 작성했는데 아무리 확인해도 게시판에 보이지 않아요. 시스템 오류인가요?', SYSDATE, NULL, 'N', NULL, 7, 5);

INSERT INTO BOARD (BOARD_NO, BOARD_TITLE, BOARD_CONTENT, B_CREATE_DATE, B_UPDATE_DATE, BOARD_DEL_FL,B_STATE, MEMBER_NO, BOARD_CD)
VALUES (72, '공구 글 작성 후 사라짐', '어제 공구에 대한 글을 작성하고 게시했지만 마이페이지에서 아예 확인할 수가 없어요. 왜 그런가요?', SYSDATE, NULL, 'N', NULL, 8, 5);

INSERT INTO BOARD (BOARD_NO, BOARD_TITLE, BOARD_CONTENT, B_CREATE_DATE, B_UPDATE_DATE, BOARD_DEL_FL,B_STATE, MEMBER_NO, BOARD_CD)
VALUES (73, '공구 글이 안 보여요!', '오늘 공구를 위한 상품 모집글을 작성했는데, 마이페이지에서 아예 보이지 않아요. 확인 부탁드립니다.', SYSDATE, NULL, 'N', NULL, 9, 5);

INSERT INTO BOARD (BOARD_NO, BOARD_TITLE, BOARD_CONTENT, B_CREATE_DATE, B_UPDATE_DATE, BOARD_DEL_FL,B_STATE, MEMBER_NO, BOARD_CD)
VALUES (74, '공구 글이 올라가지 않아요', '어제 새로운 공구 글을 작성했는데 마이페이지에서 보이지 않습니다. 시스템에서 오류가 있나요?', SYSDATE, NULL, 'Y', NULL, 10, 5);

INSERT INTO BOARD (BOARD_NO, BOARD_TITLE, BOARD_CONTENT, B_CREATE_DATE, B_UPDATE_DATE, BOARD_DEL_FL,B_STATE, MEMBER_NO, BOARD_CD)
VALUES (75, '공구 글이 확인되지 않아요', '어제 진행할 공구 글을 작성했는데, 마이페이지에서 전혀 보이지 않아요. 해결 방법을 알려주세요.', SYSDATE, NULL, 'N', NULL, 11, 5);

INSERT INTO BOARD (BOARD_NO, BOARD_TITLE, BOARD_CONTENT, B_CREATE_DATE, B_UPDATE_DATE, BOARD_DEL_FL,B_STATE, MEMBER_NO, BOARD_CD)
VALUES (76, '공구 글 작성 후 안 보여요', '오늘 공구를 위한 글을 올렸는데, 마이페이지에서 아예 보이지 않아요. 해결이 필요합니다.', SYSDATE, NULL, 'N', NULL, 12, 5);

INSERT INTO BOARD (BOARD_NO, BOARD_TITLE, BOARD_CONTENT, B_CREATE_DATE, B_UPDATE_DATE, BOARD_DEL_FL,B_STATE, MEMBER_NO, BOARD_CD)
VALUES (77, '공구 글이 안 올라가요!', '어제부터 공구를 위한 글을 작성했는데, 아무리 새로 고침을 해도 마이페이지에서 보이지 않아요. 해결 부탁드립니다!', SYSDATE, NULL, 'N', NULL, 13, 5);

INSERT INTO BOARD (BOARD_NO, BOARD_TITLE, BOARD_CONTENT, B_CREATE_DATE, B_UPDATE_DATE, BOARD_DEL_FL,B_STATE, MEMBER_NO, BOARD_CD)
VALUES (78, '공구 모집 글이 안 보여요', '어제 공구를 위해 글을 올렸는데, 게시판에서 전혀 확인할 수 없어요. 빠른 조치를 부탁드립니다.', SYSDATE, NULL, 'N', NULL, 14, 5);

INSERT INTO BOARD (BOARD_NO, BOARD_TITLE, BOARD_CONTENT, B_CREATE_DATE, B_UPDATE_DATE, BOARD_DEL_FL,B_STATE, MEMBER_NO, BOARD_CD)
VALUES (79, '공구 글이 올라가지 않아요!', '공구 진행을 위해 올린 글이 마이페이지에서 확인되지 않습니다. 제발 확인 부탁드립니다!', SYSDATE, NULL, 'N', NULL, 15, 5);

INSERT INTO BOARD (BOARD_NO, BOARD_TITLE, BOARD_CONTENT, B_CREATE_DATE, B_UPDATE_DATE, BOARD_DEL_FL,B_STATE, MEMBER_NO, BOARD_CD)
VALUES (80, '유기농 과일 묶음 할인', '신선한 유기농 과일을 공동구매로 저렴하게 받아보세요.', SYSDATE, NULL, 'N', NULL, 12, 1);

INSERT INTO BOARD (BOARD_NO, BOARD_TITLE, BOARD_CONTENT, B_CREATE_DATE, B_UPDATE_DATE, BOARD_DEL_FL,B_STATE, MEMBER_NO, BOARD_CD)
VALUES (81, '유기농 과일 묶음 할인', '신선한 유기농 과일을 공동구매로 저렴하게 받아보세요.', SYSDATE, NULL, 'N', NULL, 12, 1);

-- 1. 오가닉 꿀 세트
INSERT INTO BOARD (BOARD_NO, BOARD_TITLE, BOARD_CONTENT, B_CREATE_DATE, B_UPDATE_DATE, BOARD_DEL_FL,B_STATE, MEMBER_NO, BOARD_CD)
VALUES (82, '오가닉 꿀 세트 공동구매', '유기농 벌꿀 1kg 세트 공동구매 진행합니다.', SYSDATE, NULL, 'N', NULL, 5, 1);

-- 2. 제주 감귤 공동구매
INSERT INTO BOARD (BOARD_NO, BOARD_TITLE, BOARD_CONTENT, B_CREATE_DATE, B_UPDATE_DATE, BOARD_DEL_FL,B_STATE, MEMBER_NO, BOARD_CD)
VALUES (83, '제주 감귤 공동구매', '신선한 제주 감귤을 공동구매로 저렴하게 받아보세요.', SYSDATE, NULL, 'N', NULL, 6, 1);

-- 3. 국산 벌꿀 1kg 세트
INSERT INTO BOARD (BOARD_NO, BOARD_TITLE, BOARD_CONTENT, B_CREATE_DATE, B_UPDATE_DATE, BOARD_DEL_FL,B_STATE, MEMBER_NO, BOARD_CD)
VALUES (84, '국산 벌꿀 1kg 세트', '달콤하고 영양가 높은 국산 벌꿀 1kg 세트입니다.', SYSDATE, NULL, 'N', NULL, 7, 1);

-- 4. 한우 1++ 등급 세트
INSERT INTO BOARD (BOARD_NO, BOARD_TITLE, BOARD_CONTENT, B_CREATE_DATE, B_UPDATE_DATE, BOARD_DEL_FL,B_STATE, MEMBER_NO, BOARD_CD)
VALUES (85, '한우 1++ 등급 세트 공동구매', '고급 한우 1++ 등급을 공동구매로 할인된 가격에!', SYSDATE, NULL, 'N', NULL, 8, 1);

-- 5. 유기농 현미 5kg
INSERT INTO BOARD (BOARD_NO, BOARD_TITLE, BOARD_CONTENT, B_CREATE_DATE, B_UPDATE_DATE, BOARD_DEL_FL,B_STATE, MEMBER_NO, BOARD_CD)
VALUES (86, '유기농 현미 5kg 공동구매', '건강한 유기농 현미 5kg을 저렴하게 구매하세요.', SYSDATE, NULL, 'N', NULL, 9, 1);

-- 6. 고구마 말랭이 공동구매
INSERT INTO BOARD (BOARD_NO, BOARD_TITLE, BOARD_CONTENT, B_CREATE_DATE, B_UPDATE_DATE, BOARD_DEL_FL,B_STATE, MEMBER_NO, BOARD_CD)
VALUES (87, '고구마 말랭이 공동구매', '달콤하고 건강한 고구마 말랭이 공동구매 진행 중!', SYSDATE, NULL, 'N', NULL, 10, 1);

-- 7. 유기농 견과류 세트
INSERT INTO BOARD (BOARD_NO, BOARD_TITLE, BOARD_CONTENT, B_CREATE_DATE, B_UPDATE_DATE, BOARD_DEL_FL,B_STATE, MEMBER_NO, BOARD_CD)
VALUES (88, '유기농 견과류 세트', '엄선된 견과류를 공동구매로 할인된 가격에 제공!', SYSDATE, NULL, 'N', NULL, 11, 1);

-- 8. 고급 올리브 오일 500ml
INSERT INTO BOARD (BOARD_NO, BOARD_TITLE, BOARD_CONTENT, B_CREATE_DATE, B_UPDATE_DATE, BOARD_DEL_FL,B_STATE, MEMBER_NO, BOARD_CD)
VALUES (89, '고급 올리브 오일 500ml', '지중해산 고급 올리브 오일 공동구매 모집 중!', SYSDATE, NULL, 'N', NULL, 12, 1);

-- 9. 수제 수프 세트
INSERT INTO BOARD (BOARD_NO, BOARD_TITLE, BOARD_CONTENT, B_CREATE_DATE, B_UPDATE_DATE, BOARD_DEL_FL,B_STATE, MEMBER_NO, BOARD_CD)
VALUES (90, '수제 수프 세트 공동구매', '건강한 수제 수프 세트 공동구매 할인 진행!', SYSDATE, NULL, 'N', NULL, 13, 1);

-- 10. 프리미엄 견과류 믹스팩
INSERT INTO BOARD (BOARD_NO, BOARD_TITLE, BOARD_CONTENT, B_CREATE_DATE, B_UPDATE_DATE, BOARD_DEL_FL,B_STATE, MEMBER_NO, BOARD_CD)
VALUES (91, '프리미엄 견과류 믹스팩', '고급 견과류 믹스팩을 공동구매로 저렴하게 제공!', SYSDATE, NULL, 'N', NULL, 14, 1);

INSERT INTO BOARD (BOARD_NO, BOARD_TITLE, BOARD_CONTENT, B_CREATE_DATE, B_UPDATE_DATE, BOARD_DEL_FL, B_STATE, MEMBER_NO, BOARD_CD)
VALUES (92, '최신형 게이밍 모니터', '240Hz 주사율을 지원하는 고성능 게이밍 모니터입니다.', SYSDATE, NULL, 'N', NULL, 2, 2);

INSERT INTO BOARD (BOARD_NO, BOARD_TITLE, BOARD_CONTENT, B_CREATE_DATE, B_UPDATE_DATE, BOARD_DEL_FL, B_STATE, MEMBER_NO, BOARD_CD)
VALUES (93, '무선 노이즈 캔슬링 헤드폰', '최신 블루투스 기술을 적용한 노이즈 캔슬링 헤드폰.', SYSDATE, NULL, 'N', NULL, 3, 2);

INSERT INTO BOARD (BOARD_NO, BOARD_TITLE, BOARD_CONTENT, B_CREATE_DATE, B_UPDATE_DATE, BOARD_DEL_FL, B_STATE, MEMBER_NO, BOARD_CD)
VALUES (94, '프리미엄 기계식 키보드', 'RGB 조명이 탑재된 기계식 게이밍 키보드.', SYSDATE, NULL, 'N', NULL, 4, 2);

INSERT INTO BOARD (BOARD_NO, BOARD_TITLE, BOARD_CONTENT, B_CREATE_DATE, B_UPDATE_DATE, BOARD_DEL_FL, B_STATE, MEMBER_NO, BOARD_CD)
VALUES (95, '스마트 LED 조명', '앱으로 제어할 수 있는 스마트 LED 조명.', SYSDATE, NULL, 'N', NULL, 5, 2);

INSERT INTO BOARD (BOARD_NO, BOARD_TITLE, BOARD_CONTENT, B_CREATE_DATE, B_UPDATE_DATE, BOARD_DEL_FL, B_STATE, MEMBER_NO, BOARD_CD)
VALUES (96, '휴대용 프로젝터', '언제 어디서나 영화 감상이 가능한 미니 프로젝터.', SYSDATE, NULL, 'N', NULL, 6, 2);

INSERT INTO BOARD (BOARD_NO, BOARD_TITLE, BOARD_CONTENT, B_CREATE_DATE, B_UPDATE_DATE, BOARD_DEL_FL, B_STATE, MEMBER_NO, BOARD_CD)
VALUES (97, '프리미엄 전동 칫솔', '3단계 진동 모드가 지원되는 전동 칫솔.', SYSDATE, NULL, 'N', NULL, 7, 2);

INSERT INTO BOARD (BOARD_NO, BOARD_TITLE, BOARD_CONTENT, B_CREATE_DATE, BOARD_DEL_FL, MEMBER_NO, BOARD_CD)
VALUES (98, '게이밍 마우스 공동구매 모집', '고성능 게이밍 마우스를 공동구매로 할인!', SYSDATE, 'N', 6, 1);

INSERT INTO BOARD (BOARD_NO, BOARD_TITLE, BOARD_CONTENT, B_CREATE_DATE, BOARD_DEL_FL, MEMBER_NO, BOARD_CD)
VALUES (99, '스마트 체중계 공동구매', '건강 관리 필수템 스마트 체중계를 공동구매로 저렴하게!', SYSDATE, 'N', 7, 1);

INSERT INTO BOARD (BOARD_NO, BOARD_TITLE, BOARD_CONTENT, B_CREATE_DATE, B_UPDATE_DATE, BOARD_DEL_FL, B_STATE, MEMBER_NO, BOARD_CD)
VALUES (100, '시스템 점검 안내', '공동구매 시스템 점검이 예정되어 있습니다. 3월 20일 00시~06시까지 이용이 제한됩니다.', SYSDATE - 1, NULL, 'N', NULL, 1, 3);

INSERT INTO BOARD (BOARD_NO, BOARD_TITLE, BOARD_CONTENT, B_CREATE_DATE, B_UPDATE_DATE, BOARD_DEL_FL, B_STATE, MEMBER_NO, BOARD_CD)
VALUES (101, '실시간 채팅 기능 오픈', '공동구매 참여자들과 소통할 수 있는 채팅 기능이 추가되었습니다. 지금 이용해보세요!', SYSDATE - 2, NULL, 'N', NULL, 1, 3);

INSERT INTO BOARD (BOARD_NO, BOARD_TITLE, BOARD_CONTENT, B_CREATE_DATE, B_UPDATE_DATE, BOARD_DEL_FL, B_STATE, MEMBER_NO, BOARD_CD)
VALUES (102, '배송일정 안내', '3월 15일부터 순차적으로 배송이 시작됩니다. 마이페이지에서 배송 현황을 확인해주세요.', SYSDATE - 3, NULL, 'N', NULL, 1, 3);

INSERT INTO BOARD (BOARD_NO, BOARD_TITLE, BOARD_CONTENT, B_CREATE_DATE, B_UPDATE_DATE, BOARD_DEL_FL, B_STATE, MEMBER_NO, BOARD_CD)
VALUES (103, '인기 상품 공동구매 연장', '회원님들의 성원에 힘입어 “무선청소기 공동구매”가 3일 연장되었습니다.', SYSDATE - 4, NULL, 'N', NULL, 1, 3);

INSERT INTO BOARD (BOARD_NO, BOARD_TITLE, BOARD_CONTENT, B_CREATE_DATE, B_UPDATE_DATE, BOARD_DEL_FL, B_STATE, MEMBER_NO, BOARD_CD)
VALUES (104, '적립금 이벤트 종료 안내', '2월 한 달간 진행된 후기 작성 적립금 이벤트가 종료되었습니다. 참여해주셔서 감사합니다.', SYSDATE - 5, NULL, 'N', NULL, 1, 3);

INSERT INTO BOARD (BOARD_NO, BOARD_TITLE, BOARD_CONTENT, B_CREATE_DATE, B_UPDATE_DATE, BOARD_DEL_FL, B_STATE, MEMBER_NO, BOARD_CD)
VALUES (105, '설 연휴 배송 휴무 안내', '설 연휴 기간(2/8~2/11)에는 택배사 휴무로 인해 배송이 중단됩니다.', SYSDATE - 6, NULL, 'N', NULL, 1, 3);

INSERT INTO BOARD (BOARD_NO, BOARD_TITLE, BOARD_CONTENT, B_CREATE_DATE, B_UPDATE_DATE, BOARD_DEL_FL, B_STATE, MEMBER_NO, BOARD_CD)
VALUES (106, '앱 업데이트 안내', '공동구매 알림 기능이 강화된 모바일 앱 최신 버전을 지금 업데이트하세요!', SYSDATE - 7, NULL, 'N', NULL, 1, 3);

INSERT INTO BOARD (BOARD_NO, BOARD_TITLE, BOARD_CONTENT, B_CREATE_DATE, B_UPDATE_DATE, BOARD_DEL_FL, B_STATE, MEMBER_NO, BOARD_CD)
VALUES (107, '환불 처리 지연 안내', '현재 시스템 점검으로 일부 환불이 지연되고 있습니다. 불편을 드려 죄송합니다.', SYSDATE - 8, NULL, 'N', NULL, 1, 3);

INSERT INTO BOARD (BOARD_NO, BOARD_TITLE, BOARD_CONTENT, B_CREATE_DATE, B_UPDATE_DATE, BOARD_DEL_FL, B_STATE, MEMBER_NO, BOARD_CD)
VALUES (108, '공동구매 마감 임박 알림', '오늘 자정에 마감되는 공동구매 상품이 있습니다. 놓치지 마세요!', SYSDATE - 9, NULL, 'N', NULL, 1, 3);

INSERT INTO BOARD (BOARD_NO, BOARD_TITLE, BOARD_CONTENT, B_CREATE_DATE, B_UPDATE_DATE, BOARD_DEL_FL, B_STATE, MEMBER_NO, BOARD_CD)
VALUES (109, '회원 등급제 도입 안내', '공동구매 참여 횟수에 따라 등급별 혜택이 제공되는 회원 등급제를 도입합니다.', SYSDATE - 10, NULL, 'N', NULL, 1, 3);

-- 11 ~ 20
INSERT INTO BOARD (BOARD_NO, BOARD_TITLE, BOARD_CONTENT, B_CREATE_DATE, B_UPDATE_DATE, BOARD_DEL_FL, B_STATE, MEMBER_NO, BOARD_CD)
VALUES (110, '입고 지연 상품 안내', '공급사의 사정으로 일부 상품의 입고가 지연되고 있습니다. 배송일이 변경될 수 있습니다.', SYSDATE - 11, NULL, 'N', NULL, 1, 3);

INSERT INTO BOARD (BOARD_NO, BOARD_TITLE, BOARD_CONTENT, B_CREATE_DATE, B_UPDATE_DATE, BOARD_DEL_FL, B_STATE, MEMBER_NO, BOARD_CD)
VALUES (111, '서비스 약관 변경 사전 안내', '4월 1일부터 서비스 이용약관이 변경됩니다. 상세내용은 약관 페이지를 참고해주세요.', SYSDATE - 12, NULL, 'N', NULL, 1, 3);

INSERT INTO BOARD (BOARD_NO, BOARD_TITLE, BOARD_CONTENT, B_CREATE_DATE, B_UPDATE_DATE, BOARD_DEL_FL, B_STATE, MEMBER_NO, BOARD_CD)
VALUES (112, '고객센터 임시 휴무', '3월 30일(금)은 내부 교육으로 고객센터 전화 상담이 운영되지 않습니다.', SYSDATE - 13, NULL, 'N', NULL, 1, 3);

INSERT INTO BOARD (BOARD_NO, BOARD_TITLE, BOARD_CONTENT, B_CREATE_DATE, B_UPDATE_DATE, BOARD_DEL_FL, B_STATE, MEMBER_NO, BOARD_CD)
VALUES (113, '단체구매 요청 기능 추가', '공동구매 상품 외에도 단체 구매 요청을 등록할 수 있는 기능이 추가되었습니다.', SYSDATE - 14, NULL, 'N', NULL, 1, 3);

INSERT INTO BOARD (BOARD_NO, BOARD_TITLE, BOARD_CONTENT, B_CREATE_DATE, B_UPDATE_DATE, BOARD_DEL_FL, B_STATE, MEMBER_NO, BOARD_CD)
VALUES (114, '공지사항 게시판 개편 안내', '중요한 공지를 보다 쉽게 확인할 수 있도록 게시판을 개선하였습니다.', SYSDATE - 15, NULL, 'N', NULL, 1, 3);

INSERT INTO BOARD (BOARD_NO, BOARD_TITLE, BOARD_CONTENT, B_CREATE_DATE, B_UPDATE_DATE, BOARD_DEL_FL, B_STATE, MEMBER_NO, BOARD_CD)
VALUES (115, '공동구매 최소 인원 변경', '공동구매 성공 기준 인원이 기존 10명 → 8명으로 변경되었습니다.', SYSDATE - 16, NULL, 'N', NULL, 1, 3);

INSERT INTO BOARD (BOARD_NO, BOARD_TITLE, BOARD_CONTENT, B_CREATE_DATE, B_UPDATE_DATE, BOARD_DEL_FL, B_STATE, MEMBER_NO, BOARD_CD)
VALUES (116, '공동구매 인기순 정렬 추가', '공동구매 목록에 인기순 정렬 기능이 추가되었습니다.', SYSDATE - 17, NULL, 'N', NULL, 1, 3);

INSERT INTO BOARD (BOARD_NO, BOARD_TITLE, BOARD_CONTENT, B_CREATE_DATE, B_UPDATE_DATE, BOARD_DEL_FL, B_STATE, MEMBER_NO, BOARD_CD)
VALUES (117, '단골 셀러 기능 도입', '자주 참여하는 셀러를 단골로 등록할 수 있는 기능이 추가되었습니다.', SYSDATE - 18, NULL, 'N', NULL, 1, 3);

INSERT INTO BOARD (BOARD_NO, BOARD_TITLE, BOARD_CONTENT, B_CREATE_DATE, B_UPDATE_DATE, BOARD_DEL_FL, B_STATE, MEMBER_NO, BOARD_CD)
VALUES (118, '후기 작성 포인트 지급', '후기 작성 시 500P 적립 이벤트가 4월까지 연장됩니다.', SYSDATE - 19, NULL, 'N', NULL, 1, 3);

INSERT INTO BOARD (BOARD_NO, BOARD_TITLE, BOARD_CONTENT, B_CREATE_DATE, B_UPDATE_DATE, BOARD_DEL_FL, B_STATE, MEMBER_NO, BOARD_CD)
VALUES (119, '실시간 알림 기능 개선', '앱 푸시 및 웹 알림 기능이 보다 정확하고 신속하게 개선되었습니다.', SYSDATE - 20, NULL, 'N', NULL, 1, 3);
-- 9:회원/계정, 10:공동구매, 11: 결제/환불, 12:수령/배송 13:기타
-- FAQ 9: 회원/계정
INSERT INTO BOARD (BOARD_NO, BOARD_TITLE, BOARD_CONTENT, B_CREATE_DATE, B_UPDATE_DATE, BOARD_DEL_FL, B_STATE, MEMBER_NO, BOARD_CD)
VALUES (120, '아이디와 비밀번호를 잊어버렸어요', '로그인 페이지에서 아이디/비밀번호 찾기 기능을 이용해주세요.', SYSDATE, NULL, 'N', NULL, 1, 9);

INSERT INTO BOARD (BOARD_NO, BOARD_TITLE, BOARD_CONTENT, B_CREATE_DATE, B_UPDATE_DATE, BOARD_DEL_FL, B_STATE, MEMBER_NO, BOARD_CD)
VALUES (121, '회원 탈퇴는 어떻게 하나요?', '마이페이지 > 회원정보에서 탈퇴 신청이 가능합니다.', SYSDATE, NULL, 'N', NULL, 1, 9);

INSERT INTO BOARD (BOARD_NO, BOARD_TITLE, BOARD_CONTENT, B_CREATE_DATE, B_UPDATE_DATE, BOARD_DEL_FL, B_STATE, MEMBER_NO, BOARD_CD)
VALUES (122, '회원정보를 변경하고 싶어요', '마이페이지에서 비밀번호, 이메일, 주소 등을 수정할 수 있습니다.', SYSDATE, NULL, 'N', NULL, 1, 9);

INSERT INTO BOARD (BOARD_NO, BOARD_TITLE, BOARD_CONTENT, B_CREATE_DATE, B_UPDATE_DATE, BOARD_DEL_FL, B_STATE, MEMBER_NO, BOARD_CD)
VALUES (123, '휴면 계정 해제 방법을 알려주세요', '로그인 후 본인 인증을 완료하면 계정이 활성화됩니다.', SYSDATE, NULL, 'N', NULL, 1, 9);

INSERT INTO BOARD (BOARD_NO, BOARD_TITLE, BOARD_CONTENT, B_CREATE_DATE, B_UPDATE_DATE, BOARD_DEL_FL, B_STATE, MEMBER_NO, BOARD_CD)
VALUES (124, '회원 등급은 어떻게 결정되나요?', '공동구매 참여 횟수와 결제 금액에 따라 회원 등급이 자동 변경됩니다.', SYSDATE, NULL, 'N', NULL, 1, 9);

INSERT INTO BOARD (BOARD_NO, BOARD_TITLE, BOARD_CONTENT, B_CREATE_DATE, B_UPDATE_DATE, BOARD_DEL_FL, B_STATE, MEMBER_NO, BOARD_CD)
VALUES (125, '소셜 계정으로 가입했는데 정보 수정은?', '카카오, 네이버 등 소셜 계정은 해당 플랫폼에서 정보 수정이 가능합니다.', SYSDATE, NULL, 'N', NULL, 1, 9);

INSERT INTO BOARD (BOARD_NO, BOARD_TITLE, BOARD_CONTENT, B_CREATE_DATE, B_UPDATE_DATE, BOARD_DEL_FL, B_STATE, MEMBER_NO, BOARD_CD)
VALUES (126, '비밀번호 변경 주기가 있나요?', '보안을 위해 6개월마다 비밀번호 변경을 권장합니다.', SYSDATE, NULL, 'N', NULL, 1, 9);

INSERT INTO BOARD (BOARD_NO, BOARD_TITLE, BOARD_CONTENT, B_CREATE_DATE, B_UPDATE_DATE, BOARD_DEL_FL, B_STATE, MEMBER_NO, BOARD_CD)
VALUES (127, '중복 가입이 가능한가요?', '동일 이메일/휴대폰 번호로는 중복 가입이 불가능합니다.', SYSDATE, NULL, 'N', NULL, 1, 9);

INSERT INTO BOARD (BOARD_NO, BOARD_TITLE, BOARD_CONTENT, B_CREATE_DATE, B_UPDATE_DATE, BOARD_DEL_FL, B_STATE, MEMBER_NO, BOARD_CD)
VALUES (128, '로그인 실패가 계속돼요', '비밀번호 5회 오류 시 계정이 잠기며, 이메일 인증 후 해제 가능합니다.', SYSDATE, NULL, 'N', NULL, 1, 9);

INSERT INTO BOARD (BOARD_NO, BOARD_TITLE, BOARD_CONTENT, B_CREATE_DATE, B_UPDATE_DATE, BOARD_DEL_FL, B_STATE, MEMBER_NO, BOARD_CD)
VALUES (129, '이메일 인증 메일이 오지 않아요', '스팸메일함을 확인하거나 이메일 주소를 다시 확인해주세요.', SYSDATE, NULL, 'N', NULL, 1, 9);

-- FAQ 10: 공동구매
INSERT INTO BOARD (BOARD_NO, BOARD_TITLE, BOARD_CONTENT, B_CREATE_DATE, B_UPDATE_DATE, BOARD_DEL_FL, B_STATE, MEMBER_NO, BOARD_CD)
VALUES (130, '공동구매는 어떻게 참여하나요?', '상품 페이지에서 공동구매 참여 버튼을 클릭하면 신청이 완료됩니다.', SYSDATE, NULL, 'N', NULL, 1, 10);

INSERT INTO BOARD (BOARD_NO, BOARD_TITLE, BOARD_CONTENT, B_CREATE_DATE, B_UPDATE_DATE, BOARD_DEL_FL, B_STATE, MEMBER_NO, BOARD_CD)
VALUES (131, '공동구매 최소 인원은 몇 명인가요?', '상품마다 다르지만, 일반적으로 5명 이상이 모여야 성사됩니다.', SYSDATE, NULL, 'N', NULL, 1, 10);

INSERT INTO BOARD (BOARD_NO, BOARD_TITLE, BOARD_CONTENT, B_CREATE_DATE, B_UPDATE_DATE, BOARD_DEL_FL, B_STATE, MEMBER_NO, BOARD_CD)
VALUES (132, '공동구매 성공 여부는 어디서 확인하나요?', '마이페이지 > 참여 내역에서 확인할 수 있습니다.', SYSDATE, NULL, 'N', NULL, 1, 10);

INSERT INTO BOARD (BOARD_NO, BOARD_TITLE, BOARD_CONTENT, B_CREATE_DATE, B_UPDATE_DATE, BOARD_DEL_FL, B_STATE, MEMBER_NO, BOARD_CD)
VALUES (133, '공동구매 참여를 취소하고 싶어요', '진행 중인 공동구매는 마감 전까지 마이페이지에서 취소할 수 있습니다.', SYSDATE, NULL, 'N', NULL, 1, 10);

INSERT INTO BOARD (BOARD_NO, BOARD_TITLE, BOARD_CONTENT, B_CREATE_DATE, B_UPDATE_DATE, BOARD_DEL_FL, B_STATE, MEMBER_NO, BOARD_CD)
VALUES (134, '공동구매가 실패하면 어떻게 되나요?', '자동으로 결제가 취소되며, 별도 수수료는 발생하지 않습니다.', SYSDATE, NULL, 'N', NULL, 1, 10);

INSERT INTO BOARD (BOARD_NO, BOARD_TITLE, BOARD_CONTENT, B_CREATE_DATE, B_UPDATE_DATE, BOARD_DEL_FL, B_STATE, MEMBER_NO, BOARD_CD)
VALUES (135, '공동구매는 언제 마감되나요?', '상품별 상세 페이지에서 마감 일정을 확인할 수 있습니다.', SYSDATE, NULL, 'N', NULL, 1, 10);

INSERT INTO BOARD (BOARD_NO, BOARD_TITLE, BOARD_CONTENT, B_CREATE_DATE, B_UPDATE_DATE, BOARD_DEL_FL, B_STATE, MEMBER_NO, BOARD_CD)
VALUES (136, '공동구매 알림 설정은 어떻게 하나요?', '관심 상품의 알림 설정을 통해 마감 알림을 받을 수 있습니다.', SYSDATE, NULL, 'N', NULL, 1, 10);

INSERT INTO BOARD (BOARD_NO, BOARD_TITLE, BOARD_CONTENT, B_CREATE_DATE, B_UPDATE_DATE, BOARD_DEL_FL, B_STATE, MEMBER_NO, BOARD_CD)
VALUES (137, '여러 개의 공동구매에 동시에 참여 가능한가요?', '가능합니다. 단, 결제는 각각 별도로 진행됩니다.', SYSDATE, NULL, 'N', NULL, 1, 10);

INSERT INTO BOARD (BOARD_NO, BOARD_TITLE, BOARD_CONTENT, B_CREATE_DATE, B_UPDATE_DATE, BOARD_DEL_FL, B_STATE, MEMBER_NO, BOARD_CD)
VALUES (138, '공동구매 성공 후 취소 가능한가요?', '공동구매 마감 후에는 취소가 불가능합니다.', SYSDATE, NULL, 'N', NULL, 1, 10);

INSERT INTO BOARD (BOARD_NO, BOARD_TITLE, BOARD_CONTENT, B_CREATE_DATE, B_UPDATE_DATE, BOARD_DEL_FL, B_STATE, MEMBER_NO, BOARD_CD)
VALUES (139, '공동구매에 친구를 초대하려면?', '상품 페이지의 공유하기 기능을 통해 친구를 초대할 수 있습니다.', SYSDATE, NULL, 'N', NULL, 1, 10);

-- FAQ 11: 결제/환불
INSERT INTO BOARD (BOARD_NO, BOARD_TITLE, BOARD_CONTENT, B_CREATE_DATE, B_UPDATE_DATE, BOARD_DEL_FL, B_STATE, MEMBER_NO, BOARD_CD)
VALUES (140, '결제 방법에는 어떤 것이 있나요?', '신용카드, 계좌이체, 간편결제(카카오페이, 네이버페이) 등을 지원합니다.', SYSDATE, NULL, 'N', NULL, 1, 11);

INSERT INTO BOARD (BOARD_NO, BOARD_TITLE, BOARD_CONTENT, B_CREATE_DATE, B_UPDATE_DATE, BOARD_DEL_FL, B_STATE, MEMBER_NO, BOARD_CD)
VALUES (141, '결제 취소는 어떻게 하나요?', '결제 후 24시간 이내에는 마이페이지에서 직접 취소 가능합니다.', SYSDATE, NULL, 'N', NULL, 1, 11);

INSERT INTO BOARD (BOARD_NO, BOARD_TITLE, BOARD_CONTENT, B_CREATE_DATE, B_UPDATE_DATE, BOARD_DEL_FL, B_STATE, MEMBER_NO, BOARD_CD)
VALUES (142, '환불은 언제 처리되나요?', '결제 수단에 따라 2~5일 내에 환불 처리됩니다.', SYSDATE, NULL, 'N', NULL, 1, 11);

INSERT INTO BOARD (BOARD_NO, BOARD_TITLE, BOARD_CONTENT, B_CREATE_DATE, B_UPDATE_DATE, BOARD_DEL_FL, B_STATE, MEMBER_NO, BOARD_CD)
VALUES (143, '결제 실패 시 어떻게 하나요?', '결제 오류 메시지를 확인하고 다시 시도해주세요. 계속 실패 시 고객센터로 문의 바랍니다.', SYSDATE, NULL, 'N', NULL, 1, 11);

INSERT INTO BOARD (BOARD_NO, BOARD_TITLE, BOARD_CONTENT, B_CREATE_DATE, B_UPDATE_DATE, BOARD_DEL_FL, B_STATE, MEMBER_NO, BOARD_CD)
VALUES (144, '적립금으로 결제할 수 있나요?', '일부 상품은 적립금 사용이 가능하며, 결제 단계에서 선택할 수 있습니다.', SYSDATE, NULL, 'N', NULL, 1, 11);

INSERT INTO BOARD (BOARD_NO, BOARD_TITLE, BOARD_CONTENT, B_CREATE_DATE, B_UPDATE_DATE, BOARD_DEL_FL, B_STATE, MEMBER_NO, BOARD_CD)
VALUES (145, '무통장 입금은 지원하나요?', '현재는 무통장 입금을 지원하지 않습니다.', SYSDATE, NULL, 'N', NULL, 1, 11);

INSERT INTO BOARD (BOARD_NO, BOARD_TITLE, BOARD_CONTENT, B_CREATE_DATE, B_UPDATE_DATE, BOARD_DEL_FL, B_STATE, MEMBER_NO, BOARD_CD)
VALUES (146, '부분 환불이 가능한가요?', '상품별 정책에 따라 가능 여부가 다르며, 고객센터에 문의해주세요.', SYSDATE, NULL, 'N', NULL, 1, 11);

INSERT INTO BOARD (BOARD_NO, BOARD_TITLE, BOARD_CONTENT, B_CREATE_DATE, B_UPDATE_DATE, BOARD_DEL_FL, B_STATE, MEMBER_NO, BOARD_CD)
VALUES (147, '결제 내역은 어디서 확인하나요?', '마이페이지 > 결제내역 메뉴에서 확인 가능합니다.', SYSDATE, NULL, 'N', NULL, 1, 11);

INSERT INTO BOARD (BOARD_NO, BOARD_TITLE, BOARD_CONTENT, B_CREATE_DATE, B_UPDATE_DATE, BOARD_DEL_FL, B_STATE, MEMBER_NO, BOARD_CD)
VALUES (148, '이중 결제가 된 것 같아요', '결제 오류 시 중복 결제 여부를 확인 후 자동 환불됩니다.', SYSDATE, NULL, 'N', NULL, 1, 11);

INSERT INTO BOARD (BOARD_NO, BOARD_TITLE, BOARD_CONTENT, B_CREATE_DATE, B_UPDATE_DATE, BOARD_DEL_FL, B_STATE, MEMBER_NO, BOARD_CD)
VALUES (149, '해외 카드도 사용 가능한가요?', '일부 해외 카드(VISA, Master)는 결제가 가능하나, 인증이 제한될 수 있습니다.', SYSDATE, NULL, 'N', NULL, 1, 11);

-- FAQ 12: 수령/배송
INSERT INTO BOARD (BOARD_NO, BOARD_TITLE, BOARD_CONTENT, B_CREATE_DATE, B_UPDATE_DATE, BOARD_DEL_FL, B_STATE, MEMBER_NO, BOARD_CD)
VALUES (150, '공동구매 상품은 언제 배송되나요?', '공동구매 종료 후 3~5일 이내에 배송이 시작됩니다.', SYSDATE, NULL, 'N', NULL, 1, 12);

INSERT INTO BOARD (BOARD_NO, BOARD_TITLE, BOARD_CONTENT, B_CREATE_DATE, B_UPDATE_DATE, BOARD_DEL_FL, B_STATE, MEMBER_NO, BOARD_CD)
VALUES (151, '배송 조회는 어디서 할 수 있나요?', '마이페이지 > 주문내역에서 배송 조회가 가능합니다.', SYSDATE, NULL, 'N', NULL, 1, 12);

INSERT INTO BOARD (BOARD_NO, BOARD_TITLE, BOARD_CONTENT, B_CREATE_DATE, B_UPDATE_DATE, BOARD_DEL_FL, B_STATE, MEMBER_NO, BOARD_CD)
VALUES (152, '배송이 지연되는 경우는?', '입고 지연 또는 택배사 물량 증가로 인해 지연될 수 있습니다.', SYSDATE, NULL, 'N', NULL, 1, 12);

INSERT INTO BOARD (BOARD_NO, BOARD_TITLE, BOARD_CONTENT, B_CREATE_DATE, B_UPDATE_DATE, BOARD_DEL_FL, B_STATE, MEMBER_NO, BOARD_CD)
VALUES (153, '배송지를 변경하고 싶어요', '상품 준비 중 상태에서는 마이페이지에서 직접 변경이 가능합니다.', SYSDATE, NULL, 'N', NULL, 1, 12);

INSERT INTO BOARD (BOARD_NO, BOARD_TITLE, BOARD_CONTENT, B_CREATE_DATE, B_UPDATE_DATE, BOARD_DEL_FL, B_STATE, MEMBER_NO, BOARD_CD)
VALUES (154, '주문한 상품이 누락되었어요', '고객센터 또는 1:1문의를 통해 문의해주시기 바랍니다.', SYSDATE, NULL, 'N', NULL, 1, 12);

INSERT INTO BOARD (BOARD_NO, BOARD_TITLE, BOARD_CONTENT, B_CREATE_DATE, B_UPDATE_DATE, BOARD_DEL_FL, B_STATE, MEMBER_NO, BOARD_CD)
VALUES (155, '배송 메모는 어디에 작성하나요?', '주문 단계에서 배송 요청사항란에 입력 가능합니다.', SYSDATE, NULL, 'N', NULL, 1, 12);

INSERT INTO BOARD (BOARD_NO, BOARD_TITLE, BOARD_CONTENT, B_CREATE_DATE, B_UPDATE_DATE, BOARD_DEL_FL, B_STATE, MEMBER_NO, BOARD_CD)
VALUES (156, '해외 배송도 되나요?', '현재는 국내 배송만 지원하고 있습니다.', SYSDATE, NULL, 'N', NULL, 1, 12);

INSERT INTO BOARD (BOARD_NO, BOARD_TITLE, BOARD_CONTENT, B_CREATE_DATE, B_UPDATE_DATE, BOARD_DEL_FL, B_STATE, MEMBER_NO, BOARD_CD)
VALUES (157, '묶음 배송이 가능한가요?', '동일 셀러 상품은 묶음 배송이 가능합니다.', SYSDATE, NULL, 'N', NULL, 1, 12);

INSERT INTO BOARD (BOARD_NO, BOARD_TITLE, BOARD_CONTENT, B_CREATE_DATE, B_UPDATE_DATE, BOARD_DEL_FL, B_STATE, MEMBER_NO, BOARD_CD)
VALUES (158, '택배사가 궁금해요', '상품 상세 페이지 또는 마이페이지에서 확인 가능합니다.', SYSDATE, NULL, 'N', NULL, 1, 12);

INSERT INTO BOARD (BOARD_NO, BOARD_TITLE, BOARD_CONTENT, B_CREATE_DATE, B_UPDATE_DATE, BOARD_DEL_FL, B_STATE, MEMBER_NO, BOARD_CD)
VALUES (159, '상품이 파손된 채 도착했어요', '사진을 첨부하여 고객센터로 문의해 주세요.', SYSDATE, NULL, 'N', NULL, 1, 12);

-- FAQ 13: 기타
INSERT INTO BOARD (BOARD_NO, BOARD_TITLE, BOARD_CONTENT, B_CREATE_DATE, B_UPDATE_DATE, BOARD_DEL_FL, B_STATE, MEMBER_NO, BOARD_CD)
VALUES (160, '고객센터 운영 시간은?', '평일 오전 9시부터 오후 6시까지 운영되며, 주말 및 공휴일은 휴무입니다.', SYSDATE, NULL, 'N', NULL, 1, 13);

INSERT INTO BOARD (BOARD_NO, BOARD_TITLE, BOARD_CONTENT, B_CREATE_DATE, B_UPDATE_DATE, BOARD_DEL_FL, B_STATE, MEMBER_NO, BOARD_CD)
VALUES (161, '사이트 이용이 불편해요. 개선 요청은?', '고객의 소중한 의견은 1:1 문의를 통해 전달해 주세요.', SYSDATE, NULL, 'N', NULL, 1, 13);

INSERT INTO BOARD (BOARD_NO, BOARD_TITLE, BOARD_CONTENT, B_CREATE_DATE, B_UPDATE_DATE, BOARD_DEL_FL, B_STATE, MEMBER_NO, BOARD_CD)
VALUES (162, '브라우저 오류가 발생해요', '크롬, 사파리 등 최신 브라우저 사용을 권장합니다.', SYSDATE, NULL, 'N', NULL, 1, 13);

INSERT INTO BOARD (BOARD_NO, BOARD_TITLE, BOARD_CONTENT, B_CREATE_DATE, B_UPDATE_DATE, BOARD_DEL_FL, B_STATE, MEMBER_NO, BOARD_CD)
VALUES (163, '모바일 앱은 어디서 설치하나요?', '구글 플레이스토어와 애플 앱스토어에서 설치 가능합니다.', SYSDATE, NULL, 'N', NULL, 1, 13);

INSERT INTO BOARD (BOARD_NO, BOARD_TITLE, BOARD_CONTENT, B_CREATE_DATE, B_UPDATE_DATE, BOARD_DEL_FL, B_STATE, MEMBER_NO, BOARD_CD)
VALUES (164, '광고 제휴 문의는 어떻게 하나요?', '고객센터 > 제휴문의 게시판을 통해 문의해 주세요.', SYSDATE, NULL, 'N', NULL, 1, 13);

INSERT INTO BOARD (BOARD_NO, BOARD_TITLE, BOARD_CONTENT, B_CREATE_DATE, B_UPDATE_DATE, BOARD_DEL_FL, B_STATE, MEMBER_NO, BOARD_CD)
VALUES (165, '쿠폰은 어디서 확인하나요?', '마이페이지 > 쿠폰함에서 보유 쿠폰을 확인할 수 있습니다.', SYSDATE, NULL, 'N', NULL, 1, 13);

INSERT INTO BOARD (BOARD_NO, BOARD_TITLE, BOARD_CONTENT, B_CREATE_DATE, B_UPDATE_DATE, BOARD_DEL_FL, B_STATE, MEMBER_NO, BOARD_CD)
VALUES (166, '후기를 작성하면 어떤 혜택이 있나요?', '후기 작성 시 적립금 또는 포인트가 지급됩니다.', SYSDATE, NULL, 'N', NULL, 1, 13);

INSERT INTO BOARD (BOARD_NO, BOARD_TITLE, BOARD_CONTENT, B_CREATE_DATE, B_UPDATE_DATE, BOARD_DEL_FL, B_STATE, MEMBER_NO, BOARD_CD)
VALUES (167, '1:1 문의 답변은 언제 오나요?', '영업일 기준 1~2일 내에 답변을 드리고 있습니다.', SYSDATE, NULL, 'N', NULL, 1, 13);

INSERT INTO BOARD (BOARD_NO, BOARD_TITLE, BOARD_CONTENT, B_CREATE_DATE, B_UPDATE_DATE, BOARD_DEL_FL, B_STATE, MEMBER_NO, BOARD_CD)
VALUES (168, '개인정보는 안전하게 보호되나요?', 'SSL 보안 및 암호화 처리를 통해 보호하고 있습니다.', SYSDATE, NULL, 'N', NULL, 1, 13);

INSERT INTO BOARD (BOARD_NO, BOARD_TITLE, BOARD_CONTENT, B_CREATE_DATE, B_UPDATE_DATE, BOARD_DEL_FL, B_STATE, MEMBER_NO, BOARD_CD)
VALUES (169, '알림 설정은 어디서 하나요?', '마이페이지 > 알림 설정 메뉴에서 ON/OFF 가능합니다.', SYSDATE, NULL, 'N', NULL, 1, 13);
-- 상품 카테고리 더미 데이터 (계층형 구조 포함)
INSERT INTO CATEGORY (CATEGORY_NO, CATEGORY_NAME, PARENT_CATEGORY_NO) VALUES (1, '패션', NULL);
INSERT INTO CATEGORY (CATEGORY_NO, CATEGORY_NAME, PARENT_CATEGORY_NO) VALUES (2, '뷰티', NULL);
INSERT INTO CATEGORY (CATEGORY_NO, CATEGORY_NAME, PARENT_CATEGORY_NO) VALUES (3, '생활', NULL);
INSERT INTO CATEGORY (CATEGORY_NO, CATEGORY_NAME, PARENT_CATEGORY_NO) VALUES (4, '식품', NULL);
INSERT INTO CATEGORY (CATEGORY_NO, CATEGORY_NAME, PARENT_CATEGORY_NO) VALUES (5, '전자제품', NULL);
INSERT INTO CATEGORY (CATEGORY_NO, CATEGORY_NAME, PARENT_CATEGORY_NO) VALUES (6, '공구', NULL);
INSERT INTO CATEGORY (CATEGORY_NO, CATEGORY_NAME, PARENT_CATEGORY_NO) VALUES (7, '자동차', NULL);
INSERT INTO CATEGORY (CATEGORY_NO, CATEGORY_NAME, PARENT_CATEGORY_NO) VALUES (8, '스포츠 · 레저', NULL);
INSERT INTO CATEGORY (CATEGORY_NO, CATEGORY_NAME, PARENT_CATEGORY_NO) VALUES (9, '유아 · 아동', NULL);
INSERT INTO CATEGORY (CATEGORY_NO, CATEGORY_NAME, PARENT_CATEGORY_NO) VALUES (10, '도서 · 문구', NULL);
INSERT INTO CATEGORY (CATEGORY_NO, CATEGORY_NAME, PARENT_CATEGORY_NO) VALUES (11, '반려동물', NULL);
INSERT INTO CATEGORY (CATEGORY_NO, CATEGORY_NAME, PARENT_CATEGORY_NO) VALUES (12, '여성의류', 1);
INSERT INTO CATEGORY (CATEGORY_NO, CATEGORY_NAME, PARENT_CATEGORY_NO) VALUES (13, '남성의류', 1);
INSERT INTO CATEGORY (CATEGORY_NO, CATEGORY_NAME, PARENT_CATEGORY_NO) VALUES (14, '아동의류', 1);
INSERT INTO CATEGORY (CATEGORY_NO, CATEGORY_NAME, PARENT_CATEGORY_NO) VALUES (15, '신발', 1);
INSERT INTO CATEGORY (CATEGORY_NO, CATEGORY_NAME, PARENT_CATEGORY_NO) VALUES (16, '가방 & 악세사리', 1);
INSERT INTO CATEGORY (CATEGORY_NO, CATEGORY_NAME, PARENT_CATEGORY_NO) VALUES (17, '스포츠웨어', 1);
INSERT INTO CATEGORY (CATEGORY_NO, CATEGORY_NAME, PARENT_CATEGORY_NO) VALUES (18, '스킨 케어', 2);
INSERT INTO CATEGORY (CATEGORY_NO, CATEGORY_NAME, PARENT_CATEGORY_NO) VALUES (19, '메이크업', 2);
INSERT INTO CATEGORY (CATEGORY_NO, CATEGORY_NAME, PARENT_CATEGORY_NO) VALUES (20, '헤어케어', 2);
INSERT INTO CATEGORY (CATEGORY_NO, CATEGORY_NAME, PARENT_CATEGORY_NO) VALUES (21, '향수 & 바디케어', 2);
INSERT INTO CATEGORY (CATEGORY_NO, CATEGORY_NAME, PARENT_CATEGORY_NO) VALUES (22, '가구', 3);
INSERT INTO CATEGORY (CATEGORY_NO, CATEGORY_NAME, PARENT_CATEGORY_NO) VALUES (23, '인테리어 소품', 3);
INSERT INTO CATEGORY (CATEGORY_NO, CATEGORY_NAME, PARENT_CATEGORY_NO) VALUES (24, '주방용품', 3);
INSERT INTO CATEGORY (CATEGORY_NO, CATEGORY_NAME, PARENT_CATEGORY_NO) VALUES (25, '청소 & 세탁 용품', 3);
INSERT INTO CATEGORY (CATEGORY_NO, CATEGORY_NAME, PARENT_CATEGORY_NO) VALUES (26, '신선식품', 4);
INSERT INTO CATEGORY (CATEGORY_NO, CATEGORY_NAME, PARENT_CATEGORY_NO) VALUES (27, '간편식 & 간식', 4);
INSERT INTO CATEGORY (CATEGORY_NO, CATEGORY_NAME, PARENT_CATEGORY_NO) VALUES (28, '건강식품 & 보충제', 4);
INSERT INTO CATEGORY (CATEGORY_NO, CATEGORY_NAME, PARENT_CATEGORY_NO) VALUES (29, '음료 & 주류', 4);
INSERT INTO CATEGORY (CATEGORY_NO, CATEGORY_NAME, PARENT_CATEGORY_NO) VALUES (30, '스마트폰 & 태블릿', 5);
INSERT INTO CATEGORY (CATEGORY_NO, CATEGORY_NAME, PARENT_CATEGORY_NO) VALUES (31, '노트북 & PC', 5);
INSERT INTO CATEGORY (CATEGORY_NO, CATEGORY_NAME, PARENT_CATEGORY_NO) VALUES (32, '가전제품', 5);
INSERT INTO CATEGORY (CATEGORY_NO, CATEGORY_NAME, PARENT_CATEGORY_NO) VALUES (33, '게임 & 콘솔', 5);
INSERT INTO CATEGORY (CATEGORY_NO, CATEGORY_NAME, PARENT_CATEGORY_NO) VALUES (34, '카메라 & 악세사리', 5);
INSERT INTO CATEGORY (CATEGORY_NO, CATEGORY_NAME, PARENT_CATEGORY_NO) VALUES (35, '공구', 6);
INSERT INTO CATEGORY (CATEGORY_NO, CATEGORY_NAME, PARENT_CATEGORY_NO) VALUES (36, 'DIY 용품', 6);
INSERT INTO CATEGORY (CATEGORY_NO, CATEGORY_NAME, PARENT_CATEGORY_NO) VALUES (37, '악세사리', 7);
INSERT INTO CATEGORY (CATEGORY_NO, CATEGORY_NAME, PARENT_CATEGORY_NO) VALUES (38, '관리 용품', 7);
INSERT INTO CATEGORY (CATEGORY_NO, CATEGORY_NAME, PARENT_CATEGORY_NO) VALUES (39, '정비 용품', 7);
INSERT INTO CATEGORY (CATEGORY_NO, CATEGORY_NAME, PARENT_CATEGORY_NO) VALUES (40, '바이크 용품', 7);
INSERT INTO CATEGORY (CATEGORY_NO, CATEGORY_NAME, PARENT_CATEGORY_NO) VALUES (41, '운동기구', 8);
INSERT INTO CATEGORY (CATEGORY_NO, CATEGORY_NAME, PARENT_CATEGORY_NO) VALUES (42, '스포츠 장비', 8);
INSERT INTO CATEGORY (CATEGORY_NO, CATEGORY_NAME, PARENT_CATEGORY_NO) VALUES (43, '레저 용품', 8);
INSERT INTO CATEGORY (CATEGORY_NO, CATEGORY_NAME, PARENT_CATEGORY_NO) VALUES (44, '유아용품', 9);
INSERT INTO CATEGORY (CATEGORY_NO, CATEGORY_NAME, PARENT_CATEGORY_NO) VALUES (45, '완구 & 교육용 장난감', 9);
INSERT INTO CATEGORY (CATEGORY_NO, CATEGORY_NAME, PARENT_CATEGORY_NO) VALUES (46, '유아 기구', 9);
INSERT INTO CATEGORY (CATEGORY_NO, CATEGORY_NAME, PARENT_CATEGORY_NO) VALUES (47, '책 & 잡지', 10);
INSERT INTO CATEGORY (CATEGORY_NO, CATEGORY_NAME, PARENT_CATEGORY_NO) VALUES (48, '학습 도서', 10);
INSERT INTO CATEGORY (CATEGORY_NO, CATEGORY_NAME, PARENT_CATEGORY_NO) VALUES (49, '문구 & 사무 용품', 10);
INSERT INTO CATEGORY (CATEGORY_NO, CATEGORY_NAME, PARENT_CATEGORY_NO) VALUES (50, '강아지', 11);
INSERT INTO CATEGORY (CATEGORY_NO, CATEGORY_NAME, PARENT_CATEGORY_NO) VALUES (51, '고양이', 11);
INSERT INTO CATEGORY (CATEGORY_NO, CATEGORY_NAME, PARENT_CATEGORY_NO) VALUES (52, '기타 반려동물', 11);
INSERT INTO CATEGORY (CATEGORY_NO, CATEGORY_NAME, PARENT_CATEGORY_NO) VALUES (53, '관리 용품', 8);

-- 상품 정보 테이블
INSERT INTO PRODUCT (BOARD_NO, PRODUCT_PRICE, PRODUCT_COUNT, DELIVERY_FEE, READ_COUNT, CATEGORY_NO) VALUES (3, 55000, 60, 3000, 120, 31);
INSERT INTO PRODUCT (BOARD_NO, PRODUCT_PRICE, PRODUCT_COUNT, DELIVERY_FEE, READ_COUNT, CATEGORY_NO) VALUES (4, 15000, 150, 2000, 85, 24);
INSERT INTO PRODUCT (BOARD_NO, PRODUCT_PRICE, PRODUCT_COUNT, DELIVERY_FEE, READ_COUNT, CATEGORY_NO) VALUES (19, 34000, 80, 2500, 50, 31);
INSERT INTO PRODUCT (BOARD_NO, PRODUCT_PRICE, PRODUCT_COUNT, DELIVERY_FEE, READ_COUNT, CATEGORY_NO) VALUES (20, 45000, 120, 3000, 70, 32);
INSERT INTO PRODUCT (BOARD_NO, PRODUCT_PRICE, PRODUCT_COUNT, DELIVERY_FEE, READ_COUNT, CATEGORY_NO) VALUES (42, 59000, 40, 3500, 90, 31);
INSERT INTO PRODUCT (BOARD_NO, PRODUCT_PRICE, PRODUCT_COUNT, DELIVERY_FEE, READ_COUNT, CATEGORY_NO) VALUES (43, 22000, 100, 3000, 30, 32);
INSERT INTO PRODUCT (BOARD_NO, PRODUCT_PRICE, PRODUCT_COUNT, DELIVERY_FEE, READ_COUNT, CATEGORY_NO) VALUES (44, 78000, 25, 3500, 55, 31);
INSERT INTO PRODUCT (BOARD_NO, PRODUCT_PRICE, PRODUCT_COUNT, DELIVERY_FEE, READ_COUNT, CATEGORY_NO) VALUES (45, 12000, 200, 2000, 45, 31);
INSERT INTO PRODUCT (BOARD_NO, PRODUCT_PRICE, PRODUCT_COUNT, DELIVERY_FEE, READ_COUNT, CATEGORY_NO) VALUES (46, 99000, 30, 5000, 20, 32);
INSERT INTO PRODUCT (BOARD_NO, PRODUCT_PRICE, PRODUCT_COUNT, DELIVERY_FEE, READ_COUNT, CATEGORY_NO) VALUES (47, 38000, 90, 3000, 15, 31);
INSERT INTO PRODUCT (BOARD_NO, PRODUCT_PRICE, PRODUCT_COUNT, DELIVERY_FEE, READ_COUNT, CATEGORY_NO) VALUES (48, 40000, 60, 2500, 25, 53);
INSERT INTO PRODUCT (BOARD_NO, PRODUCT_PRICE, PRODUCT_COUNT, DELIVERY_FEE, READ_COUNT, CATEGORY_NO) VALUES (49, 62000, 35, 4000, 10, 32);
INSERT INTO PRODUCT (BOARD_NO, PRODUCT_PRICE, PRODUCT_COUNT, DELIVERY_FEE, READ_COUNT, CATEGORY_NO) VALUES (50, 27000, 100, 2000, 12, 32);
INSERT INTO PRODUCT (BOARD_NO, PRODUCT_PRICE, PRODUCT_COUNT, DELIVERY_FEE, READ_COUNT, CATEGORY_NO) VALUES (51, 40000, 60, 0, 14, 34);
INSERT INTO PRODUCT (BOARD_NO, PRODUCT_PRICE, PRODUCT_COUNT, DELIVERY_FEE, READ_COUNT, CATEGORY_NO) VALUES (52, 99000, 90, 2000, 125, 31);
INSERT INTO PRODUCT (BOARD_NO, PRODUCT_PRICE, PRODUCT_COUNT, DELIVERY_FEE, READ_COUNT, CATEGORY_NO) VALUES (53, 45000, 25, 0, 33, 31);
INSERT INTO PRODUCT (BOARD_NO, PRODUCT_PRICE, PRODUCT_COUNT, DELIVERY_FEE, READ_COUNT, CATEGORY_NO) VALUES (54, 22000, 40, 0, 44, 53);
INSERT INTO PRODUCT (BOARD_NO, PRODUCT_PRICE, PRODUCT_COUNT, DELIVERY_FEE, READ_COUNT, CATEGORY_NO) VALUES (55, 15000, 200, 2000, 55, 30);

INSERT INTO PRODUCT (BOARD_NO, PRODUCT_PRICE, PRODUCT_COUNT, DELIVERY_FEE, READ_COUNT, CATEGORY_NO)
VALUES (58, 20000, 100, 2500, 30, 3);

INSERT INTO PRODUCT (BOARD_NO, PRODUCT_PRICE, PRODUCT_COUNT, DELIVERY_FEE, READ_COUNT, CATEGORY_NO)
VALUES (59, 15000, 30, 2000, 15, 4);

INSERT INTO PRODUCT (BOARD_NO, PRODUCT_PRICE, PRODUCT_COUNT, DELIVERY_FEE, READ_COUNT, CATEGORY_NO)
VALUES (60, 35000, 20, 4000, 5, 5);

INSERT INTO PRODUCT (BOARD_NO, PRODUCT_PRICE, PRODUCT_COUNT, DELIVERY_FEE, READ_COUNT, CATEGORY_NO)
VALUES (61, 45000, 60, 5500, 25, 6);

INSERT INTO PRODUCT (BOARD_NO, PRODUCT_PRICE, PRODUCT_COUNT, DELIVERY_FEE, READ_COUNT, CATEGORY_NO)
VALUES (62, 28000, 80, 3200, 18, 7);

INSERT INTO PRODUCT (BOARD_NO, PRODUCT_PRICE, PRODUCT_COUNT, DELIVERY_FEE, READ_COUNT, CATEGORY_NO)
VALUES (80, 15000, 50, 2500, 120, 3);

INSERT INTO PRODUCT (BOARD_NO, PRODUCT_PRICE, PRODUCT_COUNT, DELIVERY_FEE, READ_COUNT, CATEGORY_NO)
VALUES (81, 20000, 30, 3000, 100, 3);


-- 1. 오가닉 꿀 세트
INSERT INTO PRODUCT (BOARD_NO, PRODUCT_PRICE, PRODUCT_COUNT, DELIVERY_FEE, READ_COUNT, CATEGORY_NO)
VALUES (82, 18000, 40, 2500, 130, 3);

-- 2. 제주 감귤 공동구매
INSERT INTO PRODUCT (BOARD_NO, PRODUCT_PRICE, PRODUCT_COUNT, DELIVERY_FEE, READ_COUNT, CATEGORY_NO)
VALUES (83, 22000, 60, 3000, 90, 3);

-- 3. 국산 벌꿀 1kg 세트
INSERT INTO PRODUCT (BOARD_NO, PRODUCT_PRICE, PRODUCT_COUNT, DELIVERY_FEE, READ_COUNT, CATEGORY_NO)
VALUES (84, 32000, 20, 3500, 110, 3);

-- 4. 한우 1++ 등급 세트
INSERT INTO PRODUCT (BOARD_NO, PRODUCT_PRICE, PRODUCT_COUNT, DELIVERY_FEE, READ_COUNT, CATEGORY_NO)
VALUES (85, 98000, 15, 5000, 250, 3);

-- 5. 유기농 현미 5kg
INSERT INTO PRODUCT (BOARD_NO, PRODUCT_PRICE, PRODUCT_COUNT, DELIVERY_FEE, READ_COUNT, CATEGORY_NO)
VALUES (86, 34000, 25, 4000, 140, 3);

-- 6. 고구마 말랭이 공동구매
INSERT INTO PRODUCT (BOARD_NO, PRODUCT_PRICE, PRODUCT_COUNT, DELIVERY_FEE, READ_COUNT, CATEGORY_NO)
VALUES (87, 12000, 80, 2000, 170, 3);

-- 7. 유기농 견과류 세트
INSERT INTO PRODUCT (BOARD_NO, PRODUCT_PRICE, PRODUCT_COUNT, DELIVERY_FEE, READ_COUNT, CATEGORY_NO)
VALUES (88, 28000, 35, 3000, 90, 3);

-- 8. 고급 올리브 오일 500ml
INSERT INTO PRODUCT (BOARD_NO, PRODUCT_PRICE, PRODUCT_COUNT, DELIVERY_FEE, READ_COUNT, CATEGORY_NO)
VALUES (89, 25000, 50, 3500, 120, 3);

-- 9. 수제 수프 세트
INSERT INTO PRODUCT (BOARD_NO, PRODUCT_PRICE, PRODUCT_COUNT, DELIVERY_FEE, READ_COUNT, CATEGORY_NO)
VALUES (90, 27000, 45, 3000, 105, 3);

-- 10. 프리미엄 견과류 믹스팩
INSERT INTO PRODUCT (BOARD_NO, PRODUCT_PRICE, PRODUCT_COUNT, DELIVERY_FEE, READ_COUNT, CATEGORY_NO)
VALUES (91, 31000, 30, 4000, 160, 3);
INSERT INTO PRODUCT (BOARD_NO, PRODUCT_PRICE, PRODUCT_COUNT, DELIVERY_FEE, READ_COUNT, CATEGORY_NO)
VALUES (92, 31000, 10, 3000, 30, 3);
INSERT INTO PRODUCT (BOARD_NO, PRODUCT_PRICE, PRODUCT_COUNT, DELIVERY_FEE, READ_COUNT, CATEGORY_NO)
VALUES (93, 25000, 100, 3000, 200, 1);
INSERT INTO PRODUCT (BOARD_NO, PRODUCT_PRICE, PRODUCT_COUNT, DELIVERY_FEE, READ_COUNT, CATEGORY_NO)
VALUES (94, 15000, 50, 3000, 350, 4);
INSERT INTO PRODUCT (BOARD_NO, PRODUCT_PRICE, PRODUCT_COUNT, DELIVERY_FEE, READ_COUNT, CATEGORY_NO)
VALUES (95, 35000, 40, 3000, 540, 5);
INSERT INTO PRODUCT (BOARD_NO, PRODUCT_PRICE, PRODUCT_COUNT, DELIVERY_FEE, READ_COUNT, CATEGORY_NO)
VALUES (96, 5000, 50, 3000, 260, 2);
INSERT INTO PRODUCT (BOARD_NO, PRODUCT_PRICE, PRODUCT_COUNT, DELIVERY_FEE, READ_COUNT, CATEGORY_NO)
VALUES (97, 70000, 10, 3000, 60, 6);



-- 상품 옵션 테이블 더미 데이터
-- (BOARD_NO = 3) 프리미엄 헤드폰
INSERT INTO PRODUCT_OPTION (OPTION_NO, OPTION_NAME, BOARD_NO) VALUES (16, 'Black', 3);
INSERT INTO PRODUCT_OPTION (OPTION_NO, OPTION_NAME, BOARD_NO) VALUES (17, 'White', 3);
INSERT INTO PRODUCT_OPTION (OPTION_NO, OPTION_NAME, BOARD_NO) VALUES (18, 'Gold', 3);

-- (BOARD_NO = 4) 친환경 텀블러
INSERT INTO PRODUCT_OPTION (OPTION_NO, OPTION_NAME, BOARD_NO) VALUES (19, '300ml', 4);
INSERT INTO PRODUCT_OPTION (OPTION_NO, OPTION_NAME, BOARD_NO) VALUES (20, '500ml', 4);
INSERT INTO PRODUCT_OPTION (OPTION_NO, OPTION_NAME, BOARD_NO) VALUES (21, '700ml', 4);

-- (BOARD_NO = 19) 브랜드 상품 - 무선 마우스
INSERT INTO PRODUCT_OPTION (OPTION_NO, OPTION_NAME, BOARD_NO) VALUES (22, 'Black', 19);
INSERT INTO PRODUCT_OPTION (OPTION_NO, OPTION_NAME, BOARD_NO) VALUES (23, 'Red', 19);
INSERT INTO PRODUCT_OPTION (OPTION_NO, OPTION_NAME, BOARD_NO) VALUES (24, 'Blue', 19);

-- (BOARD_NO = 20) 브랜드 상품 - 미니 공기청정기
INSERT INTO PRODUCT_OPTION (OPTION_NO, OPTION_NAME, BOARD_NO) VALUES (25, 'Basic Filter', 20);
INSERT INTO PRODUCT_OPTION (OPTION_NO, OPTION_NAME, BOARD_NO) VALUES (26, 'Advanced Filter', 20);
INSERT INTO PRODUCT_OPTION (OPTION_NO, OPTION_NAME, BOARD_NO) VALUES (27, 'Premium Filter', 20);

-- (BOARD_NO = 42) 게이밍 마우스
INSERT INTO PRODUCT_OPTION (OPTION_NO, OPTION_NAME, BOARD_NO) VALUES (28, 'Black', 42);
INSERT INTO PRODUCT_OPTION (OPTION_NO, OPTION_NAME, BOARD_NO) VALUES (29, 'White', 42);
INSERT INTO PRODUCT_OPTION (OPTION_NO, OPTION_NAME, BOARD_NO) VALUES (30, 'RGB Edition', 42);

-- (BOARD_NO = 43) 스마트램프
INSERT INTO PRODUCT_OPTION (OPTION_NO, OPTION_NAME, BOARD_NO) VALUES (31, 'Warm White', 43);
INSERT INTO PRODUCT_OPTION (OPTION_NO, OPTION_NAME, BOARD_NO) VALUES (32, 'Cool White', 43);
INSERT INTO PRODUCT_OPTION (OPTION_NO, OPTION_NAME, BOARD_NO) VALUES (33, 'Colorful', 43);

-- (BOARD_NO = 44) 코딩 키보드
INSERT INTO PRODUCT_OPTION (OPTION_NO, OPTION_NAME, BOARD_NO) VALUES (34, 'Blue Switch', 44);
INSERT INTO PRODUCT_OPTION (OPTION_NO, OPTION_NAME, BOARD_NO) VALUES (35, 'Brown Switch', 44);
INSERT INTO PRODUCT_OPTION (OPTION_NO, OPTION_NAME, BOARD_NO) VALUES (36, 'Red Switch', 44);

-- (BOARD_NO = 45) USB 충전기
INSERT INTO PRODUCT_OPTION (OPTION_NO, OPTION_NAME, BOARD_NO) VALUES (37, '1 Port', 45);
INSERT INTO PRODUCT_OPTION (OPTION_NO, OPTION_NAME, BOARD_NO) VALUES (38, '2 Port', 45);
INSERT INTO PRODUCT_OPTION (OPTION_NO, OPTION_NAME, BOARD_NO) VALUES (39, '4 Port', 45);

-- (BOARD_NO = 46) 미니 냉장고
INSERT INTO PRODUCT_OPTION (OPTION_NO, OPTION_NAME, BOARD_NO) VALUES (40, 'White', 46);
INSERT INTO PRODUCT_OPTION (OPTION_NO, OPTION_NAME, BOARD_NO) VALUES (41, 'Red', 46);
INSERT INTO PRODUCT_OPTION (OPTION_NO, OPTION_NAME, BOARD_NO) VALUES (42, 'Blue', 46);

-- (BOARD_NO = 47) 노트북 거치대
INSERT INTO PRODUCT_OPTION (OPTION_NO, OPTION_NAME, BOARD_NO) VALUES (43, 'Standard', 47);
INSERT INTO PRODUCT_OPTION (OPTION_NO, OPTION_NAME, BOARD_NO) VALUES (44, 'Foldable', 47);
INSERT INTO PRODUCT_OPTION (OPTION_NO, OPTION_NAME, BOARD_NO) VALUES (45, 'Portable', 47);

-- (BOARD_NO = 48) 스마트 체중계
INSERT INTO PRODUCT_OPTION (OPTION_NO, OPTION_NAME, BOARD_NO) VALUES (46, 'Bluetooth', 48);
INSERT INTO PRODUCT_OPTION (OPTION_NO, OPTION_NAME, BOARD_NO) VALUES (47, 'Wi-Fi', 48);
INSERT INTO PRODUCT_OPTION (OPTION_NO, OPTION_NAME, BOARD_NO) VALUES (48, 'Body Composition', 48);

-- (BOARD_NO = 49) 스마트 안마기
INSERT INTO PRODUCT_OPTION (OPTION_NO, OPTION_NAME, BOARD_NO) VALUES (49, 'Neck Massage', 49);
INSERT INTO PRODUCT_OPTION (OPTION_NO, OPTION_NAME, BOARD_NO) VALUES (50, 'Shoulder Massage', 49);
INSERT INTO PRODUCT_OPTION (OPTION_NO, OPTION_NAME, BOARD_NO) VALUES (51, 'Full Body Massage', 49);

-- (BOARD_NO = 50) LED 스탠드
INSERT INTO PRODUCT_OPTION (OPTION_NO, OPTION_NAME, BOARD_NO) VALUES (52, 'Touch Sensor', 50);
INSERT INTO PRODUCT_OPTION (OPTION_NO, OPTION_NAME, BOARD_NO) VALUES (53, '3-Stage Brightness', 50);
INSERT INTO PRODUCT_OPTION (OPTION_NO, OPTION_NAME, BOARD_NO) VALUES (54, 'Color Temperature Control', 50);

-- (BOARD_NO = 51) 스마트 워치
INSERT INTO PRODUCT_OPTION (OPTION_NO, OPTION_NAME, BOARD_NO) VALUES (55, '검은색', 51);
INSERT INTO PRODUCT_OPTION (OPTION_NO, OPTION_NAME, BOARD_NO) VALUES (56, '흰색', 51);
INSERT INTO PRODUCT_OPTION (OPTION_NO, OPTION_NAME, BOARD_NO) VALUES (57, '금색', 51);

-- (BOARD_NO = 52) 블루투스 스피커
INSERT INTO PRODUCT_OPTION (OPTION_NO, OPTION_NAME, BOARD_NO) VALUES (58, '검은색', 52);
INSERT INTO PRODUCT_OPTION (OPTION_NO, OPTION_NAME, BOARD_NO) VALUES (59, '흰색', 52);
INSERT INTO PRODUCT_OPTION (OPTION_NO, OPTION_NAME, BOARD_NO) VALUES (60, '금색', 52);

-- (BOARD_NO = 53) 프리미엄 헤드셋
INSERT INTO PRODUCT_OPTION (OPTION_NO, OPTION_NAME, BOARD_NO) VALUES (61, '검은색', 53);
INSERT INTO PRODUCT_OPTION (OPTION_NO, OPTION_NAME, BOARD_NO) VALUES (62, '흰색', 53);
INSERT INTO PRODUCT_OPTION (OPTION_NO, OPTION_NAME, BOARD_NO) VALUES (63, '핑크색', 53);

-- (BOARD_NO = 54) 스마트 체중계
INSERT INTO PRODUCT_OPTION (OPTION_NO, OPTION_NAME, BOARD_NO) VALUES (64, '흰색', 54);
INSERT INTO PRODUCT_OPTION (OPTION_NO, OPTION_NAME, BOARD_NO) VALUES (65, '검은색', 54);
INSERT INTO PRODUCT_OPTION (OPTION_NO, OPTION_NAME, BOARD_NO) VALUES (66, '빨간색', 54);

-- (BOARD_NO = 55) 무선 이어폰
INSERT INTO PRODUCT_OPTION (OPTION_NO, OPTION_NAME, BOARD_NO) VALUES (67, '검은색', 55);
INSERT INTO PRODUCT_OPTION (OPTION_NO, OPTION_NAME, BOARD_NO) VALUES (68, '흰색', 55);
INSERT INTO PRODUCT_OPTION (OPTION_NO, OPTION_NAME, BOARD_NO) VALUES (69, '아이보리색', 55);

-- (BOARD_NO = 92) 최신형 게이밍 모니터
INSERT INTO PRODUCT_OPTION (OPTION_NO, OPTION_NAME, BOARD_NO) VALUES (70, '검은색', 92);
INSERT INTO PRODUCT_OPTION (OPTION_NO, OPTION_NAME, BOARD_NO) VALUES (71, '흰색', 92);
INSERT INTO PRODUCT_OPTION (OPTION_NO, OPTION_NAME, BOARD_NO) VALUES (72, '핑크색', 92);

-- (BOARD_NO = 93) 무선 노이즈 캔슬링 헤드폰
INSERT INTO PRODUCT_OPTION (OPTION_NO, OPTION_NAME, BOARD_NO) VALUES (73, '검은색', 93);
INSERT INTO PRODUCT_OPTION (OPTION_NO, OPTION_NAME, BOARD_NO) VALUES (74, '흰색', 93);
INSERT INTO PRODUCT_OPTION (OPTION_NO, OPTION_NAME, BOARD_NO) VALUES (75, '핑크색', 93);

-- (BOARD_NO = 94) 프리미엄 기계식 키보드
INSERT INTO PRODUCT_OPTION (OPTION_NO, OPTION_NAME, BOARD_NO) VALUES (76, '검은색', 94);
INSERT INTO PRODUCT_OPTION (OPTION_NO, OPTION_NAME, BOARD_NO) VALUES (77, '흰색', 94);
INSERT INTO PRODUCT_OPTION (OPTION_NO, OPTION_NAME, BOARD_NO) VALUES (78, '핑크색', 94);

-- (BOARD_NO = 95) 스마트 LED 조명
INSERT INTO PRODUCT_OPTION (OPTION_NO, OPTION_NAME, BOARD_NO) VALUES (79, '검은색', 95);
INSERT INTO PRODUCT_OPTION (OPTION_NO, OPTION_NAME, BOARD_NO) VALUES (80, '흰색', 95);
INSERT INTO PRODUCT_OPTION (OPTION_NO, OPTION_NAME, BOARD_NO) VALUES (81, '핑크색', 95);

-- (BOARD_NO = 96) 휴대용 프로젝터
INSERT INTO PRODUCT_OPTION (OPTION_NO, OPTION_NAME, BOARD_NO) VALUES (82, '검은색', 96);
INSERT INTO PRODUCT_OPTION (OPTION_NO, OPTION_NAME, BOARD_NO) VALUES (83, '흰색', 96);
INSERT INTO PRODUCT_OPTION (OPTION_NO, OPTION_NAME, BOARD_NO) VALUES (84, '핑크색', 96);

-- (BOARD_NO = 97) 프리미엄 전동 칫솔
INSERT INTO PRODUCT_OPTION (OPTION_NO, OPTION_NAME, BOARD_NO) VALUES (85, '검은색', 97);
INSERT INTO PRODUCT_OPTION (OPTION_NO, OPTION_NAME, BOARD_NO) VALUES (86, '흰색', 97);
INSERT INTO PRODUCT_OPTION (OPTION_NO, OPTION_NAME, BOARD_NO) VALUES (87, '핑크색', 97);

-- 주문 테이블
-- 첫 번째 주문 (브랜드 상품)
INSERT INTO "ORDER" (ORDER_NO, QUANTITY, DELIVERY_ADDR, TRACKING_NO, BOARD_NO, MEMBER_NO, OPTION_NO)
VALUES (1, 2, '06234^^^ 서울 강남구 테헤란로 14길 6^^^ 5층', '1234567890', 3, 9, 16);

-- 두 번째 주문 (브랜드 상품)
INSERT INTO "ORDER" (ORDER_NO, QUANTITY, DELIVERY_ADDR, TRACKING_NO, BOARD_NO, MEMBER_NO, OPTION_NO)
VALUES (2, 1, '06234^^^ 부산시 해운대구 센텀1로 8^^^ 3층', '2345678901', 19, 10, 22);

-- 세 번째 주문 (브랜드 상품)
INSERT INTO "ORDER" (ORDER_NO, QUANTITY, DELIVERY_ADDR, TRACKING_NO, BOARD_NO, MEMBER_NO, OPTION_NO)
VALUES (3, 3, '06234^^^ 대구시 수성구 유가로 100^^^ 2층', '3456789012', 42, 11, 28);

-- 네 번째 주문 (브랜드 상품)
INSERT INTO "ORDER" (ORDER_NO, QUANTITY, DELIVERY_ADDR, TRACKING_NO, BOARD_NO, MEMBER_NO, OPTION_NO)
VALUES (4, 1, '06234^^^ 인천시 연수구 송도1로 50^^^ 4층', '4567890123', 48, 12, 46);

-- 다섯 번째 주문 (브랜드 상품)
INSERT INTO "ORDER" (ORDER_NO, QUANTITY, DELIVERY_ADDR, TRACKING_NO, BOARD_NO, MEMBER_NO, OPTION_NO)
VALUES (5, 5, '06234^^^ 서울시 종로구 종로 5길 24^^^ 7층', '5678901234', 50, 13, 52);

-- 여섯 번째 주문 (브랜드 상품)
INSERT INTO "ORDER" (ORDER_NO, QUANTITY, DELIVERY_ADDR, TRACKING_NO, BOARD_NO, MEMBER_NO, OPTION_NO)
VALUES (6, 2, '06234^^^ 광주시 서구 상무대로 112^^^ 10층', '6789012345', 55, 14, 67);

-- 일곱 번째 주문 (브랜드 상품)
INSERT INTO "ORDER" (ORDER_NO, QUANTITY, DELIVERY_ADDR, TRACKING_NO, BOARD_NO, MEMBER_NO, OPTION_NO)
VALUES (7, 1, '06234^^^ 대전시 유성구 테크노 2로 98^^^ 3층', '7890123456', 92, 15, 70);

INSERT INTO "ORDER" (ORDER_NO, QUANTITY, DELIVERY_ADDR, TRACKING_NO, BOARD_NO, MEMBER_NO, OPTION_NO)
VALUES (8, 2, '06234^^^ 서울 강서구 마곡중앙로 76^^^ 6층', '8901234567', 93, 9, 73);

INSERT INTO "ORDER" (ORDER_NO, QUANTITY, DELIVERY_ADDR, TRACKING_NO, BOARD_NO, MEMBER_NO, OPTION_NO)
VALUES (9, 1, '06234^^^ 경기 성남시 분당구 판교로 100^^^ 5층', '9012345678', 94, 10, 76);

INSERT INTO "ORDER" (ORDER_NO, QUANTITY, DELIVERY_ADDR, TRACKING_NO, BOARD_NO, MEMBER_NO, OPTION_NO)
VALUES (10, 3, '06234^^^ 인천 미추홀구 석바위로 21^^^ 4층', '0123456789', 95, 11, 79);

INSERT INTO "ORDER" (ORDER_NO, QUANTITY, DELIVERY_ADDR, TRACKING_NO, BOARD_NO, MEMBER_NO, OPTION_NO)
VALUES (11, 4, '06234^^^ 충북 청주시 상당구 상당로 55^^^ 3층', '1123456789', 96, 12, 82);

INSERT INTO "ORDER" (ORDER_NO, QUANTITY, DELIVERY_ADDR, TRACKING_NO, BOARD_NO, MEMBER_NO, OPTION_NO)
VALUES (12, 1, '06234^^^ 강원 춘천시 중앙로 77^^^ 2층', '2123456789', 97, 13, 85);

INSERT INTO "ORDER" (ORDER_NO, QUANTITY, DELIVERY_ADDR, TRACKING_NO, BOARD_NO, MEMBER_NO, OPTION_NO)
VALUES (13, 5, '06234^^^ 경북 포항시 북구 중앙로 88^^^ 1층', '3123456789', 4, 14, 19);

INSERT INTO "ORDER" (ORDER_NO, QUANTITY, DELIVERY_ADDR, TRACKING_NO, BOARD_NO, MEMBER_NO, OPTION_NO)
VALUES (14, 2, '06234^^^ 전북 전주시 덕진구 전주로 99^^^ 5층', '4123456789', 19, 15, 22);

INSERT INTO "ORDER" (ORDER_NO, QUANTITY, DELIVERY_ADDR, TRACKING_NO, BOARD_NO, MEMBER_NO, OPTION_NO)
VALUES (15, 3, '06234^^^ 경남 창원시 성산구 창원대로 102^^^ 6층', '5123456789', 44, 16, 34);

INSERT INTO "ORDER" (ORDER_NO, QUANTITY, DELIVERY_ADDR, TRACKING_NO, BOARD_NO, MEMBER_NO, OPTION_NO)
VALUES (16, 1, '06234^^^ 제주 제주시 연동 120^^^ 7층', '6123456789', 45, 17, 37);

INSERT INTO "ORDER" (ORDER_NO, QUANTITY, DELIVERY_ADDR, TRACKING_NO, BOARD_NO, MEMBER_NO, OPTION_NO)
VALUES (17, 2, '06234^^^ 서울 강동구 천호대로 140^^^ 8층', '7123456789', 20, 18, 25);

-- 리뷰 정보 테이블 더미 데이터
-- board_cd = 1 인 경우 (공동구매) => REVIEW_TYPE = 1
-- 예시로 BOARD_NO = 1, 2, 17, 33, 41 에 대해 리뷰 작성
INSERT INTO REVIEW (REVIEW_NO, REVIEW_CONTENT, REVIEW_STAR, REVIEW_CREATED_DATE, REVIEW_UPDATE_DATE,
                    REVIEW_DEL_FL, REVIEW_TYPE, REVIEW_TYPE_NO, MEMBER_NO, ORDER_NO) 
VALUES (1, '무선 이어폰 정말 좋아요!', 5, SYSDATE, NULL, 'N', 1, 1, 2, NULL);

INSERT INTO REVIEW (REVIEW_NO, REVIEW_CONTENT, REVIEW_STAR, REVIEW_CREATED_DATE, REVIEW_UPDATE_DATE,
                    REVIEW_DEL_FL, REVIEW_TYPE, REVIEW_TYPE_NO, MEMBER_NO, ORDER_NO) 
VALUES (2, '스마트워치 가성비 좋습니다.', 4, SYSDATE, NULL, 'N', 1, 2, 3, NULL);

INSERT INTO REVIEW (REVIEW_NO, REVIEW_CONTENT, REVIEW_STAR, REVIEW_CREATED_DATE, REVIEW_UPDATE_DATE,
                    REVIEW_DEL_FL, REVIEW_TYPE, REVIEW_TYPE_NO, MEMBER_NO, ORDER_NO) 
VALUES (3, '게이밍 키보드 만족스럽습니다!', 5, SYSDATE, NULL, 'N', 1, 17, 4, NULL);

INSERT INTO REVIEW (REVIEW_NO, REVIEW_CONTENT, REVIEW_STAR, REVIEW_CREATED_DATE, REVIEW_UPDATE_DATE,
                    REVIEW_DEL_FL, REVIEW_TYPE, REVIEW_TYPE_NO, MEMBER_NO, ORDER_NO) 
VALUES (4, '게이밍 마우스는 조금 무겁네요.', 3, SYSDATE, NULL, 'N', 1, 33, 5, NULL);

INSERT INTO REVIEW (REVIEW_NO, REVIEW_CONTENT, REVIEW_STAR, REVIEW_CREATED_DATE, REVIEW_UPDATE_DATE,
                    REVIEW_DEL_FL, REVIEW_TYPE, REVIEW_TYPE_NO, MEMBER_NO, ORDER_NO) 
VALUES (5, 'LED 스탠드 밝기 조절이 편리해요.', 4, SYSDATE, NULL, 'N', 1, 41, 6, NULL);

-- board_cd = 2 인 경우 (브랜드 상품) => REVIEW_TYPE = 2
-- 예시로 BOARD_NO = 3, 19, 42, 48, 50 에 대해 리뷰 작성
INSERT INTO REVIEW (REVIEW_NO, REVIEW_CONTENT, REVIEW_STAR, REVIEW_CREATED_DATE, REVIEW_UPDATE_DATE,
                    REVIEW_DEL_FL, REVIEW_TYPE, REVIEW_TYPE_NO, MEMBER_NO, ORDER_NO) 
VALUES (6, '프리미엄 헤드폰 노이즈캔슬링이 뛰어납니다.', 5, SYSDATE, NULL, 'N', 2, 3, 9, 1);

INSERT INTO REVIEW (REVIEW_NO, REVIEW_CONTENT, REVIEW_STAR, REVIEW_CREATED_DATE, REVIEW_UPDATE_DATE,
                    REVIEW_DEL_FL, REVIEW_TYPE, REVIEW_TYPE_NO, MEMBER_NO, ORDER_NO) 
VALUES (7, '무선 마우스 인체공학적 디자인이 맘에 들어요.', 4, SYSDATE, NULL, 'N', 2, 19, 10, 2);

INSERT INTO REVIEW (REVIEW_NO, REVIEW_CONTENT, REVIEW_STAR, REVIEW_CREATED_DATE, REVIEW_UPDATE_DATE,
                    REVIEW_DEL_FL, REVIEW_TYPE, REVIEW_TYPE_NO, MEMBER_NO, ORDER_NO) 
VALUES (8, '게이밍 마우스도 써봤는데 이번엔 다른 모델로 구매했어요.', 3, SYSDATE, NULL, 'N', 2, 42, 11, 3);

INSERT INTO REVIEW (REVIEW_NO, REVIEW_CONTENT, REVIEW_STAR, REVIEW_CREATED_DATE, REVIEW_UPDATE_DATE,
                    REVIEW_DEL_FL, REVIEW_TYPE, REVIEW_TYPE_NO, MEMBER_NO, ORDER_NO) 
VALUES (9, '스마트 체중계로 건강 관리가 한층 편해졌어요.', 4, SYSDATE, NULL, 'N', 2, 48, 12, 4);

INSERT INTO REVIEW (REVIEW_NO, REVIEW_CONTENT, REVIEW_STAR, REVIEW_CREATED_DATE, REVIEW_UPDATE_DATE,
                    REVIEW_DEL_FL, REVIEW_TYPE, REVIEW_TYPE_NO, MEMBER_NO, ORDER_NO) 
VALUES (10, 'LED 스탠드는 눈부심 방지 기능이 특히 좋네요!', 5, SYSDATE, NULL, 'N', 2, 50, 13, 5);

INSERT INTO REVIEW (REVIEW_NO, REVIEW_CONTENT, REVIEW_STAR, REVIEW_CREATED_DATE, REVIEW_UPDATE_DATE,
                    REVIEW_DEL_FL, REVIEW_TYPE, REVIEW_TYPE_NO, MEMBER_NO, ORDER_NO) 
VALUES (11, '게이밍 마우스 반응속도 너무 좋아요! 공동구매라 저렴하게 샀네요.', 5, SYSDATE, NULL, 'N', 1, 98, 9, NULL);

INSERT INTO REVIEW (REVIEW_NO, REVIEW_CONTENT, REVIEW_STAR, REVIEW_CREATED_DATE, REVIEW_UPDATE_DATE,
                    REVIEW_DEL_FL, REVIEW_TYPE, REVIEW_TYPE_NO, MEMBER_NO, ORDER_NO) 
VALUES (12, '스마트 체중계 정확하고 편리합니다. 추천해요!', 4, SYSDATE, NULL, 'N', 1, 99, 9, NULL);

-- 포인트 결제 내역 더미 데이터
INSERT INTO POINT_USAGE (USAGE_NO, USED_AMOUNT, USAGE_TYPE, USAGE_TYPE_NO, STATUS, USED_DATE, MEMBER_NO) 
VALUES (1, 500, 1, 1, '대기', SYSDATE, 9);

INSERT INTO POINT_USAGE (USAGE_NO, USED_AMOUNT, USAGE_TYPE, USAGE_TYPE_NO, STATUS, USED_DATE, MEMBER_NO) 
VALUES (2, 1000, 1, 2, '완료', SYSDATE, 10);

INSERT INTO POINT_USAGE (USAGE_NO, USED_AMOUNT, USAGE_TYPE, USAGE_TYPE_NO, STATUS, USED_DATE, MEMBER_NO) 
VALUES (3, 200, 2, 101, '완료', SYSDATE, 2);

INSERT INTO POINT_USAGE (USAGE_NO, USED_AMOUNT, USAGE_TYPE, USAGE_TYPE_NO, STATUS, USED_DATE, MEMBER_NO) 
VALUES (4, 300, 1, 3, '대기', SYSDATE, 11);

INSERT INTO POINT_USAGE (USAGE_NO, USED_AMOUNT, USAGE_TYPE, USAGE_TYPE_NO, STATUS, USED_DATE, MEMBER_NO) 
VALUES (5, 800, 1, 4, '대기', SYSDATE, 12);

INSERT INTO POINT_USAGE (USAGE_NO, USED_AMOUNT, USAGE_TYPE, USAGE_TYPE_NO, STATUS, USED_DATE, MEMBER_NO) 
VALUES (6, 1500, 2, 42, '완료', SYSDATE, 7);

INSERT INTO POINT_USAGE (USAGE_NO, USED_AMOUNT, USAGE_TYPE, USAGE_TYPE_NO, STATUS, USED_DATE, MEMBER_NO) 
VALUES (7, 1200, 1, 5, '완료', SYSDATE, 13);

INSERT INTO POINT_USAGE (USAGE_NO, USED_AMOUNT, USAGE_TYPE, USAGE_TYPE_NO, STATUS, USED_DATE, MEMBER_NO) 
VALUES (8, 100, 1, 6, '취소', SYSDATE, 14);

INSERT INTO POINT_USAGE (USAGE_NO, USED_AMOUNT, USAGE_TYPE, USAGE_TYPE_NO, STATUS, USED_DATE, MEMBER_NO) 
VALUES (9, 2000, 2, 44, '완료', SYSDATE, 3);

INSERT INTO POINT_USAGE (USAGE_NO, USED_AMOUNT, USAGE_TYPE, USAGE_TYPE_NO, STATUS, USED_DATE, MEMBER_NO) 
VALUES (10, 3500, 1, 7, '대기', SYSDATE, 15);
   
INSERT INTO POINT_USAGE (USAGE_NO, USED_AMOUNT, USAGE_TYPE, USAGE_TYPE_NO, STATUS, USED_DATE, MEMBER_NO)
VALUES (11, 7000, 2, 98, '완료', SYSDATE, 9);

INSERT INTO POINT_USAGE (USAGE_NO, USED_AMOUNT, USAGE_TYPE, USAGE_TYPE_NO, STATUS, USED_DATE, MEMBER_NO)
VALUES (12, 8500, 2, 99, '완료', SYSDATE, 9);

INSERT INTO POINT_USAGE (USAGE_NO, USED_AMOUNT, USAGE_TYPE, USAGE_TYPE_NO, STATUS, USED_DATE, MEMBER_NO) 
VALUES (13, 3500, 1, 8, '대기', SYSDATE, 9);

INSERT INTO POINT_USAGE (USAGE_NO, USED_AMOUNT, USAGE_TYPE, USAGE_TYPE_NO, STATUS, USED_DATE, MEMBER_NO) 
VALUES (14, 3500, 1, 9, '대기', SYSDATE, 10);

INSERT INTO POINT_USAGE (USAGE_NO, USED_AMOUNT, USAGE_TYPE, USAGE_TYPE_NO, STATUS, USED_DATE, MEMBER_NO) 
VALUES (15, 3500, 1, 10, '대기', SYSDATE, 11);

INSERT INTO POINT_USAGE (USAGE_NO, USED_AMOUNT, USAGE_TYPE, USAGE_TYPE_NO, STATUS, USED_DATE, MEMBER_NO) 
VALUES (16, 3500, 1, 11, '대기', SYSDATE, 12);

INSERT INTO POINT_USAGE (USAGE_NO, USED_AMOUNT, USAGE_TYPE, USAGE_TYPE_NO, STATUS, USED_DATE, MEMBER_NO) 
VALUES (17, 3500, 1, 12, '취소', SYSDATE, 13);

INSERT INTO POINT_USAGE (USAGE_NO, USED_AMOUNT, USAGE_TYPE, USAGE_TYPE_NO, STATUS, USED_DATE, MEMBER_NO) 
VALUES (18, 3500, 1, 13, '대기', SYSDATE, 14);

INSERT INTO POINT_USAGE (USAGE_NO, USED_AMOUNT, USAGE_TYPE, USAGE_TYPE_NO, STATUS, USED_DATE, MEMBER_NO) 
VALUES (19, 3500, 1, 14, '완료', SYSDATE, 15);

INSERT INTO POINT_USAGE (USAGE_NO, USED_AMOUNT, USAGE_TYPE, USAGE_TYPE_NO, STATUS, USED_DATE, MEMBER_NO) 
VALUES (20, 3500, 1, 15, '대기', SYSDATE, 16);

INSERT INTO POINT_USAGE (USAGE_NO, USED_AMOUNT, USAGE_TYPE, USAGE_TYPE_NO, STATUS, USED_DATE, MEMBER_NO) 
VALUES (21, 3500, 1, 16, '취소', SYSDATE, 17);

INSERT INTO POINT_USAGE (USAGE_NO, USED_AMOUNT, USAGE_TYPE, USAGE_TYPE_NO, STATUS, USED_DATE, MEMBER_NO) 
VALUES (22, 3500, 1, 17, '대기', SYSDATE, 18);

-- 포인트 충전 내역
INSERT INTO POINT_TRANSACTION (TRANSACTION_NO, AMOUNT, PAYMENT_METHOD, CHARGED_DATE, MEMBER_NO)
VALUES (1, 5000, '계좌이체', SYSDATE, 2);

INSERT INTO POINT_TRANSACTION (TRANSACTION_NO, AMOUNT, PAYMENT_METHOD, CHARGED_DATE, MEMBER_NO)
VALUES (2, 10000, '간편결제', SYSDATE, 3);

INSERT INTO POINT_TRANSACTION (TRANSACTION_NO, AMOUNT, PAYMENT_METHOD, CHARGED_DATE, MEMBER_NO)
VALUES (3, 2000, '카드결제', SYSDATE, 2);

INSERT INTO POINT_TRANSACTION (TRANSACTION_NO, AMOUNT, PAYMENT_METHOD, CHARGED_DATE, MEMBER_NO)
VALUES (4, 8000, '계좌이체', SYSDATE, 5);

INSERT INTO POINT_TRANSACTION (TRANSACTION_NO, AMOUNT, PAYMENT_METHOD, CHARGED_DATE, MEMBER_NO)
VALUES (5, 6000, '간편결제', SYSDATE, 2);

INSERT INTO POINT_TRANSACTION (TRANSACTION_NO, AMOUNT, PAYMENT_METHOD, CHARGED_DATE, MEMBER_NO)
VALUES (6, 10000, '계좌이체', SYSDATE, 7);

INSERT INTO POINT_TRANSACTION (TRANSACTION_NO, AMOUNT, PAYMENT_METHOD, CHARGED_DATE, MEMBER_NO)
VALUES (7, 3000, '카드결제', SYSDATE, 1);

INSERT INTO POINT_TRANSACTION (TRANSACTION_NO, AMOUNT, PAYMENT_METHOD, CHARGED_DATE, MEMBER_NO)
VALUES (8, 15000, '간편결제', SYSDATE, 2);

INSERT INTO POINT_TRANSACTION (TRANSACTION_NO, AMOUNT, PAYMENT_METHOD, CHARGED_DATE, MEMBER_NO)
VALUES (9, 20000, '계좌이체', SYSDATE, 3);

INSERT INTO POINT_TRANSACTION (TRANSACTION_NO, AMOUNT, PAYMENT_METHOD, CHARGED_DATE, MEMBER_NO)
VALUES (10, 5000, '카드결제', SYSDATE, 4);


-- 리뷰 테이블
-- 1. 게시글 댓글(REPLY_TYPE = 1) 삽입 (BOARD_CD = 2인 게시글에 대한 댓글)
INSERT INTO REPLY (REPLY_NO, REPLY_CREATE_DATE, REPLY_DEL_FL, REPLY_CONTENT, SECRET_REPLY_STATUS, MEMBER_NO, REPLY_TYPE, REPLY_TYPE_NO, PARENT_REPLY_NO)
VALUES (1, SYSDATE, 'N', '이 제품 정말 좋은가요?', 'N', 8, 1, 3, NULL);

INSERT INTO REPLY (REPLY_NO, REPLY_CREATE_DATE, REPLY_DEL_FL, REPLY_CONTENT, SECRET_REPLY_STATUS, MEMBER_NO, REPLY_TYPE, REPLY_TYPE_NO, PARENT_REPLY_NO)
VALUES (2, SYSDATE, 'N', '할인 이벤트 끝났나요?', 'N', 9, 1, 4, NULL);

INSERT INTO REPLY (REPLY_NO, REPLY_CREATE_DATE, REPLY_DEL_FL, REPLY_CONTENT, SECRET_REPLY_STATUS, MEMBER_NO, REPLY_TYPE, REPLY_TYPE_NO, PARENT_REPLY_NO)
VALUES (3, SYSDATE, 'N', '이거 배송 빠른가요?', 'N', 10, 1, 5, NULL);

INSERT INTO REPLY (REPLY_NO, REPLY_CREATE_DATE, REPLY_DEL_FL, REPLY_CONTENT, SECRET_REPLY_STATUS, MEMBER_NO, REPLY_TYPE, REPLY_TYPE_NO, PARENT_REPLY_NO)
VALUES (4, SYSDATE, 'N', '사용법이 어렵나요?', 'N', 11, 1, 19, NULL);

INSERT INTO REPLY (REPLY_NO, REPLY_CREATE_DATE, REPLY_DEL_FL, REPLY_CONTENT, SECRET_REPLY_STATUS, MEMBER_NO, REPLY_TYPE, REPLY_TYPE_NO, PARENT_REPLY_NO)
VALUES (5, SYSDATE, 'N', '가격이 너무 비싼 거 같아요', 'N', 12, 1, 20, NULL);

-- 2. 리뷰 댓글(REPLY_TYPE = 2) 삽입 (BOARD_CD = 2에서 작성된 리뷰에 대한 댓글)
INSERT INTO REPLY (REPLY_NO, REPLY_CREATE_DATE, REPLY_DEL_FL, REPLY_CONTENT, SECRET_REPLY_STATUS, MEMBER_NO, REPLY_TYPE, REPLY_TYPE_NO, PARENT_REPLY_NO)
VALUES (6, SYSDATE, 'N', '진짜 가성비 좋은 제품이네요!', 'N', 13, 2, 6, NULL);

INSERT INTO REPLY (REPLY_NO, REPLY_CREATE_DATE, REPLY_DEL_FL, REPLY_CONTENT, SECRET_REPLY_STATUS, MEMBER_NO, REPLY_TYPE, REPLY_TYPE_NO, PARENT_REPLY_NO)
VALUES (7, SYSDATE, 'N', '이거 후기보고 샀는데 만족합니다.', 'N', 14, 2, 7, NULL);

INSERT INTO REPLY (REPLY_NO, REPLY_CREATE_DATE, REPLY_DEL_FL, REPLY_CONTENT, SECRET_REPLY_STATUS, MEMBER_NO, REPLY_TYPE, REPLY_TYPE_NO, PARENT_REPLY_NO)
VALUES (8, SYSDATE, 'N', '기능이 다양해서 좋아요.', 'N', 15, 2, 8, NULL);

INSERT INTO REPLY (REPLY_NO, REPLY_CREATE_DATE, REPLY_DEL_FL, REPLY_CONTENT, SECRET_REPLY_STATUS, MEMBER_NO, REPLY_TYPE, REPLY_TYPE_NO, PARENT_REPLY_NO)
VALUES (9, SYSDATE, 'N', '디자인이 마음에 들어요.', 'N', 7, 2, 9, NULL);

INSERT INTO REPLY (REPLY_NO, REPLY_CREATE_DATE, REPLY_DEL_FL, REPLY_CONTENT, SECRET_REPLY_STATUS, MEMBER_NO, REPLY_TYPE, REPLY_TYPE_NO, PARENT_REPLY_NO)
VALUES (10, SYSDATE, 'N', '다음에 또 구매하고 싶어요!', 'N', 9, 2, 10, NULL);

-- 3. 대댓글 삽입 (부모 댓글에 대한 응답)
INSERT INTO REPLY (REPLY_NO, REPLY_CREATE_DATE, REPLY_DEL_FL, REPLY_CONTENT, SECRET_REPLY_STATUS, MEMBER_NO, REPLY_TYPE, REPLY_TYPE_NO, PARENT_REPLY_NO)
VALUES (11, SYSDATE, 'N', '네, 사용법 엄청 간단해요!', 'N', 11, 1, 19, 4);

INSERT INTO REPLY (REPLY_NO, REPLY_CREATE_DATE, REPLY_DEL_FL, REPLY_CONTENT, SECRET_REPLY_STATUS, MEMBER_NO, REPLY_TYPE, REPLY_TYPE_NO, PARENT_REPLY_NO)
VALUES (12, SYSDATE, 'N', '맞아요! 가격 대비 성능이 최고예요.', 'N', 12, 2, 6, NULL);

-- 1. 게시글 댓글(REPLY_TYPE = 1) 삽입 (BOARD_CD = 2인 게시글에 대한 댓글)
INSERT INTO REPLY (REPLY_NO, REPLY_CREATE_DATE, REPLY_DEL_FL, REPLY_CONTENT, SECRET_REPLY_STATUS, MEMBER_NO, REPLY_TYPE, REPLY_TYPE_NO, PARENT_REPLY_NO)
VALUES (13, SYSDATE, 'N', '이 제품 색상이 여러 가지인가요?', 'N', 1, 1, 19, NULL);

INSERT INTO REPLY (REPLY_NO, REPLY_CREATE_DATE, REPLY_DEL_FL, REPLY_CONTENT, SECRET_REPLY_STATUS, MEMBER_NO, REPLY_TYPE, REPLY_TYPE_NO, PARENT_REPLY_NO)
VALUES (14, SYSDATE, 'N', '배송기간이 얼마나 걸릴까요?', 'N', 2, 1, 20, NULL);

INSERT INTO REPLY (REPLY_NO, REPLY_CREATE_DATE, REPLY_DEL_FL, REPLY_CONTENT, SECRET_REPLY_STATUS, MEMBER_NO, REPLY_TYPE, REPLY_TYPE_NO, PARENT_REPLY_NO)
VALUES (15, SYSDATE, 'N', '할인 쿠폰 적용 가능한가요?', 'N', 3, 1, 3, NULL);

INSERT INTO REPLY (REPLY_NO, REPLY_CREATE_DATE, REPLY_DEL_FL, REPLY_CONTENT, SECRET_REPLY_STATUS, MEMBER_NO, REPLY_TYPE, REPLY_TYPE_NO, PARENT_REPLY_NO)
VALUES (16, SYSDATE, 'N', '사이즈는 어떤가요? 한 치수 크게 사야 할까요?', 'N', 4, 1, 4, NULL);

INSERT INTO REPLY (REPLY_NO, REPLY_CREATE_DATE, REPLY_DEL_FL, REPLY_CONTENT, SECRET_REPLY_STATUS, MEMBER_NO, REPLY_TYPE, REPLY_TYPE_NO, PARENT_REPLY_NO)
VALUES (17, SYSDATE, 'N', '포장 상태가 어떤가요?', 'N', 5, 1, 5, NULL);

-- 2. 리뷰 댓글(REPLY_TYPE = 2) 삽입 (BOARD_CD = 2에서 작성된 리뷰에 대한 댓글 → PARENT_REPLY_NO = NULL)
INSERT INTO REPLY (REPLY_NO, REPLY_CREATE_DATE, REPLY_DEL_FL, REPLY_CONTENT, SECRET_REPLY_STATUS, MEMBER_NO, REPLY_TYPE, REPLY_TYPE_NO, PARENT_REPLY_NO)
VALUES (18, SYSDATE, 'N', '정말 마음에 드는 제품이에요!', 'N', 6, 2, 6, NULL);

INSERT INTO REPLY (REPLY_NO, REPLY_CREATE_DATE, REPLY_DEL_FL, REPLY_CONTENT, SECRET_REPLY_STATUS, MEMBER_NO, REPLY_TYPE, REPLY_TYPE_NO, PARENT_REPLY_NO)
VALUES (19, SYSDATE, 'N', '기능이 많아서 유용해요.', 'N', 7, 2, 7, NULL);

INSERT INTO REPLY (REPLY_NO, REPLY_CREATE_DATE, REPLY_DEL_FL, REPLY_CONTENT, SECRET_REPLY_STATUS, MEMBER_NO, REPLY_TYPE, REPLY_TYPE_NO, PARENT_REPLY_NO)
VALUES (20, SYSDATE, 'N', '배송도 빠르고 제품도 좋아요!', 'N', 8, 2, 8, NULL);

INSERT INTO REPLY (REPLY_NO, REPLY_CREATE_DATE, REPLY_DEL_FL, REPLY_CONTENT, SECRET_REPLY_STATUS, MEMBER_NO, REPLY_TYPE, REPLY_TYPE_NO, PARENT_REPLY_NO)
VALUES (21, SYSDATE, 'N', '재구매 의사 있어요!', 'N', 9, 2, 9, NULL);

INSERT INTO REPLY (REPLY_NO, REPLY_CREATE_DATE, REPLY_DEL_FL, REPLY_CONTENT, SECRET_REPLY_STATUS, MEMBER_NO, REPLY_TYPE, REPLY_TYPE_NO, PARENT_REPLY_NO)
VALUES (22, SYSDATE, 'N', '디자인이 고급스러워요.', 'N', 10, 2, 10, NULL);

-- 3. 대댓글 삽입 (부모 댓글에 대한 응답 → REPLY_TYPE = 1)
INSERT INTO REPLY (REPLY_NO, REPLY_CREATE_DATE, REPLY_DEL_FL, REPLY_CONTENT, SECRET_REPLY_STATUS, MEMBER_NO, REPLY_TYPE, REPLY_TYPE_NO, PARENT_REPLY_NO)
VALUES (23, SYSDATE, 'N', '네, 색상 여러 가지 있습니다!', 'N', 11, 1, 19, 13);

INSERT INTO REPLY (REPLY_NO, REPLY_CREATE_DATE, REPLY_DEL_FL, REPLY_CONTENT, SECRET_REPLY_STATUS, MEMBER_NO, REPLY_TYPE, REPLY_TYPE_NO, PARENT_REPLY_NO)
VALUES (24, SYSDATE, 'N', '배송은 지역에 따라 다르지만 보통 3~5일 소요돼요.', 'N', 12, 1, 20, 14);

INSERT INTO REPLY (REPLY_NO, REPLY_CREATE_DATE, REPLY_DEL_FL, REPLY_CONTENT, SECRET_REPLY_STATUS, MEMBER_NO, REPLY_TYPE, REPLY_TYPE_NO, PARENT_REPLY_NO)
VALUES (25, SYSDATE, 'N', '사이즈 딱 맞아요. 정사이즈 추천합니다.', 'N', 13, 1, 4, 16);

INSERT INTO REPLY (REPLY_NO, REPLY_CREATE_DATE, REPLY_DEL_FL, REPLY_CONTENT, SECRET_REPLY_STATUS, MEMBER_NO, REPLY_TYPE, REPLY_TYPE_NO, PARENT_REPLY_NO)
VALUES (26, SYSDATE, 'N', '포장 꼼꼼히 잘 되어 있어요.', 'N', 14, 1, 5, 17);

INSERT INTO REPLY (REPLY_NO, REPLY_CREATE_DATE, REPLY_DEL_FL, REPLY_CONTENT, SECRET_REPLY_STATUS, MEMBER_NO, REPLY_TYPE, REPLY_TYPE_NO, PARENT_REPLY_NO)
VALUES (27, SYSDATE, 'N', '배송도 빠르고, 상태도 양호했어요.', 'N', 15, 1, 8, 20);

INSERT INTO REPLY (REPLY_NO, REPLY_CREATE_DATE, REPLY_DEL_FL, REPLY_CONTENT, SECRET_REPLY_STATUS, MEMBER_NO, REPLY_TYPE, REPLY_TYPE_NO, PARENT_REPLY_NO)
VALUES (28, SYSDATE, 'N', '상품이 기대 이상으로 좋았어요!', 'N', 9, 1, 56, NULL);

INSERT INTO REPLY (REPLY_NO, REPLY_CREATE_DATE, REPLY_DEL_FL, REPLY_CONTENT, SECRET_REPLY_STATUS, MEMBER_NO, REPLY_TYPE, REPLY_TYPE_NO, PARENT_REPLY_NO)
VALUES (29, SYSDATE, 'N', '배송이 생각보다 빨리 왔네요.', 'N', 9, 1, 57, NULL);

INSERT INTO REPLY (REPLY_NO, REPLY_CREATE_DATE, REPLY_DEL_FL, REPLY_CONTENT, SECRET_REPLY_STATUS, MEMBER_NO, REPLY_TYPE, REPLY_TYPE_NO, PARENT_REPLY_NO)
VALUES (30, SYSDATE, 'N', '다음에도 또 구매할게요!', 'N', 9, 1, 58, NULL);

INSERT INTO REPLY (REPLY_NO, REPLY_CREATE_DATE, REPLY_DEL_FL, REPLY_CONTENT, SECRET_REPLY_STATUS, MEMBER_NO, REPLY_TYPE, REPLY_TYPE_NO, PARENT_REPLY_NO)
VALUES (31, SYSDATE, 'N', '가격 대비 품질이 만족스럽습니다.', 'N', 9, 1, 59, NULL);

INSERT INTO REPLY (REPLY_NO, REPLY_CREATE_DATE, REPLY_DEL_FL, REPLY_CONTENT, SECRET_REPLY_STATUS, MEMBER_NO, REPLY_TYPE, REPLY_TYPE_NO, PARENT_REPLY_NO)
VALUES (32, SYSDATE, 'N', '포장이 안전하게 잘 되어 왔어요.', 'N', 9, 1, 60, NULL);

INSERT INTO REPLY (REPLY_NO, REPLY_CREATE_DATE, REPLY_DEL_FL, REPLY_CONTENT, SECRET_REPLY_STATUS, MEMBER_NO, REPLY_TYPE, REPLY_TYPE_NO, PARENT_REPLY_NO)
VALUES (33, SYSDATE, 'N', '설명과 동일한 상품이네요!', 'N', 9, 1, 61, NULL);

INSERT INTO REPLY (REPLY_NO, REPLY_CREATE_DATE, REPLY_DEL_FL, REPLY_CONTENT, SECRET_REPLY_STATUS, MEMBER_NO, REPLY_TYPE, REPLY_TYPE_NO, PARENT_REPLY_NO)
VALUES (34, SYSDATE, 'N', '재구매 의사 있습니다.', 'N', 9, 1, 62, NULL);

INSERT INTO REPLY (REPLY_NO, REPLY_CREATE_DATE, REPLY_DEL_FL, REPLY_CONTENT, SECRET_REPLY_STATUS, MEMBER_NO, REPLY_TYPE, REPLY_TYPE_NO, PARENT_REPLY_NO)
VALUES (35, SYSDATE, 'N', '퀄리티가 상당히 좋습니다.', 'N', 9, 1, 63, NULL);
INSERT INTO REPLY (REPLY_NO, REPLY_CREATE_DATE, REPLY_DEL_FL, REPLY_CONTENT, SECRET_REPLY_STATUS, MEMBER_NO, REPLY_TYPE, REPLY_TYPE_NO, PARENT_REPLY_NO)
VALUES (36, SYSDATE, 'N', '퀄리티가 상당히 좋습니다1.', 'N', 14, 1, 82, NULL);
INSERT INTO REPLY (REPLY_NO, REPLY_CREATE_DATE, REPLY_DEL_FL, REPLY_CONTENT, SECRET_REPLY_STATUS, MEMBER_NO, REPLY_TYPE, REPLY_TYPE_NO, PARENT_REPLY_NO)
VALUES (37, SYSDATE, 'N', '퀄리티가 상당히 좋습니다2.', 'N', 12, 1, 82, NULL);
INSERT INTO REPLY (REPLY_NO, REPLY_CREATE_DATE, REPLY_DEL_FL, REPLY_CONTENT, SECRET_REPLY_STATUS, MEMBER_NO, REPLY_TYPE, REPLY_TYPE_NO, PARENT_REPLY_NO)
VALUES (38, SYSDATE, 'N', '퀄리티가 상당히 좋습니다3.', 'N', 7, 1, 82, NULL);

-- 장바구니
INSERT INTO CART (BOARD_NO, MEMBER_NO, ADDED_DATE)
VALUES (19, 2, SYSDATE);

INSERT INTO CART (BOARD_NO, MEMBER_NO, ADDED_DATE)
VALUES (20, 3, SYSDATE);

INSERT INTO CART (BOARD_NO, MEMBER_NO, ADDED_DATE)
VALUES (22, 4, SYSDATE);

INSERT INTO CART (BOARD_NO, MEMBER_NO, ADDED_DATE)
VALUES (23, 5, SYSDATE);

INSERT INTO CART (BOARD_NO, MEMBER_NO, ADDED_DATE)
VALUES (24, 6, SYSDATE);

INSERT INTO CART (BOARD_NO, MEMBER_NO, ADDED_DATE)
VALUES (26, 2, SYSDATE);

INSERT INTO CART (BOARD_NO, MEMBER_NO, ADDED_DATE)
VALUES (27, 3, SYSDATE);

INSERT INTO CART (BOARD_NO, MEMBER_NO, ADDED_DATE)
VALUES (28, 4, SYSDATE);

INSERT INTO CART (BOARD_NO, MEMBER_NO, ADDED_DATE)
VALUES (29, 5, SYSDATE);

INSERT INTO CART (BOARD_NO, MEMBER_NO, ADDED_DATE)
VALUES (30, 6, SYSDATE);

INSERT INTO CART (BOARD_NO, MEMBER_NO, ADDED_DATE)
VALUES (33, 2, SYSDATE);

INSERT INTO CART (BOARD_NO, MEMBER_NO, ADDED_DATE)
VALUES (34, 3, SYSDATE);

INSERT INTO CART (BOARD_NO, MEMBER_NO, ADDED_DATE)
VALUES (35, 4, SYSDATE);

INSERT INTO CART (BOARD_NO, MEMBER_NO, ADDED_DATE)
VALUES (36, 5, SYSDATE);

INSERT INTO CART (BOARD_NO, MEMBER_NO, ADDED_DATE)
VALUES (37, 6, SYSDATE);

INSERT INTO CART (BOARD_NO, MEMBER_NO, ADDED_DATE)
VALUES (39, 2, SYSDATE);

INSERT INTO CART (BOARD_NO, MEMBER_NO, ADDED_DATE)
VALUES (40, 3, SYSDATE);

INSERT INTO CART (BOARD_NO, MEMBER_NO, ADDED_DATE)
VALUES (41, 4, SYSDATE);

INSERT INTO CART (BOARD_NO, MEMBER_NO, ADDED_DATE)
VALUES (42, 5, SYSDATE);



-- 찜 테이블
-- 첫 번째 찜 (브랜드 상품)
INSERT INTO PICK (MEMBER_NO, BOARD_NO) VALUES (10, 92);

-- 두 번째 찜 (브랜드 상품)
INSERT INTO PICK (MEMBER_NO, BOARD_NO) VALUES (10, 93);

-- 세 번째 찜 (브랜드 상품)
INSERT INTO PICK (MEMBER_NO, BOARD_NO) VALUES (10, 94);

-- 네 번째 찜 (브랜드 상품)
INSERT INTO PICK (MEMBER_NO, BOARD_NO) VALUES (10, 95);

-- 다섯 번째 찜 (브랜드 상품)
INSERT INTO PICK (MEMBER_NO, BOARD_NO) VALUES (10, 96);

-- 여섯 번째 찜 (브랜드 상품)	
INSERT INTO PICK (MEMBER_NO, BOARD_NO) VALUES (10, 97);


INSERT INTO PICK (MEMBER_NO, BOARD_NO) VALUES (11, 3);
INSERT INTO PICK (MEMBER_NO, BOARD_NO) VALUES (11, 19);
INSERT INTO PICK (MEMBER_NO, BOARD_NO) VALUES (11, 20);
INSERT INTO PICK (MEMBER_NO, BOARD_NO) VALUES (11, 42);
INSERT INTO PICK (MEMBER_NO, BOARD_NO) VALUES (11, 43);
INSERT INTO PICK (MEMBER_NO, BOARD_NO) VALUES (11, 44);
INSERT INTO PICK (MEMBER_NO, BOARD_NO) VALUES (11, 45);
INSERT INTO PICK (MEMBER_NO, BOARD_NO) VALUES (11, 50);
INSERT INTO PICK (MEMBER_NO, BOARD_NO) VALUES (11, 51);
INSERT INTO PICK (MEMBER_NO, BOARD_NO) VALUES (11, 52);
INSERT INTO PICK (MEMBER_NO, BOARD_NO) VALUES (11, 54);

-- 공동구매 모집방
-- 첫 번째 공동구매 모집방
INSERT INTO RECRUITMENT_ROOM (RECRUITMENT_NO, MAX_PARTICIPANTS, RECRUITMENT_STATUS, REC_CREATED_DATE, REC_END_DATE, REGION, PRODUCT_URL, QR_CODE, MEMBER_NO, BOARD_NO)
VALUES (1, '6', '진행', SYSDATE, TO_DATE('2023-12-31', 'YYYY-MM-DD'), 1, 'https://example.com/product1', 123456, 9, 1);

-- 두 번째 공동구매 모집방
INSERT INTO RECRUITMENT_ROOM (RECRUITMENT_NO, MAX_PARTICIPANTS, RECRUITMENT_STATUS, REC_CREATED_DATE, REC_END_DATE, REGION, PRODUCT_URL, QR_CODE, MEMBER_NO, BOARD_NO)
VALUES (2, '5', '진행', SYSDATE, TO_DATE('2023-12-15', 'YYYY-MM-DD'), 2, 'https://example.com/product2', 234567, 8, 2);

-- 세 번째 공동구매 모집방
INSERT INTO RECRUITMENT_ROOM (RECRUITMENT_NO, MAX_PARTICIPANTS, RECRUITMENT_STATUS, REC_CREATED_DATE, REC_END_DATE, REGION, PRODUCT_URL, QR_CODE, MEMBER_NO, BOARD_NO)
VALUES (3, '5', '진행', SYSDATE, TO_DATE('2023-11-30', 'YYYY-MM-DD'), 3, 'https://example.com/product3', 345678, 11, 17);

-- 네 번째 공동구매 모집방
INSERT INTO RECRUITMENT_ROOM (RECRUITMENT_NO, MAX_PARTICIPANTS, RECRUITMENT_STATUS, REC_CREATED_DATE, REC_END_DATE, REGION, PRODUCT_URL, QR_CODE, MEMBER_NO, BOARD_NO)
VALUES (4, '4', '진행', SYSDATE, TO_DATE('2023-11-20', 'YYYY-MM-DD'), 4, 'https://example.com/product4', 456789, 12, 18);

-- 다섯 번째 공동구매 모집방
INSERT INTO RECRUITMENT_ROOM (RECRUITMENT_NO, MAX_PARTICIPANTS, RECRUITMENT_STATUS, REC_CREATED_DATE, REC_END_DATE, REGION, PRODUCT_URL, QR_CODE, MEMBER_NO, BOARD_NO)
VALUES (5, '4', '진행', SYSDATE, TO_DATE('2023-12-25', 'YYYY-MM-DD'), 5, 'https://example.com/product5', 567890, 9, 56);

-- 여섯 번째 공동구매 모집방
INSERT INTO RECRUITMENT_ROOM (RECRUITMENT_NO, MAX_PARTICIPANTS, RECRUITMENT_STATUS, REC_CREATED_DATE, REC_END_DATE, REGION, PRODUCT_URL, QR_CODE, MEMBER_NO, BOARD_NO)
VALUES (6, '6', '진행', SYSDATE, TO_DATE('2023-12-30', 'YYYY-MM-DD'), 1, 'https://example.com/product6', 678901, 9, 57);

-- 일곱 번째 공동구매 모집방
INSERT INTO RECRUITMENT_ROOM (RECRUITMENT_NO, MAX_PARTICIPANTS, RECRUITMENT_STATUS, REC_CREATED_DATE, REC_END_DATE, REGION, PRODUCT_URL, QR_CODE, MEMBER_NO, BOARD_NO)
VALUES (7, '5', '진행', SYSDATE, TO_DATE('2024-01-10', 'YYYY-MM-DD'), 2, 'https://www.coupang.com/vp/products/8625305106?itemId=25025598515&vendorItemId=92030349708&sourceType=srp_product_ads&clickEventId=bccc85b0-0553-11f0-811c-9a5564ce07f9&korePlacement=15&koreSubPlacement=5&q=%EC%9C%A0%EA%B8%B0%EB%86%8D%EA%B3%BC%EC%9D%BC&itemsCount=36&searchId=10f14e4b105730&rank=4&searchRank=4&isAddedCart=', 789012, 14, 58);

-- 여덟 번째 공동구매 모집방
INSERT INTO RECRUITMENT_ROOM (RECRUITMENT_NO, MAX_PARTICIPANTS, RECRUITMENT_STATUS, REC_CREATED_DATE, REC_END_DATE, REGION, PRODUCT_URL, QR_CODE, MEMBER_NO, BOARD_NO)
VALUES (8, '2', '완료', SYSDATE, TO_DATE('2024-01-15', 'YYYY-MM-DD'), 3, 'https://example.com/product8', 890123, 9, 59);

-- 아홉 번째 공동구매 모집방
INSERT INTO RECRUITMENT_ROOM (RECRUITMENT_NO, MAX_PARTICIPANTS, RECRUITMENT_STATUS, REC_CREATED_DATE, REC_END_DATE, REGION, PRODUCT_URL, QR_CODE, MEMBER_NO, BOARD_NO)
VALUES (9, '2', '마감', SYSDATE, TO_DATE('2024-02-01', 'YYYY-MM-DD'), 4, 'https://example.com/product9', 901234, 10, 60);

-- 열 번째 공동구매 모집방
INSERT INTO RECRUITMENT_ROOM (RECRUITMENT_NO, MAX_PARTICIPANTS, RECRUITMENT_STATUS, REC_CREATED_DATE, REC_END_DATE, REGION, PRODUCT_URL, QR_CODE, MEMBER_NO, BOARD_NO)
VALUES (10, '2', '마감', SYSDATE, TO_DATE('2024-02-10', 'YYYY-MM-DD'), 5, 'https://example.com/product10', 112233, 11, 61);

-- 열한 번째 공동구매 모집방
INSERT INTO RECRUITMENT_ROOM (RECRUITMENT_NO, MAX_PARTICIPANTS, RECRUITMENT_STATUS, REC_CREATED_DATE, REC_END_DATE, REGION, PRODUCT_URL, QR_CODE, MEMBER_NO, BOARD_NO)
VALUES (11, 6, '진행', SYSDATE, TO_DATE('2024-02-20', 'YYYY-MM-DD'), 1, 'https://example.com/product11', 223344, 12, 62);

-- 열두 번째 공동구매 모집방
INSERT INTO RECRUITMENT_ROOM (RECRUITMENT_NO, MAX_PARTICIPANTS, RECRUITMENT_STATUS, REC_CREATED_DATE, REC_END_DATE, REGION, PRODUCT_URL, QR_CODE, MEMBER_NO, BOARD_NO)
VALUES (12, 2, '완료', SYSDATE, TO_DATE('2024-03-05', 'YYYY-MM-DD'), 2, 'https://example.com/product12', 334455, 13, 63);


-- 유기농 꿀 공동구매 모집방 (상품 1)
INSERT INTO RECRUITMENT_ROOM (RECRUITMENT_NO, MAX_PARTICIPANTS, RECRUITMENT_STATUS, REC_CREATED_DATE, REC_END_DATE, REGION, PRODUCT_URL, QR_CODE, MEMBER_NO, BOARD_NO)
VALUES (13, 6, '진행', SYSDATE, TO_DATE('2024-04-10', 'YYYY-MM-DD'), '서울 강남구', '/resources/images/individual/main/water2.png', 334456, 19, 64);

-- 프리미엄 녹차 공동구매 모집방 (상품 2)
INSERT INTO RECRUITMENT_ROOM (RECRUITMENT_NO, MAX_PARTICIPANTS, RECRUITMENT_STATUS, REC_CREATED_DATE, REC_END_DATE, REGION, PRODUCT_URL, QR_CODE, MEMBER_NO, BOARD_NO)
VALUES (14, 6, '진행', SYSDATE, TO_DATE('2024-04-15', 'YYYY-MM-DD'), '서울 마포구', '/resources/images/individual/main/water2.png', 334457, 14, 65);

-- 4. 한우 1++ 등급 세트 모집방
INSERT INTO RECRUITMENT_ROOM (RECRUITMENT_NO, MAX_PARTICIPANTS, RECRUITMENT_STATUS, REC_CREATED_DATE, REC_END_DATE, REGION, PRODUCT_URL, QR_CODE, MEMBER_NO, BOARD_NO)
VALUES (15, 5, '진행', SYSDATE, TO_DATE('2024-04-20', 'YYYY-MM-DD'), 4, 'https://example.com/product85', 123004, 8, 82);

-- 5. 유기농 현미 5kg 모집방
INSERT INTO RECRUITMENT_ROOM (RECRUITMENT_NO, MAX_PARTICIPANTS, RECRUITMENT_STATUS, REC_CREATED_DATE, REC_END_DATE, REGION, PRODUCT_URL, QR_CODE, MEMBER_NO, BOARD_NO)
VALUES (16, 5, '진행', SYSDATE, TO_DATE('2024-04-25', 'YYYY-MM-DD'), 5, 'https://example.com/product86', 123005, 9, 83);

-- 6. 고구마 말랭이 모집방
INSERT INTO RECRUITMENT_ROOM (RECRUITMENT_NO, MAX_PARTICIPANTS, RECRUITMENT_STATUS, REC_CREATED_DATE, REC_END_DATE, REGION, PRODUCT_URL, QR_CODE, MEMBER_NO, BOARD_NO)
VALUES (17, 13, '진행', SYSDATE, TO_DATE('2024-04-28', 'YYYY-MM-DD'), 2, 'https://example.com/product87', 123006, 10, 84);

-- 7. 유기농 견과류 세트 모집방
INSERT INTO RECRUITMENT_ROOM (RECRUITMENT_NO, MAX_PARTICIPANTS, RECRUITMENT_STATUS, REC_CREATED_DATE, REC_END_DATE, REGION, PRODUCT_URL, QR_CODE, MEMBER_NO, BOARD_NO)
VALUES (18, 8, '진행', SYSDATE, TO_DATE('2024-05-01', 'YYYY-MM-DD'), 3, 'https://example.com/product88', 123007, 11, 85);

-- 8. 고급 올리브 오일 모집방
INSERT INTO RECRUITMENT_ROOM (RECRUITMENT_NO, MAX_PARTICIPANTS, RECRUITMENT_STATUS, REC_CREATED_DATE, REC_END_DATE, REGION, PRODUCT_URL, QR_CODE, MEMBER_NO, BOARD_NO)
VALUES (19, 10, '진행', SYSDATE, TO_DATE('2024-05-05', 'YYYY-MM-DD'), 1, 'https://example.com/product89', 123008, 12, 86);

-- 9. 수제 수프 세트 모집방
INSERT INTO RECRUITMENT_ROOM (RECRUITMENT_NO, MAX_PARTICIPANTS, RECRUITMENT_STATUS, REC_CREATED_DATE, REC_END_DATE, REGION, PRODUCT_URL, QR_CODE, MEMBER_NO, BOARD_NO)
VALUES (20, 8, '진행', SYSDATE, TO_DATE('2024-05-10', 'YYYY-MM-DD'), 4, 'https://example.com/product90', 123009, 13, 87);


--공동구매 참가자
INSERT INTO RECRUITMENT_PARTICIPANT (MEMBER_NO, JOIN_DATE, RECRUITMENT_NO, PARTICIPATION_COUNT) VALUES (9, SYSDATE, 1, 1);
INSERT INTO RECRUITMENT_PARTICIPANT (MEMBER_NO, JOIN_DATE, RECRUITMENT_NO, PARTICIPATION_COUNT) VALUES (8, SYSDATE, 2, 1);
INSERT INTO RECRUITMENT_PARTICIPANT (MEMBER_NO, JOIN_DATE, RECRUITMENT_NO, PARTICIPATION_COUNT) VALUES (11, SYSDATE, 3, 1);
INSERT INTO RECRUITMENT_PARTICIPANT (MEMBER_NO, JOIN_DATE, RECRUITMENT_NO, PARTICIPATION_COUNT) VALUES (12, SYSDATE, 4, 1);
INSERT INTO RECRUITMENT_PARTICIPANT (MEMBER_NO, JOIN_DATE, RECRUITMENT_NO, PARTICIPATION_COUNT) VALUES (9, SYSDATE, 5, 1);
INSERT INTO RECRUITMENT_PARTICIPANT (MEMBER_NO, JOIN_DATE, RECRUITMENT_NO, PARTICIPATION_COUNT) VALUES (9, SYSDATE, 6, 1);
INSERT INTO RECRUITMENT_PARTICIPANT (MEMBER_NO, JOIN_DATE, RECRUITMENT_NO, PARTICIPATION_COUNT) VALUES (14, SYSDATE, 7, 1);
INSERT INTO RECRUITMENT_PARTICIPANT (MEMBER_NO, JOIN_DATE, RECRUITMENT_NO, PARTICIPATION_COUNT) VALUES (9, SYSDATE, 8, 1);
INSERT INTO RECRUITMENT_PARTICIPANT (MEMBER_NO, JOIN_DATE, RECRUITMENT_NO, PARTICIPATION_COUNT) VALUES (10, SYSDATE, 9, 1);
INSERT INTO RECRUITMENT_PARTICIPANT (MEMBER_NO, JOIN_DATE, RECRUITMENT_NO, PARTICIPATION_COUNT) VALUES (11, SYSDATE, 10, 1);
INSERT INTO RECRUITMENT_PARTICIPANT (MEMBER_NO, JOIN_DATE, RECRUITMENT_NO, PARTICIPATION_COUNT) VALUES (12, SYSDATE, 11, 1);
INSERT INTO RECRUITMENT_PARTICIPANT (MEMBER_NO, JOIN_DATE, RECRUITMENT_NO, PARTICIPATION_COUNT) VALUES (13, SYSDATE, 12, 1);
INSERT INTO RECRUITMENT_PARTICIPANT (MEMBER_NO, JOIN_DATE, RECRUITMENT_NO, PARTICIPATION_COUNT) VALUES (19, SYSDATE, 13, 1);
INSERT INTO RECRUITMENT_PARTICIPANT (MEMBER_NO, JOIN_DATE, RECRUITMENT_NO, PARTICIPATION_COUNT) VALUES (14, SYSDATE, 14, 1);
INSERT INTO RECRUITMENT_PARTICIPANT (MEMBER_NO, JOIN_DATE, RECRUITMENT_NO, PARTICIPATION_COUNT) VALUES (8, SYSDATE, 15, 1);
INSERT INTO RECRUITMENT_PARTICIPANT (MEMBER_NO, JOIN_DATE, RECRUITMENT_NO, PARTICIPATION_COUNT) VALUES (9, SYSDATE, 16, 1);
INSERT INTO RECRUITMENT_PARTICIPANT (MEMBER_NO, JOIN_DATE, RECRUITMENT_NO, PARTICIPATION_COUNT) VALUES (10, SYSDATE, 17, 1);
INSERT INTO RECRUITMENT_PARTICIPANT (MEMBER_NO, JOIN_DATE, RECRUITMENT_NO, PARTICIPATION_COUNT) VALUES (11, SYSDATE, 18, 1);
INSERT INTO RECRUITMENT_PARTICIPANT (MEMBER_NO, JOIN_DATE, RECRUITMENT_NO, PARTICIPATION_COUNT) VALUES (12, SYSDATE, 19, 1);
INSERT INTO RECRUITMENT_PARTICIPANT (MEMBER_NO, JOIN_DATE, RECRUITMENT_NO, PARTICIPATION_COUNT) VALUES (13, SYSDATE, 20, 1);
-- 첫 번째 공동구매 참가자 (참가)
INSERT INTO RECRUITMENT_PARTICIPANT (MEMBER_NO, JOIN_DATE, RECRUITMENT_NO, PARTICIPATION_COUNT)
VALUES (2, SYSDATE, 1, 1);

-- 두 번째 공동구매 참가자 (참가)
INSERT INTO RECRUITMENT_PARTICIPANT (MEMBER_NO, JOIN_DATE, RECRUITMENT_NO, PARTICIPATION_COUNT)
VALUES (3, SYSDATE, 2, 1);

-- 세 번째 공동구매 참가자 (참가)
INSERT INTO RECRUITMENT_PARTICIPANT (MEMBER_NO, JOIN_DATE, RECRUITMENT_NO, PARTICIPATION_COUNT)
VALUES (4, SYSDATE, 3, 1);

-- 네 번째 공동구매 참가자 (참가)
INSERT INTO RECRUITMENT_PARTICIPANT (MEMBER_NO, JOIN_DATE, RECRUITMENT_NO, PARTICIPATION_COUNT)
VALUES (5, SYSDATE, 4, 1);

-- 다섯 번째 공동구매 참가자 (참가)
INSERT INTO RECRUITMENT_PARTICIPANT (MEMBER_NO, JOIN_DATE, RECRUITMENT_NO, PARTICIPATION_COUNT)
VALUES (6, SYSDATE, 5, 1);


-- 일곱 번째 공동구매 참가자 (참가)
INSERT INTO RECRUITMENT_PARTICIPANT (MEMBER_NO, JOIN_DATE, RECRUITMENT_NO, PARTICIPATION_COUNT)
VALUES (7, SYSDATE, 2, 1);

-- 여덟 번째 공동구매 참가자 (참가)
INSERT INTO RECRUITMENT_PARTICIPANT (MEMBER_NO, JOIN_DATE, RECRUITMENT_NO, PARTICIPATION_COUNT)
VALUES (8, SYSDATE, 3, 1);

-- 아홉 번째 공동구매 참가자 (참가)
INSERT INTO RECRUITMENT_PARTICIPANT (MEMBER_NO, JOIN_DATE, RECRUITMENT_NO, PARTICIPATION_COUNT)
VALUES (6, SYSDATE, 1, 1);
-- 아홉 번째 공동구매 참가자 (참가)
INSERT INTO RECRUITMENT_PARTICIPANT (MEMBER_NO, JOIN_DATE, RECRUITMENT_NO, PARTICIPATION_COUNT)
VALUES (7, SYSDATE, 1, 1);
-- 아홉 번째 공동구매 참가자 (참가)
INSERT INTO RECRUITMENT_PARTICIPANT (MEMBER_NO, JOIN_DATE, RECRUITMENT_NO, PARTICIPATION_COUNT)
VALUES (8, SYSDATE, 1, 1);

INSERT INTO RECRUITMENT_PARTICIPANT (MEMBER_NO, JOIN_DATE, RECRUITMENT_NO, PARTICIPATION_COUNT)
VALUES (3, SYSDATE, 8, 1);

INSERT INTO RECRUITMENT_PARTICIPANT (MEMBER_NO, JOIN_DATE, RECRUITMENT_NO, PARTICIPATION_COUNT)
VALUES (5, SYSDATE, 8, 1);

INSERT INTO RECRUITMENT_PARTICIPANT (MEMBER_NO, JOIN_DATE, RECRUITMENT_NO, PARTICIPATION_COUNT)
VALUES (7, SYSDATE, 9, 1);

INSERT INTO RECRUITMENT_PARTICIPANT (MEMBER_NO, JOIN_DATE, RECRUITMENT_NO, PARTICIPATION_COUNT)
VALUES (9, SYSDATE, 9, 1);

INSERT INTO RECRUITMENT_PARTICIPANT (MEMBER_NO, JOIN_DATE, RECRUITMENT_NO, PARTICIPATION_COUNT)
VALUES (13, SYSDATE, 10, 1);

INSERT INTO RECRUITMENT_PARTICIPANT (MEMBER_NO, JOIN_DATE, RECRUITMENT_NO, PARTICIPATION_COUNT)
VALUES (14, SYSDATE, 11, 1);

INSERT INTO RECRUITMENT_PARTICIPANT (MEMBER_NO, JOIN_DATE, RECRUITMENT_NO, PARTICIPATION_COUNT)
VALUES (15, SYSDATE, 6, 1);
INSERT INTO RECRUITMENT_PARTICIPANT (MEMBER_NO, JOIN_DATE, RECRUITMENT_NO, PARTICIPATION_COUNT)
VALUES (12, SYSDATE, 7, 1);
INSERT INTO RECRUITMENT_PARTICIPANT (MEMBER_NO, JOIN_DATE, RECRUITMENT_NO, PARTICIPATION_COUNT)
VALUES (10, SYSDATE, 6, 1);
INSERT INTO RECRUITMENT_PARTICIPANT (MEMBER_NO, JOIN_DATE, RECRUITMENT_NO, PARTICIPATION_COUNT)
VALUES (7, SYSDATE, 7, 1);
INSERT INTO RECRUITMENT_PARTICIPANT (MEMBER_NO, JOIN_DATE, RECRUITMENT_NO, PARTICIPATION_COUNT)
VALUES (4, SYSDATE, 12, 1);
INSERT INTO RECRUITMENT_PARTICIPANT (MEMBER_NO, JOIN_DATE, RECRUITMENT_NO, PARTICIPATION_COUNT)
VALUES (6, SYSDATE, 12, 1);
INSERT INTO RECRUITMENT_PARTICIPANT (MEMBER_NO, JOIN_DATE, RECRUITMENT_NO, PARTICIPATION_COUNT)
VALUES (5, SYSDATE, 13, 1);
INSERT INTO RECRUITMENT_PARTICIPANT (MEMBER_NO, JOIN_DATE, RECRUITMENT_NO, PARTICIPATION_COUNT)
VALUES (8, SYSDATE, 13, 1);
INSERT INTO RECRUITMENT_PARTICIPANT (MEMBER_NO, JOIN_DATE, RECRUITMENT_NO, PARTICIPATION_COUNT)
VALUES (2, SYSDATE, 14, 1);
INSERT INTO RECRUITMENT_PARTICIPANT (MEMBER_NO, JOIN_DATE, RECRUITMENT_NO, PARTICIPATION_COUNT)
VALUES (9, SYSDATE, 15, 1);
INSERT INTO RECRUITMENT_PARTICIPANT (MEMBER_NO, JOIN_DATE, RECRUITMENT_NO, PARTICIPATION_COUNT)
VALUES (10, SYSDATE, 15, 1);
INSERT INTO RECRUITMENT_PARTICIPANT (MEMBER_NO, JOIN_DATE, RECRUITMENT_NO, PARTICIPATION_COUNT)
VALUES (13, SYSDATE, 16, 1);
INSERT INTO RECRUITMENT_PARTICIPANT (MEMBER_NO, JOIN_DATE, RECRUITMENT_NO, PARTICIPATION_COUNT)
VALUES (12, SYSDATE, 16, 1);
INSERT INTO RECRUITMENT_PARTICIPANT (MEMBER_NO, JOIN_DATE, RECRUITMENT_NO, PARTICIPATION_COUNT) VALUES (21, SYSDATE, 19, 1);
INSERT INTO RECRUITMENT_PARTICIPANT (MEMBER_NO, JOIN_DATE, RECRUITMENT_NO, PARTICIPATION_COUNT) VALUES (10, SYSDATE, 20, 1);
INSERT INTO RECRUITMENT_PARTICIPANT (MEMBER_NO, JOIN_DATE, RECRUITMENT_NO, PARTICIPATION_COUNT) VALUES (18, SYSDATE, 18, 1);
INSERT INTO RECRUITMENT_PARTICIPANT (MEMBER_NO, JOIN_DATE, RECRUITMENT_NO, PARTICIPATION_COUNT) VALUES (17, SYSDATE, 20, 1);
INSERT INTO RECRUITMENT_PARTICIPANT (MEMBER_NO, JOIN_DATE, RECRUITMENT_NO, PARTICIPATION_COUNT) VALUES (21, SYSDATE, 17, 1);
INSERT INTO RECRUITMENT_PARTICIPANT (MEMBER_NO, JOIN_DATE, RECRUITMENT_NO, PARTICIPATION_COUNT) VALUES (20, SYSDATE, 17, 1);
INSERT INTO RECRUITMENT_PARTICIPANT (MEMBER_NO, JOIN_DATE, RECRUITMENT_NO, PARTICIPATION_COUNT) VALUES (23, SYSDATE, 17, 1);
INSERT INTO RECRUITMENT_PARTICIPANT (MEMBER_NO, JOIN_DATE, RECRUITMENT_NO, PARTICIPATION_COUNT) VALUES (13, SYSDATE, 19, 1);
INSERT INTO RECRUITMENT_PARTICIPANT (MEMBER_NO, JOIN_DATE, RECRUITMENT_NO, PARTICIPATION_COUNT) VALUES (20, SYSDATE, 20, 1);
INSERT INTO RECRUITMENT_PARTICIPANT (MEMBER_NO, JOIN_DATE, RECRUITMENT_NO, PARTICIPATION_COUNT) VALUES (21, SYSDATE, 18, 1);
INSERT INTO RECRUITMENT_PARTICIPANT (MEMBER_NO, JOIN_DATE, RECRUITMENT_NO, PARTICIPATION_COUNT) VALUES (8, SYSDATE, 17, 1);
INSERT INTO RECRUITMENT_PARTICIPANT (MEMBER_NO, JOIN_DATE, RECRUITMENT_NO, PARTICIPATION_COUNT) VALUES (22, SYSDATE, 18, 1);
INSERT INTO RECRUITMENT_PARTICIPANT (MEMBER_NO, JOIN_DATE, RECRUITMENT_NO, PARTICIPATION_COUNT) VALUES (13, SYSDATE, 18, 1);
INSERT INTO RECRUITMENT_PARTICIPANT (MEMBER_NO, JOIN_DATE, RECRUITMENT_NO, PARTICIPATION_COUNT) VALUES (22, SYSDATE, 17, 1);
INSERT INTO RECRUITMENT_PARTICIPANT (MEMBER_NO, JOIN_DATE, RECRUITMENT_NO, PARTICIPATION_COUNT) VALUES (15, SYSDATE, 18, 1);
INSERT INTO RECRUITMENT_PARTICIPANT (MEMBER_NO, JOIN_DATE, RECRUITMENT_NO, PARTICIPATION_COUNT) VALUES (18, SYSDATE, 20, 1);
INSERT INTO RECRUITMENT_PARTICIPANT (MEMBER_NO, JOIN_DATE, RECRUITMENT_NO, PARTICIPATION_COUNT) VALUES (12, SYSDATE, 18, 1);
INSERT INTO RECRUITMENT_PARTICIPANT (MEMBER_NO, JOIN_DATE, RECRUITMENT_NO, PARTICIPATION_COUNT) VALUES (18, SYSDATE, 17, 1);
INSERT INTO RECRUITMENT_PARTICIPANT (MEMBER_NO, JOIN_DATE, RECRUITMENT_NO, PARTICIPATION_COUNT) VALUES (12, SYSDATE, 17, 1);
INSERT INTO RECRUITMENT_PARTICIPANT (MEMBER_NO, JOIN_DATE, RECRUITMENT_NO, PARTICIPATION_COUNT) VALUES (15, SYSDATE, 20, 1);
INSERT INTO RECRUITMENT_PARTICIPANT (MEMBER_NO, JOIN_DATE, RECRUITMENT_NO, PARTICIPATION_COUNT) VALUES (10, SYSDATE, 18, 1);
INSERT INTO RECRUITMENT_PARTICIPANT (MEMBER_NO, JOIN_DATE, RECRUITMENT_NO, PARTICIPATION_COUNT) VALUES (16, SYSDATE, 17, 1);
INSERT INTO RECRUITMENT_PARTICIPANT (MEMBER_NO, JOIN_DATE, RECRUITMENT_NO, PARTICIPATION_COUNT) VALUES (13, SYSDATE, 17, 1);
INSERT INTO RECRUITMENT_PARTICIPANT (MEMBER_NO, JOIN_DATE, RECRUITMENT_NO, PARTICIPATION_COUNT) VALUES (11, SYSDATE, 17, 1);


-- 여섯 번째 공동구매 참가자 (참가 후 취소)
UPDATE RECRUITMENT_PARTICIPANT
SET CANCEL_DATE = SYSDATE
WHERE MEMBER_NO = 2 AND RECRUITMENT_NO = 1 AND CANCEL_DATE IS NULL;

-- 열 번째 공동구매 참가자 (참가 후 취소)
UPDATE RECRUITMENT_PARTICIPANT
SET CANCEL_DATE = SYSDATE
WHERE MEMBER_NO = 6 AND RECRUITMENT_NO = 5 AND CANCEL_DATE IS NULL;

-- 채팅방 데이터
-- 첫 번째 채팅방 (1:1 채팅)
INSERT INTO CHAT_ROOM (ROOM_NO, ROOM_NAME, GROUP_FL, CREATED_DATE, ROOM_DELETED_FL, OWNER_MEMBER_NO)
VALUES (1, '채팅방 1', 'N', SYSDATE, 'N', 2);

-- 두 번째 채팅방 (그룹 채팅)
INSERT INTO CHAT_ROOM (ROOM_NO, ROOM_NAME, GROUP_FL, CREATED_DATE, ROOM_DELETED_FL, OWNER_MEMBER_NO)
VALUES (2, '그룹 채팅방', 'Y', SYSDATE, 'N', 3);

-- 세 번째 채팅방 (그룹 채팅)
INSERT INTO CHAT_ROOM (ROOM_NO, ROOM_NAME, GROUP_FL, CREATED_DATE, ROOM_DELETED_FL, OWNER_MEMBER_NO)
VALUES (3, '그룹 채팅 1', 'Y', SYSDATE, 'N', 4);

-- 네 번째 채팅방 (1:1 채팅)
INSERT INTO CHAT_ROOM (ROOM_NO, ROOM_NAME, GROUP_FL, CREATED_DATE, ROOM_DELETED_FL, OWNER_MEMBER_NO)
VALUES (4, '채팅방 4', 'N', SYSDATE, 'N', 5);

-- 다섯 번째 채팅방 (그룹 채팅)
INSERT INTO CHAT_ROOM (ROOM_NO, ROOM_NAME, GROUP_FL, CREATED_DATE, ROOM_DELETED_FL, OWNER_MEMBER_NO)
VALUES (5, '그룹 채팅 2', 'Y', SYSDATE, 'N', 6);

-- 여섯 번째 채팅방 (1:1 채팅)
INSERT INTO CHAT_ROOM (ROOM_NO, ROOM_NAME, GROUP_FL, CREATED_DATE, ROOM_DELETED_FL, OWNER_MEMBER_NO)
VALUES (6, '채팅방 6', 'N', SYSDATE, 'N', 7);

-- 일곱 번째 채팅방 (그룹 채팅)
INSERT INTO CHAT_ROOM (ROOM_NO, ROOM_NAME, GROUP_FL, CREATED_DATE, ROOM_DELETED_FL, OWNER_MEMBER_NO)
VALUES (7, '그룹 채팅 3', 'Y', SYSDATE, 'N', 8);

-- 여덟 번째 채팅방 (1:1 채팅)
INSERT INTO CHAT_ROOM (ROOM_NO, ROOM_NAME, GROUP_FL, CREATED_DATE, ROOM_DELETED_FL, OWNER_MEMBER_NO)
VALUES (8, '채팅방 8', 'N', SYSDATE, 'N', 9);

-- 아홉 번째 채팅방 (그룹 채팅)
INSERT INTO CHAT_ROOM (ROOM_NO, ROOM_NAME, GROUP_FL, CREATED_DATE, ROOM_DELETED_FL, OWNER_MEMBER_NO)
VALUES (9, '그룹 채팅 4', 'Y', SYSDATE, 'N', 10);

-- 열 번째 채팅방 (그룹 채팅)
INSERT INTO CHAT_ROOM (ROOM_NO, ROOM_NAME, GROUP_FL, CREATED_DATE, ROOM_DELETED_FL, OWNER_MEMBER_NO)
VALUES (10, '그룹 채팅 5', 'Y', SYSDATE, 'N', 11);

-- 메시지 데이터
-- 첫 번째 채팅방 메시지 (1:1 채팅)
INSERT INTO CHAT_MESSAGE (MESSAGE_NO, MESSAGE_CONTENT, MESSAGE_TYPE, SEND_DATE, MESSAGE_DEL_FL, MEMBER_NO, ROOM_NO)
VALUES (1, '안녕하세요! 오늘은 어떻게 지내셨어요?', 'TEXT', SYSDATE, 'N', 2, 1);

-- 두 번째 메시지 (1:1 채팅)
INSERT INTO CHAT_MESSAGE (MESSAGE_NO, MESSAGE_CONTENT, MESSAGE_TYPE, SEND_DATE, MESSAGE_DEL_FL, MEMBER_NO, ROOM_NO)
VALUES (2, '안녕하세요! 오늘은 좀 바빴어요, 회의가 많았어요.', 'TEXT', SYSDATE, 'N', 3, 1);

-- 세 번째 메시지 (1:1 채팅)
INSERT INTO CHAT_MESSAGE (MESSAGE_NO, MESSAGE_CONTENT, MESSAGE_TYPE, SEND_DATE, MESSAGE_DEL_FL, MEMBER_NO, ROOM_NO)
VALUES (3, '그렇군요! 일이 많으셨겠어요. 끝나고 뭐 하셨어요?', 'TEXT', SYSDATE, 'N', 2, 1);

-- 네 번째 메시지 (1:1 채팅)
INSERT INTO CHAT_MESSAGE (MESSAGE_NO, MESSAGE_CONTENT, MESSAGE_TYPE, SEND_DATE, MESSAGE_DEL_FL, MEMBER_NO, ROOM_NO)
VALUES (4, '끝나고 친구랑 저녁 먹으러 갔어요. 😊', 'TEXT', SYSDATE, 'N', 3, 1);

-- 다섯 번째 메시지 (1:1 채팅)
INSERT INTO CHAT_MESSAGE (MESSAGE_NO, MESSAGE_CONTENT, MESSAGE_TYPE, SEND_DATE, MESSAGE_DEL_FL, MEMBER_NO, ROOM_NO)
VALUES (5, '저도 오랜만에 친구랑 만났어요. 피자 먹었어요. 🍕', 'TEXT', SYSDATE, 'N', 2, 1);

-- 첫 번째 그룹 채팅 메시지
INSERT INTO CHAT_MESSAGE (MESSAGE_NO, MESSAGE_CONTENT, MESSAGE_TYPE, SEND_DATE, MESSAGE_DEL_FL, MEMBER_NO, ROOM_NO)
VALUES (6, '모두 안녕하세요! 오늘 뭐 먹을까요?', 'TEXT', SYSDATE, 'N', 3, 2);

-- 두 번째 그룹 채팅 메시지
INSERT INTO CHAT_MESSAGE (MESSAGE_NO, MESSAGE_CONTENT, MESSAGE_TYPE, SEND_DATE, MESSAGE_DEL_FL, MEMBER_NO, ROOM_NO)
VALUES (7, '안녕하세요! 저는 피자가 먹고 싶어요. 🍕', 'TEXT', SYSDATE, 'N', 4, 2);

-- 세 번째 그룹 채팅 메시지
INSERT INTO CHAT_MESSAGE (MESSAGE_NO, MESSAGE_CONTENT, MESSAGE_TYPE, SEND_DATE, MESSAGE_DEL_FL, MEMBER_NO, ROOM_NO)
VALUES (8, '저도 피자 좋아요! 하지만 치킨도 좋지 않나요? 🍗', 'TEXT', SYSDATE, 'N', 5, 2);

-- 네 번째 그룹 채팅 메시지
INSERT INTO CHAT_MESSAGE (MESSAGE_NO, MESSAGE_CONTENT, MESSAGE_TYPE, SEND_DATE, MESSAGE_DEL_FL, MEMBER_NO, ROOM_NO)
VALUES (9, '치킨은 언제 먹어도 맛있죠! 어떤 종류로 할까요?', 'TEXT', SYSDATE, 'N', 6, 2);

-- 다섯 번째 그룹 채팅 메시지
INSERT INTO CHAT_MESSAGE (MESSAGE_NO, MESSAGE_CONTENT, MESSAGE_TYPE, SEND_DATE, MESSAGE_DEL_FL, MEMBER_NO, ROOM_NO)
VALUES (10, '핫윙! 매운 거 좋아해서요. 🔥', 'TEXT', SYSDATE, 'N', 3, 2);

-- 여섯 번째 그룹 채팅 메시지 (이모티콘 포함)
INSERT INTO CHAT_MESSAGE (MESSAGE_NO, MESSAGE_CONTENT, MESSAGE_TYPE, SEND_DATE, MESSAGE_DEL_FL, MEMBER_NO, ROOM_NO)
VALUES (11, '매운 거 좋다니까! 🔥🔥🔥', 'TEXT', SYSDATE, 'N', 4, 2);

-- 일곱 번째 그룹 채팅 메시지 (이미지 메시지)
INSERT INTO CHAT_MESSAGE (MESSAGE_NO, MESSAGE_CONTENT, MESSAGE_TYPE, SEND_DATE, MESSAGE_DEL_FL, MEMBER_NO, ROOM_NO)
VALUES (12, '여러분, 이 피자 사진 봐요! 🍕', 'IMAGE', SYSDATE, 'N', 5, 2);


-- 채팅 알림
-- 첫 번째 채팅방의 알림 (1:1 채팅, 읽지 않은 메시지 5개)
INSERT INTO CHAT_NOTIFICATION (NOTI_ID, UNREAD_COUNT, MEMBER_NO, MESSAGE_NO, ROOM_NO)
VALUES (1, 5, 2, 5, 1); -- 회원 2가 채팅방 1에서 마지막으로 읽지 않은 메시지 번호는 5번, 읽지 않은 메시지 5개

-- 두 번째 채팅방의 알림 (1:1 채팅, 읽지 않은 메시지 3개)
INSERT INTO CHAT_NOTIFICATION (NOTI_ID, UNREAD_COUNT, MEMBER_NO, MESSAGE_NO, ROOM_NO)
VALUES (2, 3, 3, 6, 1); -- 회원 3이 채팅방 1에서 마지막으로 읽지 않은 메시지 번호는 6번, 읽지 않은 메시지 3개

-- 세 번째 채팅방의 알림 (그룹 채팅, 읽지 않은 메시지 8개)
INSERT INTO CHAT_NOTIFICATION (NOTI_ID, UNREAD_COUNT, MEMBER_NO, MESSAGE_NO, ROOM_NO)
VALUES (3, 8, 4, 12, 2); -- 회원 4가 채팅방 2에서 마지막으로 읽지 않은 메시지 번호는 12번, 읽지 않은 메시지 8개

-- 네 번째 채팅방의 알림 (그룹 채팅, 읽지 않은 메시지 2개)
INSERT INTO CHAT_NOTIFICATION (NOTI_ID, UNREAD_COUNT, MEMBER_NO, MESSAGE_NO, ROOM_NO)
VALUES (4, 2, 5, 9, 2); -- 회원 5가 채팅방 2에서 마지막으로 읽지 않은 메시지 번호는 9번, 읽지 않은 메시지 2개

-- 다섯 번째 채팅방의 알림 (그룹 채팅, 읽지 않은 메시지 1개)
INSERT INTO CHAT_NOTIFICATION (NOTI_ID, UNREAD_COUNT, MEMBER_NO, MESSAGE_NO, ROOM_NO)
VALUES (5, 1, 6, 10, 2); -- 회원 6이 채팅방 2에서 마지막으로 읽지 않은 메시지 번호는 10번, 읽지 않은 메시지 1개

-- 채팅방 사용자 더미데이터
-- 첫 번째 채팅방 사용자 (1:1 채팅, 회원 2가 채팅방 1에 가입)
INSERT INTO CHAT_ROOM_USER (JOINED_DATE, MEMBER_NO, ROOM_NO)
VALUES (SYSDATE, 2, 1);

-- 두 번째 채팅방 사용자 (1:1 채팅, 회원 3이 채팅방 1에 가입)
INSERT INTO CHAT_ROOM_USER (JOINED_DATE, MEMBER_NO, ROOM_NO)
VALUES (SYSDATE, 3, 1);

-- 세 번째 채팅방 사용자 (그룹 채팅, 회원 4가 채팅방 2에 가입)
INSERT INTO CHAT_ROOM_USER (JOINED_DATE, MEMBER_NO, ROOM_NO)
VALUES (SYSDATE, 4, 2);

-- 네 번째 채팅방 사용자 (그룹 채팅, 회원 5가 채팅방 2에 가입)
INSERT INTO CHAT_ROOM_USER (JOINED_DATE, MEMBER_NO, ROOM_NO)
VALUES (SYSDATE, 5, 2);

-- 다섯 번째 채팅방 사용자 (그룹 채팅, 회원 6이 채팅방 2에 가입)
INSERT INTO CHAT_ROOM_USER (JOINED_DATE, MEMBER_NO, ROOM_NO)
VALUES (SYSDATE, 6, 2);

-- 여섯 번째 채팅방 사용자 (그룹 채팅, 회원 7이 채팅방 2에 가입)
INSERT INTO CHAT_ROOM_USER (JOINED_DATE, MEMBER_NO, ROOM_NO)
VALUES (SYSDATE, 7, 2);

-- 일곱 번째 채팅방 사용자 (그룹 채팅, 회원 8이 채팅방 2에 가입)
INSERT INTO CHAT_ROOM_USER (JOINED_DATE, MEMBER_NO, ROOM_NO)
VALUES (SYSDATE, 8, 2);

-- 여덟 번째 채팅방 사용자 (1:1 채팅, 회원 9가 채팅방 1에 가입)
INSERT INTO CHAT_ROOM_USER (JOINED_DATE, MEMBER_NO, ROOM_NO)
VALUES (SYSDATE, 9, 1);

-- 아홉 번째 채팅방 사용자 (1:1 채팅, 회원 10이 채팅방 1에 가입)
INSERT INTO CHAT_ROOM_USER (JOINED_DATE, MEMBER_NO, ROOM_NO)
VALUES (SYSDATE, 10, 1);

-- 이모티콘
-- 첫 번째 메시지에 포함된 이모티콘 (😊)
INSERT INTO CHAT_EMOJI (EMOJI_NO, MESSAGE_ID, EMOJI_CODE)
VALUES (1, 1, '😊');  -- 메시지 ID 1에 이모티콘 코드 😊

-- 두 번째 메시지에 포함된 이모티콘 (💯)
INSERT INTO CHAT_EMOJI (EMOJI_NO, MESSAGE_ID, EMOJI_CODE)
VALUES (2, 2, '💯');  -- 메시지 ID 2에 이모티콘 코드 💯

-- 세 번째 메시지에 포함된 이모티콘 (🔥)
INSERT INTO CHAT_EMOJI (EMOJI_NO, MESSAGE_ID, EMOJI_CODE)
VALUES (3, 3, '🔥');  -- 메시지 ID 3에 이모티콘 코드 🔥

-- 네 번째 메시지에 포함된 이모티콘 (😂)
INSERT INTO CHAT_EMOJI (EMOJI_NO, MESSAGE_ID, EMOJI_CODE)
VALUES (4, 4, '😂');  -- 메시지 ID 4에 이모티콘 코드 😂

-- 다섯 번째 메시지에 포함된 이모티콘 (🍕)
INSERT INTO CHAT_EMOJI (EMOJI_NO, MESSAGE_ID, EMOJI_CODE)
VALUES (5, 5, '🍕');  -- 메시지 ID 5에 이모티콘 코드 🍕

-- 여섯 번째 메시지에 포함된 이모티콘 (👍)
INSERT INTO CHAT_EMOJI (EMOJI_NO, MESSAGE_ID, EMOJI_CODE)
VALUES (6, 6, '👍');  -- 메시지 ID 6에 이모티콘 코드 👍

-- 일곱 번째 메시지에 포함된 이모티콘 (😎)
INSERT INTO CHAT_EMOJI (EMOJI_NO, MESSAGE_ID, EMOJI_CODE)
VALUES (7, 7, '😎');  -- 메시지 ID 7에 이모티콘 코드 😎

-- 여덟 번째 메시지에 포함된 이모티콘 (🥳)
INSERT INTO CHAT_EMOJI (EMOJI_NO, MESSAGE_ID, EMOJI_CODE)
VALUES (8, 8, '🥳');  -- 메시지 ID 8에 이모티콘 코드 🥳

-- 아홉 번째 메시지에 포함된 이모티콘 (🤩)
INSERT INTO CHAT_EMOJI (EMOJI_NO, MESSAGE_ID, EMOJI_CODE)
VALUES (9, 9, '🤩');  -- 메시지 ID 9에 이모티콘 코드 🤩

-- 열 번째 메시지에 포함된 이모티콘 (🚀)
INSERT INTO CHAT_EMOJI (EMOJI_NO, MESSAGE_ID, EMOJI_CODE)
VALUES (10, 10, '🚀');  -- 메시지 ID 10에 이모티콘 코드 🚀

-- 열한 번째 메시지에 포함된 이모티콘 (🌟)
INSERT INTO CHAT_EMOJI (EMOJI_NO, MESSAGE_ID, EMOJI_CODE)
VALUES (11, 11, '🌟');  -- 메시지 ID 11에 이모티콘 코드 🌟

-- 열두 번째 메시지에 포함된 이모티콘 (🎉)
INSERT INTO CHAT_EMOJI (EMOJI_NO, MESSAGE_ID, EMOJI_CODE)
VALUES (12, 1, '🎉');  -- 메시지 ID 12에 이모티콘 코드 🎉


-- 채팅 FAQ 
-- 첫 번째 질문 (공동구매는 어떻게 진행되나요?)
INSERT INTO CHAT_FAQ (FAQ_NO, FAQ_MENU, FAQ_MENU_ANSWER, ROOM_NO)
VALUES (1, '공동구매는 어떻게 진행되나요?', '공동구매는 모집 인원이 모이면 진행됩니다. 각 상품에 모집 신청 시, 참가자들은 정산 후 모집 완료 시 까지 대기합니다. 모집이 완료되면 모집장이 상품을 구매하고 분배가 시작됩니다.', 1);

-- 두 번째 질문 (배송은 언제 되나요?)
INSERT INTO CHAT_FAQ (FAQ_NO, FAQ_MENU, FAQ_MENU_ANSWER, ROOM_NO)
VALUES (2, '분배 언제 되나요?', '분배는 결제가 완료된 후, 2-3일 이내에 진행됩니다. 단, 지역에 기간이 달라질 수 있습니다.', 1);

-- 세 번째 질문 (최소 인원이 안 모이면 어떻게 되나요?)
INSERT INTO CHAT_FAQ (FAQ_NO, FAQ_MENU, FAQ_MENU_ANSWER, ROOM_NO)
VALUES (3, '최소 인원이 안 모이면 어떻게 되나요?', '최소 인원이 모이지 않으면, 공동구매는 자동 취소됩니다.', 1);

-- 네 번째 질문 (환불이나 취소가 가능한가요?)
INSERT INTO CHAT_FAQ (FAQ_NO, FAQ_MENU, FAQ_MENU_ANSWER, ROOM_NO)
VALUES (4, '환불이나 취소가 가능한가요?', '환불 및 취소는 모집장이 상품을 구매하기 전까지 가능하며, 구매 후에는 불가합니다.', 1);

-- 다섯 번째 질문 (결제는 언제 이루어지나요?)
INSERT INTO CHAT_FAQ (FAQ_NO, FAQ_MENU, FAQ_MENU_ANSWER, ROOM_NO)
VALUES (5, '결제는 언제 이루어지나요?', '결제는 공동구매 신청 시 진행됩니다. 결제 후 참가 완료 됩니다.', 1);

-- 신고 테이블 
-- 브랜드 상품 신고 (REPORT_TYPE = 1, BOARD_NO 사용)
INSERT INTO REPORT (REPORT_NO, REPORT_DETAIL, REPORT_TITLE, REPORT_DATE, REPORT_STATUS, REPORT_TYPE, REPORT_TYPE_NO,REPORT_M_REPLY, MEMBER_NO, REPORTED_USER_NO)
VALUES (SEQ_REPORT_NO.NEXTVAL, '상품 설명이 부적절합니다.', '상품 신고', SYSDATE, '대기', 1, 3,NULL, 2, 5);

INSERT INTO REPORT (REPORT_NO, REPORT_DETAIL, REPORT_TITLE, REPORT_DATE, REPORT_STATUS, REPORT_TYPE, REPORT_TYPE_NO,REPORT_M_REPLY, MEMBER_NO, REPORTED_USER_NO)
VALUES (SEQ_REPORT_NO.NEXTVAL, '거짓 정보 포함된 브랜드 상품', '상품 신고', SYSDATE, '처리 완료', 1, 19,NULL, 4, 7);

-- 개인 상품 신고 (REPORT_TYPE = 2, BOARD_NO 사용)
INSERT INTO REPORT (REPORT_NO, REPORT_DETAIL, REPORT_TITLE, REPORT_DATE, REPORT_STATUS, REPORT_TYPE, REPORT_TYPE_NO,REPORT_M_REPLY, MEMBER_NO, REPORTED_USER_NO)
VALUES (SEQ_REPORT_NO.NEXTVAL, '개인 판매자가 배송을 안 함', '배송 지연 신고', SYSDATE, '반려', 2, 56,NULL, 6, 9);

INSERT INTO REPORT (REPORT_NO, REPORT_DETAIL, REPORT_TITLE, REPORT_DATE, REPORT_STATUS, REPORT_TYPE, REPORT_TYPE_NO,REPORT_M_REPLY, MEMBER_NO, REPORTED_USER_NO)
VALUES (SEQ_REPORT_NO.NEXTVAL, '가격을 갑자기 변경', '가격 변경 신고', SYSDATE, '대기', 2, 60,NULL, 3, 12);

-- 댓글 신고 (REPORT_TYPE = 3, REPLY_NO 사용)
INSERT INTO REPORT (REPORT_NO, REPORT_DETAIL, REPORT_TITLE, REPORT_DATE, REPORT_STATUS, REPORT_TYPE, REPORT_TYPE_NO,REPORT_M_REPLY, MEMBER_NO, REPORTED_USER_NO)
VALUES (SEQ_REPORT_NO.NEXTVAL, '욕설이 포함된 댓글', '부적절한 댓글 신고', SYSDATE, '처리 완료', 3, 9,NULL, 9, 8);

INSERT INTO REPORT (REPORT_NO, REPORT_DETAIL, REPORT_TITLE, REPORT_DATE, REPORT_STATUS, REPORT_TYPE, REPORT_TYPE_NO,REPORT_M_REPLY, MEMBER_NO, REPORTED_USER_NO)
VALUES (SEQ_REPORT_NO.NEXTVAL, '차별적 발언이 포함됨', '비방 댓글 신고', SYSDATE, '대기', 3, 15,NULL, 10, 5);

-- 채팅 신고 (REPORT_TYPE = 4, ROOM_NO 사용)
INSERT INTO REPORT (REPORT_NO, REPORT_DETAIL, REPORT_TITLE, REPORT_DATE, REPORT_STATUS, REPORT_TYPE, REPORT_TYPE_NO,REPORT_M_REPLY, MEMBER_NO, REPORTED_USER_NO)
VALUES (SEQ_REPORT_NO.NEXTVAL, '채팅에서 욕설 사용', '부적절한 채팅 신고', SYSDATE, '반려', 4, 1,NULL, 7, 6);

INSERT INTO REPORT (REPORT_NO, REPORT_DETAIL, REPORT_TITLE, REPORT_DATE, REPORT_STATUS, REPORT_TYPE, REPORT_TYPE_NO,REPORT_M_REPLY, MEMBER_NO, REPORTED_USER_NO)
VALUES (SEQ_REPORT_NO.NEXTVAL, '채팅에서 불법 광고', '스팸 채팅 신고', SYSDATE, '처리 완료', 4, 2,NULL, 12, 3);

-- 리뷰 신고 (REPORT_TYPE = 5, REVIEW_NO 사용)
INSERT INTO REPORT (REPORT_NO, REPORT_DETAIL, REPORT_TITLE, REPORT_DATE, REPORT_STATUS, REPORT_TYPE, REPORT_TYPE_NO,REPORT_M_REPLY, MEMBER_NO, REPORTED_USER_NO)
VALUES (SEQ_REPORT_NO.NEXTVAL, '허위 리뷰 작성 의심됨', '리뷰 조작 신고', SYSDATE, '대기', 5, 1,NULL, 5, 11);

INSERT INTO REPORT (REPORT_NO, REPORT_DETAIL, REPORT_TITLE, REPORT_DATE, REPORT_STATUS, REPORT_TYPE, REPORT_TYPE_NO,REPORT_M_REPLY, MEMBER_NO, REPORTED_USER_NO)
VALUES (SEQ_REPORT_NO.NEXTVAL, '리뷰가 광고성 내용 포함', '스팸 리뷰 신고', SYSDATE, '처리 완료', 5, 6,NULL, 14, 2);

-- 추가 신고 (각 유형별 랜덤)
INSERT INTO REPORT (REPORT_NO, REPORT_DETAIL, REPORT_TITLE, REPORT_DATE, REPORT_STATUS, REPORT_TYPE, REPORT_TYPE_NO,REPORT_M_REPLY, MEMBER_NO, REPORTED_USER_NO)
VALUES (SEQ_REPORT_NO.NEXTVAL, '스마트 체중계 상품 설명이 부족함', '상품 신고', SYSDATE, '대기', 1, 48,NULL, 6, 10);

INSERT INTO REPORT (REPORT_NO, REPORT_DETAIL, REPORT_TITLE, REPORT_DATE, REPORT_STATUS, REPORT_TYPE, REPORT_TYPE_NO,REPORT_M_REPLY, MEMBER_NO, REPORTED_USER_NO)
VALUES (SEQ_REPORT_NO.NEXTVAL, '상품 정보가 잘못 입력됨', '상품 신고', SYSDATE, '반려', 1, 50,NULL, 8, 12);

INSERT INTO REPORT (REPORT_NO, REPORT_DETAIL, REPORT_TITLE, REPORT_DATE, REPORT_STATUS, REPORT_TYPE, REPORT_TYPE_NO,REPORT_M_REPLY, MEMBER_NO, REPORTED_USER_NO)
VALUES (SEQ_REPORT_NO.NEXTVAL, '배송이 너무 늦어요', '배송 문제 신고', SYSDATE, '처리 완료', 2, 57,NULL, 10, 4);

INSERT INTO REPORT (REPORT_NO, REPORT_DETAIL, REPORT_TITLE, REPORT_DATE, REPORT_STATUS, REPORT_TYPE, REPORT_TYPE_NO,REPORT_M_REPLY, MEMBER_NO, REPORTED_USER_NO)
VALUES (SEQ_REPORT_NO.NEXTVAL, '채팅에서 스팸 메시지 발생', '부적절한 채팅 신고', SYSDATE, '대기', 4, 1,NULL, 12, 6);

INSERT INTO REPORT (REPORT_NO, REPORT_DETAIL, REPORT_TITLE, REPORT_DATE, REPORT_STATUS, REPORT_TYPE, REPORT_TYPE_NO,REPORT_M_REPLY, MEMBER_NO, REPORTED_USER_NO)
VALUES (SEQ_REPORT_NO.NEXTVAL, '리뷰가 허위 정보 포함', '허위 리뷰 신고', SYSDATE, '대기', 5, 3,NULL, 8, 9);

INSERT INTO REPORT (REPORT_NO, REPORT_DETAIL, REPORT_TITLE, REPORT_DATE, REPORT_STATUS, REPORT_TYPE, REPORT_TYPE_NO,REPORT_M_REPLY, MEMBER_NO, REPORTED_USER_NO)
VALUES (SEQ_REPORT_NO.NEXTVAL, '상대방이 모욕적인 발언을 했습니다.', '댓글 신고', SYSDATE, '처리 완료', 3, 11,NULL, 14, 13);

INSERT INTO REPORT (REPORT_NO, REPORT_DETAIL, REPORT_TITLE, REPORT_DATE, REPORT_STATUS, REPORT_TYPE, REPORT_TYPE_NO,REPORT_M_REPLY, MEMBER_NO, REPORTED_USER_NO)
VALUES (SEQ_REPORT_NO.NEXTVAL, '브랜드 상품 광고가 과장됨', '과장 광고 신고', SYSDATE, '대기', 1, 62,NULL, 15, 9);

INSERT INTO REPORT (REPORT_NO, REPORT_DETAIL, REPORT_TITLE, REPORT_DATE, REPORT_STATUS, REPORT_TYPE, REPORT_TYPE_NO,REPORT_M_REPLY, MEMBER_NO, REPORTED_USER_NO)
VALUES (SEQ_REPORT_NO.NEXTVAL, '채팅 중 부적절한 행동', '부적절한 채팅 신고', SYSDATE, '반려', 4, 2,NULL, 7, 8);

INSERT INTO REPORT (REPORT_NO, REPORT_DETAIL, REPORT_TITLE, REPORT_DATE, REPORT_STATUS, REPORT_TYPE, REPORT_TYPE_NO, REPORT_M_REPLY, MEMBER_NO, REPORTED_USER_NO)
VALUES (19, '부적절한 언어 사용으로 신고되었습니다.', '부적절한 언어 사용', SYSDATE, '블랙', 4, 4, NULL, 3, 7);

INSERT INTO REPORT (REPORT_NO, REPORT_DETAIL, REPORT_TITLE, REPORT_DATE, REPORT_STATUS, REPORT_TYPE, REPORT_TYPE_NO, REPORT_M_REPLY, MEMBER_NO, REPORTED_USER_NO)
VALUES (20, '허위 정보를 제공한 게시글 신고', '허위 정보 제공', SYSDATE, '경고', 1, 2, NULL, 5, 9);

INSERT INTO REPORT (REPORT_NO, REPORT_DETAIL, REPORT_TITLE, REPORT_DATE, REPORT_STATUS, REPORT_TYPE, REPORT_TYPE_NO, REPORT_M_REPLY, MEMBER_NO, REPORTED_USER_NO)
VALUES (21, '스팸성 메시지를 지속적으로 전송함', '스팸 메시지 전송', SYSDATE, '블랙', 4, 4, NULL, 7, 11);

INSERT INTO REPORT (REPORT_NO, REPORT_DETAIL, REPORT_TITLE, REPORT_DATE, REPORT_STATUS, REPORT_TYPE, REPORT_TYPE_NO, REPORT_M_REPLY, MEMBER_NO, REPORTED_USER_NO)
VALUES (22, '악의적인 리뷰를 작성하여 타인의 평판을 훼손함', '악의적인 리뷰 작성', SYSDATE, '경고', 5, 5, NULL, 9, 13);

INSERT INTO REPORT (REPORT_NO, REPORT_DETAIL, REPORT_TITLE, REPORT_DATE, REPORT_STATUS, REPORT_TYPE, REPORT_TYPE_NO, REPORT_M_REPLY, MEMBER_NO, REPORTED_USER_NO)
VALUES (23, '특정 사용자를 지속적으로 괴롭힘', '다른 사용자를 괴롭힘', SYSDATE, '블랙', 3, 3, NULL, 11, 15);

INSERT INTO REPORT (REPORT_NO, REPORT_DETAIL, REPORT_TITLE, REPORT_DATE, REPORT_STATUS, REPORT_TYPE, REPORT_TYPE_NO, REPORT_M_REPLY, MEMBER_NO, REPORTED_USER_NO)
VALUES (24, '도배성 댓글을 작성하여 커뮤니티 운영을 방해함', '도배성 댓글 작성', SYSDATE, '경고', 3, 3, NULL, 13, 17);
SELECT * FROM img;

-- IMG 테이블 데이터 삽입
-- 상품 이미지
INSERT INTO IMG (IMG_NO, IMG_RENAME, IMG_PATH, IMG_ORIGINAL, IMG_LEVEL, IMG_TYPE, IMG_TYPE_NO)
VALUES (1, '3.png', '/resources/images/product/', '3.png', 0, 1, 3);

INSERT INTO IMG (IMG_NO, IMG_RENAME, IMG_PATH, IMG_ORIGINAL, IMG_LEVEL, IMG_TYPE, IMG_TYPE_NO)
VALUES (2, '4.jpg', '/resources/images/product/', '4.jpg', 0, 1, 4);

INSERT INTO IMG (IMG_NO, IMG_RENAME, IMG_PATH, IMG_ORIGINAL, IMG_LEVEL, IMG_TYPE, IMG_TYPE_NO)
VALUES (3, '19.jpg', '/resources/images/product/', '19.jpg', 0, 1, 19);

INSERT INTO IMG (IMG_NO, IMG_RENAME, IMG_PATH, IMG_ORIGINAL, IMG_LEVEL, IMG_TYPE, IMG_TYPE_NO)
VALUES (4, '20.jpg', '/resources/images/product/', '20.jpg', 0, 1, 20);

INSERT INTO IMG (IMG_NO, IMG_RENAME, IMG_PATH, IMG_ORIGINAL, IMG_LEVEL, IMG_TYPE, IMG_TYPE_NO)
VALUES (5, '42.png', '/resources/images/product/', '42.png', 0, 1, 42);

INSERT INTO IMG (IMG_NO, IMG_RENAME, IMG_PATH, IMG_ORIGINAL, IMG_LEVEL, IMG_TYPE, IMG_TYPE_NO)
VALUES (6, '43.jpg', '/resources/images/product/', '43.jpg', 0, 1, 43);

INSERT INTO IMG (IMG_NO, IMG_RENAME, IMG_PATH, IMG_ORIGINAL, IMG_LEVEL, IMG_TYPE, IMG_TYPE_NO)
VALUES (7, '44.jpg', '/resources/images/product/', '44.jpg', 0, 1, 44);

INSERT INTO IMG (IMG_NO, IMG_RENAME, IMG_PATH, IMG_ORIGINAL, IMG_LEVEL, IMG_TYPE, IMG_TYPE_NO)
VALUES (8, '45.jpg', '/resources/images/product/', '45.jpg', 0, 1, 45);

INSERT INTO IMG (IMG_NO, IMG_RENAME, IMG_PATH, IMG_ORIGINAL, IMG_LEVEL, IMG_TYPE, IMG_TYPE_NO)
VALUES (9, '46.jpg', '/resources/images/product/', '46.jpg', 0, 1, 46);

INSERT INTO IMG (IMG_NO, IMG_RENAME, IMG_PATH, IMG_ORIGINAL, IMG_LEVEL, IMG_TYPE, IMG_TYPE_NO)
VALUES (10, '47.jpg', '/resources/images/product/', '47.jpg', 0, 1, 47);

INSERT INTO IMG (IMG_NO, IMG_RENAME, IMG_PATH, IMG_ORIGINAL, IMG_LEVEL, IMG_TYPE, IMG_TYPE_NO)
VALUES (11, '48.jpg', '/resources/images/product/', '48.jpg', 0, 1, 48);

INSERT INTO IMG (IMG_NO, IMG_RENAME, IMG_PATH, IMG_ORIGINAL, IMG_LEVEL, IMG_TYPE, IMG_TYPE_NO)
VALUES (12, '49.jpg', '/resources/images/product/', '49.jpg', 0, 1, 49);

INSERT INTO IMG (IMG_NO, IMG_RENAME, IMG_PATH, IMG_ORIGINAL, IMG_LEVEL, IMG_TYPE, IMG_TYPE_NO)
VALUES (13, '50.jpg', '/resources/images/product/', '50.jpg', 0, 1, 50);

INSERT INTO IMG (IMG_NO, IMG_RENAME, IMG_PATH, IMG_ORIGINAL, IMG_LEVEL, IMG_TYPE, IMG_TYPE_NO)
VALUES (14, '51.jpg', '/resources/images/product/', '51.jpg', 0, 1, 51);

INSERT INTO IMG (IMG_NO, IMG_RENAME, IMG_PATH, IMG_ORIGINAL, IMG_LEVEL, IMG_TYPE, IMG_TYPE_NO)
VALUES (15, '52.jpg', '/resources/images/product/', '52.jpg', 0, 1, 52);

INSERT INTO IMG (IMG_NO, IMG_RENAME, IMG_PATH, IMG_ORIGINAL, IMG_LEVEL, IMG_TYPE, IMG_TYPE_NO)
VALUES (16, '53.jpg', '/resources/images/product/', '53.jpg', 0, 1, 53);

INSERT INTO IMG (IMG_NO, IMG_RENAME, IMG_PATH, IMG_ORIGINAL, IMG_LEVEL, IMG_TYPE, IMG_TYPE_NO)
VALUES (17, '54.jpg', '/resources/images/product/', '54.jpg', 0, 1, 54);

INSERT INTO IMG (IMG_NO, IMG_RENAME, IMG_PATH, IMG_ORIGINAL, IMG_LEVEL, IMG_TYPE, IMG_TYPE_NO)
VALUES (18, '55.jpg', '/resources/images/product/', '55.jpg', 0, 1, 55);

-- 공동구매 게시글 이미지 추가 (IMG_TYPE = 2)
INSERT INTO IMG (IMG_NO, IMG_RENAME, IMG_PATH, IMG_ORIGINAL, IMG_LEVEL, IMG_TYPE, IMG_TYPE_NO)
VALUES (19, '1.jpg', '/resources/images/product/', '1.jpg', 0, 2, 1);

INSERT INTO IMG (IMG_NO, IMG_RENAME, IMG_PATH, IMG_ORIGINAL, IMG_LEVEL, IMG_TYPE, IMG_TYPE_NO)
VALUES (20, '2.jpg', '/resources/images/product/', '2.jpg', 0, 2, 2);

INSERT INTO IMG (IMG_NO, IMG_RENAME, IMG_PATH, IMG_ORIGINAL, IMG_LEVEL, IMG_TYPE, IMG_TYPE_NO)
VALUES (21, '17.jpg', '/resources/images/product/', '17.jpg', 0, 2, 17);

INSERT INTO IMG (IMG_NO, IMG_RENAME, IMG_PATH, IMG_ORIGINAL, IMG_LEVEL, IMG_TYPE, IMG_TYPE_NO)
VALUES (22, '18.jpg', '/resources/images/product/', '18.jpg', 0, 2, 18);

INSERT INTO IMG (IMG_NO, IMG_RENAME, IMG_PATH, IMG_ORIGINAL, IMG_LEVEL, IMG_TYPE, IMG_TYPE_NO)
VALUES (23, '56.png', '/resources/images/product/', '56.png', 0, 2, 56);

INSERT INTO IMG (IMG_NO, IMG_RENAME, IMG_PATH, IMG_ORIGINAL, IMG_LEVEL, IMG_TYPE, IMG_TYPE_NO)
VALUES (24, '57.jpg', '/resources/images/product/', '57.jpg', 0, 2, 57);

INSERT INTO IMG (IMG_NO, IMG_RENAME, IMG_PATH, IMG_ORIGINAL, IMG_LEVEL, IMG_TYPE, IMG_TYPE_NO)
VALUES (25, '58.jpg', '/resources/images/product/', '58.jpg', 0, 2, 58);

INSERT INTO IMG (IMG_NO, IMG_RENAME, IMG_PATH, IMG_ORIGINAL, IMG_LEVEL, IMG_TYPE, IMG_TYPE_NO)
VALUES (26, '59.jpg', '/resources/images/product/', '59.jpg', 0, 2, 59);

INSERT INTO IMG (IMG_NO, IMG_RENAME, IMG_PATH, IMG_ORIGINAL, IMG_LEVEL, IMG_TYPE, IMG_TYPE_NO)
VALUES (27, '60.jpg', '/resources/images/product/', '60.jpg', 0, 2, 60);

INSERT INTO IMG (IMG_NO, IMG_RENAME, IMG_PATH, IMG_ORIGINAL, IMG_LEVEL, IMG_TYPE, IMG_TYPE_NO)
VALUES (28, '61.png', '/resources/images/product/', '61.png', 0, 2, 61);

INSERT INTO IMG (IMG_NO, IMG_RENAME, IMG_PATH, IMG_ORIGINAL, IMG_LEVEL, IMG_TYPE, IMG_TYPE_NO)
VALUES (29, '62.png', '/resources/images/product/', '62.png', 0, 2, 62);

INSERT INTO IMG (IMG_NO, IMG_RENAME, IMG_PATH, IMG_ORIGINAL, IMG_LEVEL, IMG_TYPE, IMG_TYPE_NO)
VALUES (30, '63.jpg', '/resources/images/product/', '63.jpg', 0, 2, 63);

INSERT INTO IMG (IMG_NO, IMG_RENAME, IMG_PATH, IMG_ORIGINAL, IMG_LEVEL, IMG_TYPE, IMG_TYPE_NO)
VALUES (31, '64.jpg', '/resources/images/product/', '64.jpg', 0, 2, 64);

INSERT INTO IMG (IMG_NO, IMG_RENAME, IMG_PATH, IMG_ORIGINAL, IMG_LEVEL, IMG_TYPE, IMG_TYPE_NO)
VALUES (32, '65.png', '/resources/images/product/', '65.png', 0, 2, 65);

INSERT INTO IMG (IMG_NO, IMG_RENAME, IMG_PATH, IMG_ORIGINAL, IMG_LEVEL, IMG_TYPE, IMG_TYPE_NO)
VALUES (33, '82.jpg', '/resources/images/product/', '82.jpg', 0, 2, 82);

INSERT INTO IMG (IMG_NO, IMG_RENAME, IMG_PATH, IMG_ORIGINAL, IMG_LEVEL, IMG_TYPE, IMG_TYPE_NO)
VALUES (34, '83.png', '/resources/images/product/', '83.png', 0, 2, 83);

INSERT INTO IMG (IMG_NO, IMG_RENAME, IMG_PATH, IMG_ORIGINAL, IMG_LEVEL, IMG_TYPE, IMG_TYPE_NO)
VALUES (35, '84.jpg', '/resources/images/product/', '84.jpg', 0, 2, 84);

INSERT INTO IMG (IMG_NO, IMG_RENAME, IMG_PATH, IMG_ORIGINAL, IMG_LEVEL, IMG_TYPE, IMG_TYPE_NO)
VALUES (36, '85.png', '/resources/images/product/', '85.png', 0, 2, 85);

INSERT INTO IMG (IMG_NO, IMG_RENAME, IMG_PATH, IMG_ORIGINAL, IMG_LEVEL, IMG_TYPE, IMG_TYPE_NO)
VALUES (37, '86.jpg', '/resources/images/product/', '86.jpg', 0, 2, 86);

INSERT INTO IMG (IMG_NO, IMG_RENAME, IMG_PATH, IMG_ORIGINAL, IMG_LEVEL, IMG_TYPE, IMG_TYPE_NO)
VALUES (38, '87.png', '/resources/images/product/', '87.png', 0, 2, 87);

-- 메인 페이지 배너 /* IMG_TYPE_NO = 1*/
INSERT INTO IMG (IMG_NO, IMG_RENAME, IMG_PATH, IMG_ORIGINAL, IMG_LEVEL, IMG_TYPE, IMG_TYPE_NO)
VALUES(39, 'main-top banner5.png', '/resources/images/image-manager/', 'main-top banner5.png', 0, 6 , 1); 

-- 개인 페이지 배너 /* IMG_TYPE_NO = 2*/
INSERT INTO IMG (IMG_NO, IMG_RENAME, IMG_PATH, IMG_ORIGINAL, IMG_LEVEL, IMG_TYPE, IMG_TYPE_NO)
VALUES(40, 'main-top banner1.png', '/resources/images/image-manager/', 'main-top banner1.png', 0, 6 , 2); 
INSERT INTO IMG (IMG_NO, IMG_RENAME, IMG_PATH, IMG_ORIGINAL, IMG_LEVEL, IMG_TYPE, IMG_TYPE_NO)
VALUES(41, 'main-top banner2.png', '/resources/images/image-manager/', 'main-top banner2.png', 1, 6 , 2); 
INSERT INTO IMG (IMG_NO, IMG_RENAME, IMG_PATH, IMG_ORIGINAL, IMG_LEVEL, IMG_TYPE, IMG_TYPE_NO)
VALUES(42, 'main-top banner6.png', '/resources/images/image-manager/', 'main-top banner6.png', 2, 6 , 2); 

-- 브랜드 페이지 배너 /* IMG_TYPE_NO = 3*/
INSERT INTO IMG (IMG_NO, IMG_RENAME, IMG_PATH, IMG_ORIGINAL, IMG_LEVEL, IMG_TYPE, IMG_TYPE_NO)
VALUES(43, 'main-top banner4.png', '/resources/images/image-manager/', 'main-top banner4.png', 0, 6 , 3); 
INSERT INTO IMG (IMG_NO, IMG_RENAME, IMG_PATH, IMG_ORIGINAL, IMG_LEVEL, IMG_TYPE, IMG_TYPE_NO)
VALUES(44, 'main-top banner3.png', '/resources/images/image-manager/', 'main-top banner3.png', 1, 6 , 3);

-- 상품 IMG_LEVEL 1,2인 더미데이터
INSERT INTO IMG (IMG_NO, IMG_RENAME, IMG_PATH, IMG_ORIGINAL, IMG_LEVEL, IMG_TYPE, IMG_TYPE_NO)
VALUES (45, '87.png', '/resources/images/product/', '87.png', 1, 2, 87);
INSERT INTO IMG (IMG_NO, IMG_RENAME, IMG_PATH, IMG_ORIGINAL, IMG_LEVEL, IMG_TYPE, IMG_TYPE_NO)
VALUES (46, '87.png', '/resources/images/product/', '87.png', 2, 2, 87);

INSERT INTO IMG (IMG_NO, IMG_RENAME, IMG_PATH, IMG_ORIGINAL, IMG_LEVEL, IMG_TYPE, IMG_TYPE_NO)
VALUES (47, '86.jpg', '/resources/images/product/', '86.jpg', 1, 2, 86);
INSERT INTO IMG (IMG_NO, IMG_RENAME, IMG_PATH, IMG_ORIGINAL, IMG_LEVEL, IMG_TYPE, IMG_TYPE_NO)
VALUES (48, '86.jpg', '/resources/images/product/', '86.jpg', 2, 2, 86);

INSERT INTO IMG (IMG_NO, IMG_RENAME, IMG_PATH, IMG_ORIGINAL, IMG_LEVEL, IMG_TYPE, IMG_TYPE_NO)
VALUES (49, '85.png', '/resources/images/product/', '85.png', 1, 2, 85);
INSERT INTO IMG (IMG_NO, IMG_RENAME, IMG_PATH, IMG_ORIGINAL, IMG_LEVEL, IMG_TYPE, IMG_TYPE_NO)
VALUES (50, '85.png', '/resources/images/product/', '85.png', 2, 2, 85);

INSERT INTO IMG (IMG_NO, IMG_RENAME, IMG_PATH, IMG_ORIGINAL, IMG_LEVEL, IMG_TYPE, IMG_TYPE_NO)
VALUES (51, '84.jpg', '/resources/images/product/', '84.jpg', 1, 2, 84);
INSERT INTO IMG (IMG_NO, IMG_RENAME, IMG_PATH, IMG_ORIGINAL, IMG_LEVEL, IMG_TYPE, IMG_TYPE_NO)
VALUES (52, '84.jpg', '/resources/images/product/', '84.jpg', 2, 2, 84);

INSERT INTO IMG (IMG_NO, IMG_RENAME, IMG_PATH, IMG_ORIGINAL, IMG_LEVEL, IMG_TYPE, IMG_TYPE_NO)
VALUES (53, '83.png', '/resources/images/product/', '83.png', 1, 2, 83);
INSERT INTO IMG (IMG_NO, IMG_RENAME, IMG_PATH, IMG_ORIGINAL, IMG_LEVEL, IMG_TYPE, IMG_TYPE_NO)
VALUES (54, '83.png', '/resources/images/product/', '83.png', 2, 2, 83);

INSERT INTO IMG (IMG_NO, IMG_RENAME, IMG_PATH, IMG_ORIGINAL, IMG_LEVEL, IMG_TYPE, IMG_TYPE_NO)
VALUES (55, '82.jpg', '/resources/images/product/', '82.jpg', 1, 2, 82);
INSERT INTO IMG (IMG_NO, IMG_RENAME, IMG_PATH, IMG_ORIGINAL, IMG_LEVEL, IMG_TYPE, IMG_TYPE_NO)
VALUES (56, '82.jpg', '/resources/images/product/', '82.jpg', 2, 2, 82);

INSERT INTO IMG (IMG_NO, IMG_RENAME, IMG_PATH, IMG_ORIGINAL, IMG_LEVEL, IMG_TYPE, IMG_TYPE_NO)
VALUES (57, '65.png', '/resources/images/product/', '65.png', 1, 2, 65);
INSERT INTO IMG (IMG_NO, IMG_RENAME, IMG_PATH, IMG_ORIGINAL, IMG_LEVEL, IMG_TYPE, IMG_TYPE_NO)
VALUES (58, '65.png', '/resources/images/product/', '65.png', 2, 2, 65);

INSERT INTO IMG (IMG_NO, IMG_RENAME, IMG_PATH, IMG_ORIGINAL, IMG_LEVEL, IMG_TYPE, IMG_TYPE_NO)
VALUES (59, '64.jpg', '/resources/images/product/', '64.jpg', 1, 2, 64);
INSERT INTO IMG (IMG_NO, IMG_RENAME, IMG_PATH, IMG_ORIGINAL, IMG_LEVEL, IMG_TYPE, IMG_TYPE_NO)
VALUES (60, '64.jpg', '/resources/images/product/', '64.jpg', 2, 2, 64);

INSERT INTO IMG (IMG_NO, IMG_RENAME, IMG_PATH, IMG_ORIGINAL, IMG_LEVEL, IMG_TYPE, IMG_TYPE_NO)
VALUES (61, '63.jpg', '/resources/images/product/', '63.jpg', 1, 2, 63);
INSERT INTO IMG (IMG_NO, IMG_RENAME, IMG_PATH, IMG_ORIGINAL, IMG_LEVEL, IMG_TYPE, IMG_TYPE_NO)
VALUES (62, '63.jpg', '/resources/images/product/', '63.jpg', 2, 2, 63);

INSERT INTO IMG (IMG_NO, IMG_RENAME, IMG_PATH, IMG_ORIGINAL, IMG_LEVEL, IMG_TYPE, IMG_TYPE_NO)
VALUES (63, '62.png', '/resources/images/product/', '62.png', 1, 2, 62);
INSERT INTO IMG (IMG_NO, IMG_RENAME, IMG_PATH, IMG_ORIGINAL, IMG_LEVEL, IMG_TYPE, IMG_TYPE_NO)
VALUES (64, '62.png', '/resources/images/product/', '62.png', 2, 2, 62);

INSERT INTO IMG (IMG_NO, IMG_RENAME, IMG_PATH, IMG_ORIGINAL, IMG_LEVEL, IMG_TYPE, IMG_TYPE_NO)
VALUES (65, '61.png', '/resources/images/product/', '61.png', 1, 2, 61);
INSERT INTO IMG (IMG_NO, IMG_RENAME, IMG_PATH, IMG_ORIGINAL, IMG_LEVEL, IMG_TYPE, IMG_TYPE_NO)
VALUES (66, '61.png', '/resources/images/product/', '61.png', 2, 2, 61);

INSERT INTO IMG (IMG_NO, IMG_RENAME, IMG_PATH, IMG_ORIGINAL, IMG_LEVEL, IMG_TYPE, IMG_TYPE_NO)
VALUES (67, '60.jpg', '/resources/images/product/', '60.jpg', 1, 2, 60);
INSERT INTO IMG (IMG_NO, IMG_RENAME, IMG_PATH, IMG_ORIGINAL, IMG_LEVEL, IMG_TYPE, IMG_TYPE_NO)
VALUES (68, '60.jpg', '/resources/images/product/', '60.jpg', 2, 2, 60);

INSERT INTO IMG (IMG_NO, IMG_RENAME, IMG_PATH, IMG_ORIGINAL, IMG_LEVEL, IMG_TYPE, IMG_TYPE_NO)
VALUES (69, '59.jpg', '/resources/images/product/', '59.jpg', 1, 2, 59);
INSERT INTO IMG (IMG_NO, IMG_RENAME, IMG_PATH, IMG_ORIGINAL, IMG_LEVEL, IMG_TYPE, IMG_TYPE_NO)
VALUES (70, '59.jpg', '/resources/images/product/', '59.jpg', 2, 2, 59);

INSERT INTO IMG (IMG_NO, IMG_RENAME, IMG_PATH, IMG_ORIGINAL, IMG_LEVEL, IMG_TYPE, IMG_TYPE_NO)
VALUES (71, '58.jpg', '/resources/images/product/', '58.jpg', 1, 2, 58);
INSERT INTO IMG (IMG_NO, IMG_RENAME, IMG_PATH, IMG_ORIGINAL, IMG_LEVEL, IMG_TYPE, IMG_TYPE_NO)
VALUES (72, '58.jpg', '/resources/images/product/', '58.jpg', 2, 2, 58);


INSERT INTO IMG (IMG_NO, IMG_RENAME, IMG_PATH, IMG_ORIGINAL, IMG_LEVEL, IMG_TYPE, IMG_TYPE_NO)
VALUES (73, '57.jpg', '/resources/images/product/', '57.jpg', 1, 2, 57);
INSERT INTO IMG (IMG_NO, IMG_RENAME, IMG_PATH, IMG_ORIGINAL, IMG_LEVEL, IMG_TYPE, IMG_TYPE_NO)
VALUES (74, '57.jpg', '/resources/images/product/', '57.jpg', 2, 2, 57);

INSERT INTO IMG (IMG_NO, IMG_RENAME, IMG_PATH, IMG_ORIGINAL, IMG_LEVEL, IMG_TYPE, IMG_TYPE_NO)
VALUES (75, '56.png', '/resources/images/product/', '56.png', 1, 2, 56);
INSERT INTO IMG (IMG_NO, IMG_RENAME, IMG_PATH, IMG_ORIGINAL, IMG_LEVEL, IMG_TYPE, IMG_TYPE_NO)
VALUES (76, '56.png', '/resources/images/product/', '56.png', 2, 2, 56);

INSERT INTO IMG (IMG_NO, IMG_RENAME, IMG_PATH, IMG_ORIGINAL, IMG_LEVEL, IMG_TYPE, IMG_TYPE_NO)
VALUES (77, '18.jpg', '/resources/images/product/', '18.jpg', 1, 2, 18);
INSERT INTO IMG (IMG_NO, IMG_RENAME, IMG_PATH, IMG_ORIGINAL, IMG_LEVEL, IMG_TYPE, IMG_TYPE_NO)
VALUES (78, '18.jpg', '/resources/images/product/', '18.jpg', 2, 2, 18);

INSERT INTO IMG (IMG_NO, IMG_RENAME, IMG_PATH, IMG_ORIGINAL, IMG_LEVEL, IMG_TYPE, IMG_TYPE_NO)
VALUES (79, '17.jpg', '/resources/images/product/', '17.jpg', 1, 2, 17);
INSERT INTO IMG (IMG_NO, IMG_RENAME, IMG_PATH, IMG_ORIGINAL, IMG_LEVEL, IMG_TYPE, IMG_TYPE_NO)
VALUES (80, '17.jpg', '/resources/images/product/', '17.jpg', 2, 2, 17);

INSERT INTO IMG (IMG_NO, IMG_RENAME, IMG_PATH, IMG_ORIGINAL, IMG_LEVEL, IMG_TYPE, IMG_TYPE_NO)
VALUES (81, '2.jpg', '/resources/images/product/', '2.jpg', 1, 2, 2);
INSERT INTO IMG (IMG_NO, IMG_RENAME, IMG_PATH, IMG_ORIGINAL, IMG_LEVEL, IMG_TYPE, IMG_TYPE_NO)
VALUES (82, '2.jpg', '/resources/images/product/', '2.jpg', 2, 2, 2);

INSERT INTO IMG (IMG_NO, IMG_RENAME, IMG_PATH, IMG_ORIGINAL, IMG_LEVEL, IMG_TYPE, IMG_TYPE_NO)
VALUES (83, '1.jpg', '/resources/images/product/', '1.jpg', 1, 2, 1);
INSERT INTO IMG (IMG_NO, IMG_RENAME, IMG_PATH, IMG_ORIGINAL, IMG_LEVEL, IMG_TYPE, IMG_TYPE_NO)
VALUES (84, '1.jpg', '/resources/images/product/', '1.jpg', 2, 2, 1);

INSERT INTO IMG (IMG_NO, IMG_RENAME, IMG_PATH, IMG_ORIGINAL, IMG_LEVEL, IMG_TYPE, IMG_TYPE_NO)
VALUES (85, '3.png', '/resources/images/product/', '3.png', 1, 1, 3);
INSERT INTO IMG (IMG_NO, IMG_RENAME, IMG_PATH, IMG_ORIGINAL, IMG_LEVEL, IMG_TYPE, IMG_TYPE_NO)
VALUES (86, '3.png', '/resources/images/product/', '3.png', 2, 1, 3);

INSERT INTO IMG (IMG_NO, IMG_RENAME, IMG_PATH, IMG_ORIGINAL, IMG_LEVEL, IMG_TYPE, IMG_TYPE_NO)
VALUES (87, '4.jpg', '/resources/images/product/', '4.jpg', 1, 1, 4);
INSERT INTO IMG (IMG_NO, IMG_RENAME, IMG_PATH, IMG_ORIGINAL, IMG_LEVEL, IMG_TYPE, IMG_TYPE_NO)
VALUES (88, '4.jpg', '/resources/images/product/', '4.jpg', 2, 1, 4);

INSERT INTO IMG (IMG_NO, IMG_RENAME, IMG_PATH, IMG_ORIGINAL, IMG_LEVEL, IMG_TYPE, IMG_TYPE_NO)
VALUES (89, '19.jpg', '/resources/images/product/', '19.jpg', 1, 1, 19);
INSERT INTO IMG (IMG_NO, IMG_RENAME, IMG_PATH, IMG_ORIGINAL, IMG_LEVEL, IMG_TYPE, IMG_TYPE_NO)
VALUES (90, '19.jpg', '/resources/images/product/', '19.jpg', 2, 1, 19);

INSERT INTO IMG (IMG_NO, IMG_RENAME, IMG_PATH, IMG_ORIGINAL, IMG_LEVEL, IMG_TYPE, IMG_TYPE_NO)
VALUES (91, '20.jpg', '/resources/images/product/', '20.jpg', 1, 1, 20);
INSERT INTO IMG (IMG_NO, IMG_RENAME, IMG_PATH, IMG_ORIGINAL, IMG_LEVEL, IMG_TYPE, IMG_TYPE_NO)
VALUES (92, '20.jpg', '/resources/images/product/', '20.jpg', 2, 1, 20);

INSERT INTO IMG (IMG_NO, IMG_RENAME, IMG_PATH, IMG_ORIGINAL, IMG_LEVEL, IMG_TYPE, IMG_TYPE_NO)
VALUES (93, '42.png', '/resources/images/product/', '42.png', 1, 1, 42);
INSERT INTO IMG (IMG_NO, IMG_RENAME, IMG_PATH, IMG_ORIGINAL, IMG_LEVEL, IMG_TYPE, IMG_TYPE_NO)
VALUES (94, '42.png', '/resources/images/product/', '42.png', 2, 1, 42);

INSERT INTO IMG (IMG_NO, IMG_RENAME, IMG_PATH, IMG_ORIGINAL, IMG_LEVEL, IMG_TYPE, IMG_TYPE_NO)
VALUES (95, '43.jpg', '/resources/images/product/', '43.jpg', 1, 1, 43);
INSERT INTO IMG (IMG_NO, IMG_RENAME, IMG_PATH, IMG_ORIGINAL, IMG_LEVEL, IMG_TYPE, IMG_TYPE_NO)
VALUES (96, '43.jpg', '/resources/images/product/', '43.jpg', 2, 1, 43);

INSERT INTO IMG (IMG_NO, IMG_RENAME, IMG_PATH, IMG_ORIGINAL, IMG_LEVEL, IMG_TYPE, IMG_TYPE_NO)
VALUES (97, '44.jpg', '/resources/images/product/', '44.jpg', 1, 1, 44);
INSERT INTO IMG (IMG_NO, IMG_RENAME, IMG_PATH, IMG_ORIGINAL, IMG_LEVEL, IMG_TYPE, IMG_TYPE_NO)
VALUES (98, '44.jpg', '/resources/images/product/', '44.jpg', 2, 1, 44);

INSERT INTO IMG (IMG_NO, IMG_RENAME, IMG_PATH, IMG_ORIGINAL, IMG_LEVEL, IMG_TYPE, IMG_TYPE_NO)
VALUES (99, '45.jpg', '/resources/images/product/', '45.jpg', 1, 1, 45);
INSERT INTO IMG (IMG_NO, IMG_RENAME, IMG_PATH, IMG_ORIGINAL, IMG_LEVEL, IMG_TYPE, IMG_TYPE_NO)
VALUES (100, '45.jpg', '/resources/images/product/', '45.jpg', 2, 1, 45);

INSERT INTO IMG (IMG_NO, IMG_RENAME, IMG_PATH, IMG_ORIGINAL, IMG_LEVEL, IMG_TYPE, IMG_TYPE_NO)
VALUES (101, '46.jpg', '/resources/images/product/', '46.jpg', 1, 1, 46);
INSERT INTO IMG (IMG_NO, IMG_RENAME, IMG_PATH, IMG_ORIGINAL, IMG_LEVEL, IMG_TYPE, IMG_TYPE_NO)
VALUES (102, '46.jpg', '/resources/images/product/', '46.jpg', 2, 1, 46);

INSERT INTO IMG (IMG_NO, IMG_RENAME, IMG_PATH, IMG_ORIGINAL, IMG_LEVEL, IMG_TYPE, IMG_TYPE_NO)
VALUES (103, '47.jpg', '/resources/images/product/', '47.jpg', 1, 1, 47);
INSERT INTO IMG (IMG_NO, IMG_RENAME, IMG_PATH, IMG_ORIGINAL, IMG_LEVEL, IMG_TYPE, IMG_TYPE_NO)
VALUES (104, '47.jpg', '/resources/images/product/', '47.jpg', 2, 1, 47);

INSERT INTO IMG (IMG_NO, IMG_RENAME, IMG_PATH, IMG_ORIGINAL, IMG_LEVEL, IMG_TYPE, IMG_TYPE_NO)
VALUES (105, '48.jpg', '/resources/images/product/', '48.jpg', 1, 1, 48);
INSERT INTO IMG (IMG_NO, IMG_RENAME, IMG_PATH, IMG_ORIGINAL, IMG_LEVEL, IMG_TYPE, IMG_TYPE_NO)
VALUES (106, '48.jpg', '/resources/images/product/', '48.jpg', 2, 1, 48);

INSERT INTO IMG (IMG_NO, IMG_RENAME, IMG_PATH, IMG_ORIGINAL, IMG_LEVEL, IMG_TYPE, IMG_TYPE_NO)
VALUES (107, '49.jpg', '/resources/images/product/', '49.jpg', 1, 1, 49);
INSERT INTO IMG (IMG_NO, IMG_RENAME, IMG_PATH, IMG_ORIGINAL, IMG_LEVEL, IMG_TYPE, IMG_TYPE_NO)
VALUES (108, '49.jpg', '/resources/images/product/', '49.jpg', 2, 1, 49);

INSERT INTO IMG (IMG_NO, IMG_RENAME, IMG_PATH, IMG_ORIGINAL, IMG_LEVEL, IMG_TYPE, IMG_TYPE_NO)
VALUES (109, '50.jpg', '/resources/images/product/', '50.jpg', 1, 1, 50);
INSERT INTO IMG (IMG_NO, IMG_RENAME, IMG_PATH, IMG_ORIGINAL, IMG_LEVEL, IMG_TYPE, IMG_TYPE_NO)
VALUES (110, '50.jpg', '/resources/images/product/', '50.jpg', 2, 1, 50);

INSERT INTO IMG (IMG_NO, IMG_RENAME, IMG_PATH, IMG_ORIGINAL, IMG_LEVEL, IMG_TYPE, IMG_TYPE_NO)
VALUES (111, '51.jpg', '/resources/images/product/', '51.jpg', 1, 1, 51);
INSERT INTO IMG (IMG_NO, IMG_RENAME, IMG_PATH, IMG_ORIGINAL, IMG_LEVEL, IMG_TYPE, IMG_TYPE_NO)
VALUES (112, '51.jpg', '/resources/images/product/', '51.jpg', 2, 1, 51);

INSERT INTO IMG (IMG_NO, IMG_RENAME, IMG_PATH, IMG_ORIGINAL, IMG_LEVEL, IMG_TYPE, IMG_TYPE_NO)
VALUES (113, '52.jpg', '/resources/images/product/', '52.jpg', 1, 1, 52);
INSERT INTO IMG (IMG_NO, IMG_RENAME, IMG_PATH, IMG_ORIGINAL, IMG_LEVEL, IMG_TYPE, IMG_TYPE_NO)
VALUES (114, '52.jpg', '/resources/images/product/', '52.jpg', 2, 1, 52);

INSERT INTO IMG (IMG_NO, IMG_RENAME, IMG_PATH, IMG_ORIGINAL, IMG_LEVEL, IMG_TYPE, IMG_TYPE_NO)
VALUES (115, '53.jpg', '/resources/images/product/', '53.jpg', 1, 1, 53);
INSERT INTO IMG (IMG_NO, IMG_RENAME, IMG_PATH, IMG_ORIGINAL, IMG_LEVEL, IMG_TYPE, IMG_TYPE_NO)
VALUES (116, '53.jpg', '/resources/images/product/', '53.jpg', 2, 1, 53);

INSERT INTO IMG (IMG_NO, IMG_RENAME, IMG_PATH, IMG_ORIGINAL, IMG_LEVEL, IMG_TYPE, IMG_TYPE_NO)
VALUES (117, '54.jpg', '/resources/images/product/', '54.jpg', 1, 1, 54);
INSERT INTO IMG (IMG_NO, IMG_RENAME, IMG_PATH, IMG_ORIGINAL, IMG_LEVEL, IMG_TYPE, IMG_TYPE_NO)
VALUES (118, '54.jpg', '/resources/images/product/', '54.jpg', 2, 1, 54);

INSERT INTO IMG (IMG_NO, IMG_RENAME, IMG_PATH, IMG_ORIGINAL, IMG_LEVEL, IMG_TYPE, IMG_TYPE_NO)
VALUES (119, '55.jpg', '/resources/images/product/', '55.jpg', 1, 1, 55);
INSERT INTO IMG (IMG_NO, IMG_RENAME, IMG_PATH, IMG_ORIGINAL, IMG_LEVEL, IMG_TYPE, IMG_TYPE_NO)
VALUES (120, '55.jpg', '/resources/images/product/', '55.jpg', 2, 1, 55);

-- 브랜드 리뷰 이미지 INSERT
INSERT INTO IMG (IMG_NO, IMG_RENAME, IMG_PATH, IMG_ORIGINAL, IMG_LEVEL, IMG_TYPE, IMG_TYPE_NO)
VALUES (121, '3.png', '/resources/images/review/', '3.png', 0, 3, 6);
INSERT INTO IMG (IMG_NO, IMG_RENAME, IMG_PATH, IMG_ORIGINAL, IMG_LEVEL, IMG_TYPE, IMG_TYPE_NO)
VALUES (122, '3.png', '/resources/images/review/', '3.png', 1, 3, 6);

INSERT INTO IMG (IMG_NO, IMG_RENAME, IMG_PATH, IMG_ORIGINAL, IMG_LEVEL, IMG_TYPE, IMG_TYPE_NO)
VALUES (123, '19.jpg', '/resources/images/review/', '19.jpg', 0, 3, 7);
INSERT INTO IMG (IMG_NO, IMG_RENAME, IMG_PATH, IMG_ORIGINAL, IMG_LEVEL, IMG_TYPE, IMG_TYPE_NO)
VALUES (124, '19.jpg', '/resources/images/review/', '19.jpg', 1, 3, 7);

INSERT INTO IMG (IMG_NO, IMG_RENAME, IMG_PATH, IMG_ORIGINAL, IMG_LEVEL, IMG_TYPE, IMG_TYPE_NO)
VALUES (125, '42.png', '/resources/images/review/', '42.png', 0, 3, 8);
INSERT INTO IMG (IMG_NO, IMG_RENAME, IMG_PATH, IMG_ORIGINAL, IMG_LEVEL, IMG_TYPE, IMG_TYPE_NO)
VALUES (126, '42.png', '/resources/images/review/', '42.png', 1, 3, 8);

INSERT INTO IMG (IMG_NO, IMG_RENAME, IMG_PATH, IMG_ORIGINAL, IMG_LEVEL, IMG_TYPE, IMG_TYPE_NO)
VALUES (127, '18.jpg', '/resources/images/review/', '18.jpg', 0, 3, 9);
INSERT INTO IMG (IMG_NO, IMG_RENAME, IMG_PATH, IMG_ORIGINAL, IMG_LEVEL, IMG_TYPE, IMG_TYPE_NO)
VALUES (128, '18.jpg', '/resources/images/review/', '18.jpg', 1, 3, 9);

INSERT INTO IMG (IMG_NO, IMG_RENAME, IMG_PATH, IMG_ORIGINAL, IMG_LEVEL, IMG_TYPE, IMG_TYPE_NO)
VALUES (129, '50.jpg', '/resources/images/review/', '50.jpg', 0, 3, 10);
INSERT INTO IMG (IMG_NO, IMG_RENAME, IMG_PATH, IMG_ORIGINAL, IMG_LEVEL, IMG_TYPE, IMG_TYPE_NO)
VALUES (130, '50.jpg', '/resources/images/review/', '50.jpg', 1, 3, 10);

-- 광고 문의 이미지
INSERT INTO IMG (IMG_NO, IMG_RENAME, IMG_PATH, IMG_ORIGINAL, IMG_LEVEL, IMG_TYPE, IMG_TYPE_NO)
VALUES (131, '중간 광고img1.jpg', '/resources/images/ad-board/', '중간 광고img1.jpg', 0, 4, 9);
INSERT INTO IMG (IMG_NO, IMG_RENAME, IMG_PATH, IMG_ORIGINAL, IMG_LEVEL, IMG_TYPE, IMG_TYPE_NO)
VALUES (132, '중간 광고img1.jpg', '/resources/images/ad-board/', '중간 광고img1.jpg', 1, 4, 9);

INSERT INTO IMG (IMG_NO, IMG_RENAME, IMG_PATH, IMG_ORIGINAL, IMG_LEVEL, IMG_TYPE, IMG_TYPE_NO)
VALUES (133, '브랜드 광고img1.jpg', '/resources/images/ad-board/', '브랜드 광고img1.jpg', 0, 4, 25);
INSERT INTO IMG (IMG_NO, IMG_RENAME, IMG_PATH, IMG_ORIGINAL, IMG_LEVEL, IMG_TYPE, IMG_TYPE_NO)
VALUES (134, '브랜드 광고img1.jpg', '/resources/images/ad-board/', '브랜드 광고img1.jpg', 1, 4, 25);

-- 중간 광고 배너 이미지 INSERT
INSERT INTO IMG (IMG_NO, IMG_RENAME, IMG_PATH, IMG_ORIGINAL, IMG_LEVEL, IMG_TYPE, IMG_TYPE_NO)
VALUES (135, '브랜드 광고img1.jpg', '/resources/images/ad-mid banner/', '브랜드 광고img1.jpg', 0, 7, 1);

INSERT INTO IMG (IMG_NO, IMG_RENAME, IMG_PATH, IMG_ORIGINAL, IMG_LEVEL, IMG_TYPE, IMG_TYPE_NO)
VALUES (136, '브랜드 광고img2.jpg', '/resources/images/ad-mid banner/', '브랜드 광고img2.jpg', 0, 7, 2);

INSERT INTO IMG (IMG_NO, IMG_RENAME, IMG_PATH, IMG_ORIGINAL, IMG_LEVEL, IMG_TYPE, IMG_TYPE_NO)
VALUES (137, '브랜드 광고img3.jpg', '/resources/images/ad-mid banner/', '브랜드 광고img3.jpg', 0, 7, 3);

INSERT INTO IMG (IMG_NO, IMG_RENAME, IMG_PATH, IMG_ORIGINAL, IMG_LEVEL, IMG_TYPE, IMG_TYPE_NO)
VALUES (138, '브랜드 광고img4.gif', '/resources/images/ad-mid banner/', '브랜드 광고img4.gif', 0, 7, 4);

-- 미니 광고 배너 이미지 INSERT
INSERT INTO IMG (IMG_NO, IMG_RENAME, IMG_PATH, IMG_ORIGINAL, IMG_LEVEL, IMG_TYPE, IMG_TYPE_NO)
VALUES (139, '중간 광고img1.jpg', '/resources/images/ad-mini banner/', '중간 광고img1.jpg', 0, 8, 1);

INSERT INTO IMG (IMG_NO, IMG_RENAME, IMG_PATH, IMG_ORIGINAL, IMG_LEVEL, IMG_TYPE, IMG_TYPE_NO)
VALUES (140, '중간 광고img2.jpg', '/resources/images/ad-mini banner/', '중간 광고img2.jpg', 0, 8, 2);

INSERT INTO IMG (IMG_NO, IMG_RENAME, IMG_PATH, IMG_ORIGINAL, IMG_LEVEL, IMG_TYPE, IMG_TYPE_NO)
VALUES (141, '중간 광고img3.jpg', '/resources/images/ad-mini banner/', '중간 광고img3.jpg', 0, 8, 3);

INSERT INTO IMG (IMG_NO, IMG_RENAME, IMG_PATH, IMG_ORIGINAL, IMG_LEVEL, IMG_TYPE, IMG_TYPE_NO)
VALUES (142, '중간 광고img4.jpg', '/resources/images/ad-mini banner/', '중간 광고img4.jpg', 0, 8, 4);

INSERT INTO IMG (IMG_NO, IMG_RENAME, IMG_PATH, IMG_ORIGINAL, IMG_LEVEL, IMG_TYPE, IMG_TYPE_NO)
VALUES (143, '83.png', '/resources/images/product/', '83.png', 0, 2, 80);
INSERT INTO IMG (IMG_NO, IMG_RENAME, IMG_PATH, IMG_ORIGINAL, IMG_LEVEL, IMG_TYPE, IMG_TYPE_NO)
VALUES (144, '83.png', '/resources/images/product/', '83.png', 0, 2, 81);

INSERT INTO IMG (IMG_NO, IMG_RENAME, IMG_PATH, IMG_ORIGINAL, IMG_LEVEL, IMG_TYPE, IMG_TYPE_NO)
VALUES (145, '18.jpg', '/resources/images/product/', '18.jpg', 0, 2, 91);

INSERT INTO IMG (IMG_NO, IMG_RENAME, IMG_PATH, IMG_ORIGINAL, IMG_LEVEL, IMG_TYPE, IMG_TYPE_NO)
VALUES (146, '56.png', '/resources/images/product/', '56.png', 0, 2, 89);

INSERT INTO IMG (IMG_NO, IMG_RENAME, IMG_PATH, IMG_ORIGINAL, IMG_LEVEL, IMG_TYPE, IMG_TYPE_NO)
VALUES (147, '57.jpg', '/resources/images/product/', '57.jpg', 0, 2, 90);

INSERT INTO IMG (IMG_NO, IMG_RENAME, IMG_PATH, IMG_ORIGINAL, IMG_LEVEL, IMG_TYPE, IMG_TYPE_NO)
VALUES (148, '58.jpg', '/resources/images/product/', '58.jpg', 0, 2, 88);
INSERT INTO IMG (IMG_NO, IMG_RENAME, IMG_PATH, IMG_ORIGINAL, IMG_LEVEL, IMG_TYPE, IMG_TYPE_NO)
VALUES (149, '48.jpg', '/resources/images/product/', '48.jpg', 0, 1, 92);
INSERT INTO IMG (IMG_NO, IMG_RENAME, IMG_PATH, IMG_ORIGINAL, IMG_LEVEL, IMG_TYPE, IMG_TYPE_NO)
VALUES (150, '49.jpg', '/resources/images/product/', '49.jpg', 0, 1, 93);
INSERT INTO IMG (IMG_NO, IMG_RENAME, IMG_PATH, IMG_ORIGINAL, IMG_LEVEL, IMG_TYPE, IMG_TYPE_NO)
VALUES (151, '50.jpg', '/resources/images/product/', '50.jpg', 0, 1, 94);
INSERT INTO IMG (IMG_NO, IMG_RENAME, IMG_PATH, IMG_ORIGINAL, IMG_LEVEL, IMG_TYPE, IMG_TYPE_NO)
VALUES (152, '51.jpg', '/resources/images/product/', '51.jpg', 0, 1, 95);
INSERT INTO IMG (IMG_NO, IMG_RENAME, IMG_PATH, IMG_ORIGINAL, IMG_LEVEL, IMG_TYPE, IMG_TYPE_NO)
VALUES (153, '52.jpg', '/resources/images/product/', '52.jpg', 0, 1, 96);
INSERT INTO IMG (IMG_NO, IMG_RENAME, IMG_PATH, IMG_ORIGINAL, IMG_LEVEL, IMG_TYPE, IMG_TYPE_NO)
VALUES (154, '53.jpg', '/resources/images/product/', '53.jpg', 0, 1, 97);

INSERT INTO IMG (IMG_NO, IMG_RENAME, IMG_PATH, IMG_ORIGINAL, IMG_LEVEL, IMG_TYPE, IMG_TYPE_NO)
VALUES (155, '58.jpg', '/resources/images/product/', '58.jpg', 3, 2, 58);
INSERT INTO IMG (IMG_NO, IMG_RENAME, IMG_PATH, IMG_ORIGINAL, IMG_LEVEL, IMG_TYPE, IMG_TYPE_NO)
VALUES (156, '58.jpg', '/resources/images/product/', '58.jpg', 4, 2, 58);



ALTER SEQUENCE SEQ_MEMBER_NO RESTART START WITH 24;
ALTER SEQUENCE SEQ_BOARD_NO RESTART START WITH 170;
ALTER SEQUENCE SEQ_REVIEW_NO RESTART START WITH 13;
ALTER SEQUENCE SEQ_USAGE_NO RESTART START WITH 23;
ALTER SEQUENCE SEQ_TRANSACTION_NO RESTART START WITH 11;
ALTER SEQUENCE SEQ_REPLY_NO RESTART START WITH 39;
ALTER SEQUENCE SEQ_BOARD_TYPE_NO RESTART START WITH 14;
ALTER SEQUENCE SEQ_CATEGORY_NO RESTART START WITH 53;
ALTER SEQUENCE SEQ_PRODUCT_OPTION_NO RESTART START WITH 55;
ALTER SEQUENCE SEQ_ORDER_NO RESTART START WITH 18;
ALTER SEQUENCE SEQ_RECRUITMENT_NO RESTART START WITH 26;
ALTER SEQUENCE SEQ_IMG_NO RESTART START WITH 1;
ALTER SEQUENCE SEQ_MESSAGE_NO RESTART START WITH 13;
ALTER SEQUENCE SEQ_NOTI_ID RESTART START WITH 6;
ALTER SEQUENCE SEQ_ROOM_NO RESTART START WITH 11;
ALTER SEQUENCE SEQ_EMOJI_NO RESTART START WITH 13;
ALTER SEQUENCE SEQ_FAQ_NO RESTART START WITH 6;
ALTER SEQUENCE SEQ_REPORT_NO RESTART START WITH 25;
ALTER SEQUENCE SEQ_IMG_NO RESTART START WITH 157;

